annotator_code,sample_idx,tweet_pos,tweet_id,text,label,created_at
ff101,18,0,1475246429920800779,"@[user] 👏👏👏😂😂😂#energija...
#NisamPrijavila jer me niko nikad nije zlostavljao posto sam sama, a sebe niko ne prijavljuje...",radost,2026-03-31T07:16:26.003803+00:00
ff101,18,1,1475464657313972224,"#NisamPrijavila i ne znam da li ću ikada.
Zato što se bojim za svoj život.
Zato što sam godinama psihički zlostavljana i ne znam da li imam snage da prijavim.
Zato što je mala opština i poznaje sve policajce koji su mu i prijatelji.
Zato što me nije nikada 'jako' udario, kako  ⬇️",strah,2026-03-31T07:17:12.101656+00:00
ff101,18,2,1475199244525056006,"Zastrasujuca i porazavajuca je kolicina  #nisamprijavila tvitova. 😔

NE znaci NE, i tu nema nikakve polemike, to mora da se utuvi muskarcima u glavu od malena",tuga,2026-03-31T07:17:53.807543+00:00
ff101,18,3,1475378419517075457,"#nisamprijavila Jebem li vam svima majku koji ste svaku zenu dotakli mimo njihove volje!! Vratice se vasim cerkama,sestrama....",bes,2026-03-31T07:18:00.321487+00:00
ff101,18,4,1478124060903198733,"@[user] ali i ti se mešaš u stvari koje očigledno ne razumeš. ne podržavaš #nisamprijavila i pošto te očigledno boli kurac, samo pokazuješ time da si i ti deo problema i ovo nije prvi put da komentarišeš nešto ovako. ako ne razumeš o čemu pričaš, nemoj se ni mešati.",bes,2026-03-31T07:18:11.501013+00:00
ff101,18,5,1475149478285905920,"Iskreno citam #nisamprijavila i mogu vam reći Moje ♥️ JE sa Vama. Ja ne mogu da verujem kolilo tih slucajeva postoji i ko sve živi u nasoj blizini.

Drzite se.",poverenje,2026-03-31T07:18:21.549106+00:00
ff101,18,6,1476929713465667586,"Taj pakao ne može da se prekine, samo se produbljuje i nema kraja.

Neću da ti dam da vodiš dete nigde, ubiću te… Osećaj krivice… Možda stvarno završi kao neka od žena… 

#Nisamprijavila jer dolaziće policija, porodicu svi znaju…

I da, #samesmo",tuga,2026-03-31T07:18:43.344334+00:00
ff101,18,7,1475093978076917768,"#NisamPrijavila jer smo bili u vezi i ""voleli se"", a i zato što to nisam tada razumela..Pa šta ako smo se posvađali toliko da je njemu bilo ok da mi stavi ruke oko vrata da me davi? Pa šta ako smo se tukli u hodniku zgrade? Pa šta ako niko nije otvorio vrata i pozvao policiju?",iščekivanje,2026-03-31T07:18:58.427827+00:00
ff101,18,8,1475078474268389377,"što pre došlo do reforme istog, u kom su institicijalizovana mizoginija i princip ""slika, ili se nije desilo"" i te kako prisutni. ovim putem želim istovremeno da pružim ogromnu podršku za hrabrost svim #nisamprijavila i #nisisama žrtvama! zajedno smo u ovome! &lt;3",poverenje,2026-03-31T07:19:32.575503+00:00
ff101,18,9,1475048580058693637,"#nisamprijavila .... roman veka, pisan od strane žena koje srećemo, poznajemo, rod su nam, roman namenjen nama, muškarcima. Njima veeeliko ♥️, nama jak stomak i preispitivanje, iskreno.",poverenje,2026-03-31T07:19:43.834086+00:00
ff101,18,10,1475547952278028291,@[user] @[user] Evo ti hashtag #NisamPrijavila. Što čekaš. Reagiraj. Bori se.,Ne mogu da razumem,2026-03-31T07:19:55.037116+00:00
ff101,18,11,1475179009910747136,"Pročitao 20-ak priča #NisamPrijavila i došao do jednostavnog zaključka živimo u društvu jebenih manijaka. Komšije i rođaci pedofili, muževi i momci posesivni ludaci, gomila uticajnih i uglađenih muškaraca su zapravo teško dno.",gađenje,2026-03-31T07:20:06.677613+00:00
ff101,18,12,1475447123437146117,#nisamprijavila jer se u podrumu nalazi ta osoba privezana za stolcu i moli boga svaki dan da ga pustim. Ja kao balerina plešem okolo njega i udarim da magičnim štapićem i kažem “ne danas”!!,bes,2026-03-31T07:20:29.824723+00:00
ff101,18,13,1475365621261115394,"Kako ovakve situacije #NisamPrijavila uvek izbace na povrsinu pravi talog i one skivene bolesnike, ogole ih sami se jave kao najveci sljam. Tuga je jos veca jer je mnogo zena medju njima",gađenje,2026-03-31T07:20:49.15802+00:00
ff101,18,14,1475414698283700225,@[user] Samo se ti zajebavaj posle ce da bude #nisamprijavila a muz ti brani😂😂,Ne mogu da razumem,2026-03-31T07:21:02.690086+00:00
ff101,18,15,1475935248328413195,"Razumijem sve razloge onih koje kazu #NisamPrijavila, ali #ProcjenaRizika je upozoravajuca.. 
Zene ubijaju, zar ne ?!",iščekivanje,2026-03-31T07:21:25.598811+00:00
ff101,18,16,1475724041386401794,Srecna sam sto nemam licno iskustvo na temu #NisamPrijavila. Ne znam da li me vise plase podeljena iskustva ili komentari manijaka.,strah,2026-03-31T07:21:35.901653+00:00
ff101,18,17,1476241765032251393,"@[user] Ето зашто #NisamPrijavila !!!
Ужас је блага реч.",Ne mogu da razumem,2026-03-31T07:21:42.659725+00:00
ff101,18,18,1475419654587879424,"Je li se ijedan jedini akter političkog života u CG uključio u dijalog oko #NisamPrijavila, ili se javljaju samo kad im je oportunitetno? Institucije ne moram ni da pominjem.",iščekivanje,2026-03-31T07:21:51.27908+00:00
ff101,18,19,1475169479030185985,"Vuline, liberalizuj zakon o oružju kako si najavljivao! 

Kad bude pištolj u ženskoj torbici većina tih ""junaka"" će se zavući pod kamen ispod koga su izmilili... #NisamPrijavila",iščekivanje,2026-03-31T07:22:06.821809+00:00
ff101,18,20,1475496835980668931,"@[user] Izmišljaju priče zarad popularnosti
#nisamprijavila",gađenje,2026-03-31T07:22:13.651627+00:00
ff101,18,21,1475144619256164357,"meni i ženama i devojkama iz mog okruženja se desilo minimum 100 puta otkad znam za sebe da nas neko uznemirava, jedina je sreća pa sam uvek spremna da se pobijem do krvi sa idiotima i napravim incident i pustite priču nisu svi isti pravda za muškarce bla bla #NisamPrijavila",bes,2026-03-31T07:22:28.220985+00:00
ff101,18,22,1475298523721928704,"Hvala svim predivnim zenama koje su podelile svoju pricu sa nama. Hvala i onim drugim zenama i muskarcima na konstruktivnim savetima. Hvala na razumevanju i spremnosti da nas cujete.
#NisamPrijavila
#nisisama",radost,2026-03-31T07:22:34.478787+00:00
ff101,18,23,1475090852515127305,"prijavila sam, ali sam poželela da #NisamPrijavila jer me je policajac/detektiv odveo na poligraf sa rečenicom ""znaš, devojčice često lažu o silovanju. žele, pa zažale i ih bude sramota pa kažu da su bile silovane.""",gađenje,2026-03-31T07:22:49.661533+00:00
ff101,18,24,1475067001139781635,"#NisamPrijavila Jer nije bilo modrica. Jer je bio omiljen,uspešan,harizmatican,jer mi niko nije verovao. Jer sam posle godinu i po dana njegovog ponavljanja i sama poverovala da sam glupa,nesposobna,nedovoljna,i da je za mene samo kuhinja. 👇",iznenađenje,2026-03-31T07:23:01.650981+00:00
ff101,18,25,1475026030830276609,"kad su mi se dešavale te #NisamPrijavila priče, nije mi na pamet padalo da je to kažnjivo, nego sam mislila da to tako funkcioniše, delovalo je da pretpostavljeni ima pravo na takvo ponašanje, a ja mogu da neću, i onda dobijem otkaz a niko me fizički nije ugrozio, sve ok.",iznenađenje,2026-03-31T07:23:27.517016+00:00
ff101,18,26,1475252350164123651,"#NisamPrijavila Jesam, prijavila sam, uzeli su zapisnik i rekli “pozvaćmo ga na informativni razgovor ali od ovoga nema ništa”. Njihov kolega koji je bio svedok rekao je da ništa nije video 🤷🏻‍♀️",iščekivanje,2026-03-31T07:23:36.331778+00:00
ff101,18,27,1475034322356867073,"#NisamPrijavila boli svaka vasa rec napisana. Izvinite za svaki put kad vas nismo razumeli, zastitili, saslusali... Molim vas nastavite da govorite!",tuga,2026-03-31T07:23:43.568453+00:00
ff101,18,28,1476235783677923329,"Док се неки питају зашто баш сада кампања #nisamprijavila у Сомбору је убијена цела једна породица и то од руке ""главе породице"" - насилника који је пре 5 дана изашао из затвора и имао забрану приласка.",Emocionalno neutralno,2026-03-31T07:23:58.316816+00:00
ff101,18,29,1475513119833305092,"Tag #NisamPrijavila je možda najvažniji tag koji se pojavio u virtuelnom i realnom prostoru. Činjenica je da pol ne određuje karakter i da su generalizacije bolne. Ali, nešto sa našim muškim svetom debelo nije u redu. Vi, dragi i normalni muškarci, nemojte se osetiti prozvanim.",Emocionalno neutralno,2026-03-31T07:24:10.267628+00:00
ff101,18,30,1475359978089287680,"Ko ne moreš verjet, kakšne pošasti se skrivajo okrog nas, si prebereš nekaj zapisov pod #NisamPrijavila in ti je lahko slabo.",Ne mogu da razumem,2026-03-31T07:24:25.1708+00:00
ff101,18,31,1475389741302489088,"#Nisamprijavila ...
Čitam i ne mogu da se ne gadim muškog roda.
Da se razumijemo, đubre sam na mnogo načina, ali zlostavljati ženu ili dijete do traume za života!??
I ne umijem pojmiti drugačiju kaznu do otkidanja glave skotu...",iznenađenje,2026-03-31T07:24:33.71705+00:00
ff101,18,32,1475174419979018246,"Ja nikad neću skupiti hrabrost da detaljno napišem #NisamPrijavila tvit, a svima vama koji jeste, svaka čast.",radost,2026-03-31T07:24:40.490265+00:00
ff101,18,33,1475337793421422592,Nocas je bilo tesko i potresno slusati spejs #NisamPrijavila sve pohvale za hrabrobrost svim zenama i devojkama koje su se ukljucivale i iznosile uzasne potresne traume koje su dozivele. Trebalo bi nastaviti sa pritiskom na celokupnu javnost da se takve stvari vise ne dese nikome,iščekivanje,2026-03-31T07:24:53.21752+00:00
ff101,18,34,1475574104023605248,"#nisamprijavila jer kako posle svega da pogledam svojoj majci u oči i da ih vidim pune suza. Dovoljne su bile jedne, moje.",tuga,2026-03-31T07:25:01.997756+00:00
ff101,18,35,1475041433925128193,"#NisamPrijavila ni posle treceg puta kada me je gusio sve dok nisam bila na ivici onesvescivanja. Tome su prethodile moje reci da odlazim. 
Niko nije znao. Nikome ne mozete ni da objasnite zasto niste rekli. 
Zato sto je svest pomucena, rasudjivanje zaliveno suzama.",tuga,2026-03-31T07:25:16.288417+00:00
ff101,18,36,1475077038268723204,"Pratite tag #NisamPrijavila i podržite žene koje su se osnažile da pišu o svojim iskustvima i prekinu relativizaciju nasilja ❤
Svaka priča je važna 💫",poverenje,2026-03-31T07:25:24.178505+00:00
ff101,18,37,1475745779147055104,"#NisamPrijavila Kada kao u Grčkoj ćerke budu dobijale na dar stan od svojih roditelja kada se udaju, onda će i kod nas biti lakše otići i ne morati trpeti.(nadam se da je još uvek tamo takav običaj)",iščekivanje,2026-03-31T07:25:41.982826+00:00
ff101,18,38,1475895777176260610,"#NisamPrijavila jer sam se plašila, pretili su mi da moram da ćutim. Plašila sam se njih, plašila sam se roditelja da ne saznaju, plašila sam se osude. Zapravo nisam ni znala šta mi se desilo, jer sam imala samo 12... Kako sam rasla, počela sam da shvatam težinu dela",strah,2026-03-31T07:25:53.821254+00:00
ff101,18,39,1475083385664061446,"Го читам хаштагов #nisamprijavila и единствено што знам е дека мора на децата да им влееме доволно доверба и да им пружиме доволно љубов и поддршка да знаат дека секогаш ама СЕКОГАШ ќе имаат некој кој ќе ги сослуша и ќе ги заштити, без разлика дали имале 15, 25 или 35 години.",Ne mogu da razumem,2026-03-31T07:26:05.160357+00:00
ff101,18,40,1475270273855373316,"Ja ceo dan čitam tvitove sa #nisamprijavila i uopste se ne pronalazim dok ne shvatih da sam potisnula u mali mozak da su šamar i vučenje za kosu na sred trga u gradu (naočigled svih ljudi iz obližnjeg fast food-a) nasilje.
Nazivajte stvari pravim imenima.
Hvala za hešteg.",iznenađenje,2026-03-31T07:26:24.767505+00:00
ff101,18,41,1475434928833765377,"#NisamPrijavila jer sam imala 5 godina i jer sam mislila da sam ja kriva što sam pristala da skinem odeću i sednem starijem dečku u krilo, jer me je nagovorio, a šta sam znala sa 5 godina. Sem to da sam istraumirana godinama posle od tog događaja.",gađenje,2026-03-31T07:26:52.201081+00:00
ff101,18,42,1475041872175378435,#Nisamprijavila Prijavljujte sve! Svaki dan ih prijavljujte!,bes,2026-03-31T07:26:56.995662+00:00
ff101,18,43,1475519523226898433,"@[user] Tragedija, tisuće teških priznanja i skupljenih hrabrosti objavljivanja svoje intime na #nisamprijavila. I onda ekipa dodje i kmeči bezbrojnim postovima na sav glas o tragediji generalizacije prema muškom rodu, i to zbog par priglupih komentara u moru objava.
#attentionwhores",gađenje,2026-03-31T07:27:15.78375+00:00
ff101,18,44,1480306212893863940,#NisamPrijavila momenat me je toliko potresao da sam počela da sanjam neke svoje verzije inspirisane svim tim priznanjima žena.,tuga,2026-03-31T07:27:31.309994+00:00
ff101,18,45,1475516461011644420,#NisamPrijavila jer državne/javne institucije ne daju sigurnost ženama i zato što te iste osobe gledaju žene kao da su zaslužile to što si im se desilo i teraju te da proživljavaš traumu iznova i iznova. Žena je uvek kriva što je nasilje izvršeno nad njom. I javno te obeleže.,bes,2026-03-31T07:27:41.663791+00:00
ff101,18,46,1475611319353098244,препричана искуства из #NisamPrijavila су само показатељ колико нам је друштво на јако лошем месту. Подршка свакој жени❤️,tuga,2026-03-31T07:27:47.136835+00:00
ff101,18,47,1475069954739347458,#Nisamtrazila #Nisamprijavila full suport!,poverenje,2026-03-31T07:27:52.118095+00:00
ff101,18,48,1475337988439781384,"#NisamPrijavila jer sam imala 5 godina, jer nisam rekla nikom i nisam znala sta mi je ciniti i jer me je bilo sramota i jer mi je 19 godina trebalo da progovorim o tome sa vrlo bliskim krugom ljudi. I jer je sada verovatno kasno za #PrijavilaSam Eto...",gađenje,2026-03-31T07:28:05.143103+00:00
ff101,18,49,1475108760137969668,"#NisamPrijavila jer od šoka organizam stvori različite mehanizme odbrane. Derealizaciju, paralisanost od stresa, poricanje, pa čak i gubitak sećanja o događaju. Godine su nekad potrebne da mozak rekonstruiše sve i da dođeš do tog mirnog stanja da kažeš: desilo se.",iznenađenje,2026-03-31T07:28:18.718948+00:00
ff102,18,0,1475246429920800779,"@[user] 👏👏👏😂😂😂#energija...
#NisamPrijavila jer me niko nikad nije zlostavljao posto sam sama, a sebe niko ne prijavljuje...",Emocionalno neutralno,2026-03-31T07:16:49.200921+00:00
ff102,18,1,1475464657313972224,"#NisamPrijavila i ne znam da li ću ikada.
Zato što se bojim za svoj život.
Zato što sam godinama psihički zlostavljana i ne znam da li imam snage da prijavim.
Zato što je mala opština i poznaje sve policajce koji su mu i prijatelji.
Zato što me nije nikada 'jako' udario, kako  ⬇️",strah,2026-03-31T07:17:07.361432+00:00
ff102,18,2,1475199244525056006,"Zastrasujuca i porazavajuca je kolicina  #nisamprijavila tvitova. 😔

NE znaci NE, i tu nema nikakve polemike, to mora da se utuvi muskarcima u glavu od malena",bes,2026-03-31T07:17:18.629015+00:00
ff102,18,3,1475378419517075457,"#nisamprijavila Jebem li vam svima majku koji ste svaku zenu dotakli mimo njihove volje!! Vratice se vasim cerkama,sestrama....",bes,2026-03-31T07:17:27.354007+00:00
ff102,18,4,1478124060903198733,"@[user] ali i ti se mešaš u stvari koje očigledno ne razumeš. ne podržavaš #nisamprijavila i pošto te očigledno boli kurac, samo pokazuješ time da si i ti deo problema i ovo nije prvi put da komentarišeš nešto ovako. ako ne razumeš o čemu pričaš, nemoj se ni mešati.",bes,2026-03-31T07:17:47.141549+00:00
ff102,18,5,1475149478285905920,"Iskreno citam #nisamprijavila i mogu vam reći Moje ♥️ JE sa Vama. Ja ne mogu da verujem kolilo tih slucajeva postoji i ko sve živi u nasoj blizini.

Drzite se.",Emocionalno neutralno,2026-03-31T07:18:00.776085+00:00
ff102,18,6,1476929713465667586,"Taj pakao ne može da se prekine, samo se produbljuje i nema kraja.

Neću da ti dam da vodiš dete nigde, ubiću te… Osećaj krivice… Možda stvarno završi kao neka od žena… 

#Nisamprijavila jer dolaziće policija, porodicu svi znaju…

I da, #samesmo",strah,2026-03-31T07:18:21.105094+00:00
ff102,18,7,1475093978076917768,"#NisamPrijavila jer smo bili u vezi i ""voleli se"", a i zato što to nisam tada razumela..Pa šta ako smo se posvađali toliko da je njemu bilo ok da mi stavi ruke oko vrata da me davi? Pa šta ako smo se tukli u hodniku zgrade? Pa šta ako niko nije otvorio vrata i pozvao policiju?",Emocionalno neutralno,2026-03-31T07:18:32.597194+00:00
ff102,18,8,1475078474268389377,"što pre došlo do reforme istog, u kom su institicijalizovana mizoginija i princip ""slika, ili se nije desilo"" i te kako prisutni. ovim putem želim istovremeno da pružim ogromnu podršku za hrabrost svim #nisamprijavila i #nisisama žrtvama! zajedno smo u ovome! &lt;3",Emocionalno neutralno,2026-03-31T07:18:52.489935+00:00
ff102,18,9,1475048580058693637,"#nisamprijavila .... roman veka, pisan od strane žena koje srećemo, poznajemo, rod su nam, roman namenjen nama, muškarcima. Njima veeeliko ♥️, nama jak stomak i preispitivanje, iskreno.",Emocionalno neutralno,2026-03-31T07:19:00.859115+00:00
ff102,18,10,1475547952278028291,@[user] @[user] Evo ti hashtag #NisamPrijavila. Što čekaš. Reagiraj. Bori se.,Emocionalno neutralno,2026-03-31T07:19:14.973802+00:00
ff102,18,11,1475179009910747136,"Pročitao 20-ak priča #NisamPrijavila i došao do jednostavnog zaključka živimo u društvu jebenih manijaka. Komšije i rođaci pedofili, muževi i momci posesivni ludaci, gomila uticajnih i uglađenih muškaraca su zapravo teško dno.",gađenje,2026-03-31T07:19:26.734199+00:00
ff102,18,12,1475447123437146117,#nisamprijavila jer se u podrumu nalazi ta osoba privezana za stolcu i moli boga svaki dan da ga pustim. Ja kao balerina plešem okolo njega i udarim da magičnim štapićem i kažem “ne danas”!!,Emocionalno neutralno,2026-03-31T07:19:42.162758+00:00
ff102,18,13,1475365621261115394,"Kako ovakve situacije #NisamPrijavila uvek izbace na povrsinu pravi talog i one skivene bolesnike, ogole ih sami se jave kao najveci sljam. Tuga je jos veca jer je mnogo zena medju njima",tuga,2026-03-31T07:19:49.459597+00:00
ff102,18,14,1475414698283700225,@[user] Samo se ti zajebavaj posle ce da bude #nisamprijavila a muz ti brani😂😂,Emocionalno neutralno,2026-03-31T07:19:58.441907+00:00
ff102,18,15,1475935248328413195,"Razumijem sve razloge onih koje kazu #NisamPrijavila, ali #ProcjenaRizika je upozoravajuca.. 
Zene ubijaju, zar ne ?!",Emocionalno neutralno,2026-03-31T07:20:09.493597+00:00
ff102,18,16,1475724041386401794,Srecna sam sto nemam licno iskustvo na temu #NisamPrijavila. Ne znam da li me vise plase podeljena iskustva ili komentari manijaka.,strah,2026-03-31T07:20:20.316876+00:00
ff102,18,17,1476241765032251393,"@[user] Ето зашто #NisamPrijavila !!!
Ужас је блага реч.",gađenje,2026-03-31T07:20:26.544639+00:00
ff102,18,18,1475419654587879424,"Je li se ijedan jedini akter političkog života u CG uključio u dijalog oko #NisamPrijavila, ili se javljaju samo kad im je oportunitetno? Institucije ne moram ni da pominjem.",gađenje,2026-03-31T07:20:39.294298+00:00
ff102,18,19,1475169479030185985,"Vuline, liberalizuj zakon o oružju kako si najavljivao! 

Kad bude pištolj u ženskoj torbici većina tih ""junaka"" će se zavući pod kamen ispod koga su izmilili... #NisamPrijavila",iščekivanje,2026-03-31T07:20:50.272857+00:00
ff102,18,20,1475496835980668931,"@[user] Izmišljaju priče zarad popularnosti
#nisamprijavila",Emocionalno neutralno,2026-03-31T07:20:58.125573+00:00
ff102,18,21,1475144619256164357,"meni i ženama i devojkama iz mog okruženja se desilo minimum 100 puta otkad znam za sebe da nas neko uznemirava, jedina je sreća pa sam uvek spremna da se pobijem do krvi sa idiotima i napravim incident i pustite priču nisu svi isti pravda za muškarce bla bla #NisamPrijavila",bes,2026-03-31T07:21:09.597579+00:00
ff102,18,22,1475298523721928704,"Hvala svim predivnim zenama koje su podelile svoju pricu sa nama. Hvala i onim drugim zenama i muskarcima na konstruktivnim savetima. Hvala na razumevanju i spremnosti da nas cujete.
#NisamPrijavila
#nisisama",poverenje,2026-03-31T07:21:22.550531+00:00
ff102,18,23,1475090852515127305,"prijavila sam, ali sam poželela da #NisamPrijavila jer me je policajac/detektiv odveo na poligraf sa rečenicom ""znaš, devojčice često lažu o silovanju. žele, pa zažale i ih bude sramota pa kažu da su bile silovane.""",gađenje,2026-03-31T07:21:33.643568+00:00
ff102,18,24,1475067001139781635,"#NisamPrijavila Jer nije bilo modrica. Jer je bio omiljen,uspešan,harizmatican,jer mi niko nije verovao. Jer sam posle godinu i po dana njegovog ponavljanja i sama poverovala da sam glupa,nesposobna,nedovoljna,i da je za mene samo kuhinja. 👇",Emocionalno neutralno,2026-03-31T07:21:50.811285+00:00
ff102,18,25,1475026030830276609,"kad su mi se dešavale te #NisamPrijavila priče, nije mi na pamet padalo da je to kažnjivo, nego sam mislila da to tako funkcioniše, delovalo je da pretpostavljeni ima pravo na takvo ponašanje, a ja mogu da neću, i onda dobijem otkaz a niko me fizički nije ugrozio, sve ok.",iznenađenje,2026-03-31T07:22:06.277944+00:00
ff102,18,26,1475252350164123651,"#NisamPrijavila Jesam, prijavila sam, uzeli su zapisnik i rekli “pozvaćmo ga na informativni razgovor ali od ovoga nema ništa”. Njihov kolega koji je bio svedok rekao je da ništa nije video 🤷🏻‍♀️",Emocionalno neutralno,2026-03-31T07:22:17.893156+00:00
ff102,18,27,1475034322356867073,"#NisamPrijavila boli svaka vasa rec napisana. Izvinite za svaki put kad vas nismo razumeli, zastitili, saslusali... Molim vas nastavite da govorite!",tuga,2026-03-31T07:22:23.606613+00:00
ff102,18,28,1476235783677923329,"Док се неки питају зашто баш сада кампања #nisamprijavila у Сомбору је убијена цела једна породица и то од руке ""главе породице"" - насилника који је пре 5 дана изашао из затвора и имао забрану приласка.",bes,2026-03-31T07:22:34.090285+00:00
ff102,18,29,1475513119833305092,"Tag #NisamPrijavila je možda najvažniji tag koji se pojavio u virtuelnom i realnom prostoru. Činjenica je da pol ne određuje karakter i da su generalizacije bolne. Ali, nešto sa našim muškim svetom debelo nije u redu. Vi, dragi i normalni muškarci, nemojte se osetiti prozvanim.",gađenje,2026-03-31T07:22:49.059622+00:00
ff102,18,30,1475359978089287680,"Ko ne moreš verjet, kakšne pošasti se skrivajo okrog nas, si prebereš nekaj zapisov pod #NisamPrijavila in ti je lahko slabo.",iznenađenje,2026-03-31T07:23:00.424832+00:00
ff102,18,31,1475389741302489088,"#Nisamprijavila ...
Čitam i ne mogu da se ne gadim muškog roda.
Da se razumijemo, đubre sam na mnogo načina, ali zlostavljati ženu ili dijete do traume za života!??
I ne umijem pojmiti drugačiju kaznu do otkidanja glave skotu...",gađenje,2026-03-31T07:23:20.710052+00:00
ff102,18,32,1475174419979018246,"Ja nikad neću skupiti hrabrost da detaljno napišem #NisamPrijavila tvit, a svima vama koji jeste, svaka čast.",strah,2026-03-31T07:23:26.178678+00:00
ff102,18,33,1475337793421422592,Nocas je bilo tesko i potresno slusati spejs #NisamPrijavila sve pohvale za hrabrobrost svim zenama i devojkama koje su se ukljucivale i iznosile uzasne potresne traume koje su dozivele. Trebalo bi nastaviti sa pritiskom na celokupnu javnost da se takve stvari vise ne dese nikome,tuga,2026-03-31T07:23:47.460592+00:00
ff102,18,34,1475574104023605248,"#nisamprijavila jer kako posle svega da pogledam svojoj majci u oči i da ih vidim pune suza. Dovoljne su bile jedne, moje.",tuga,2026-03-31T07:23:55.394216+00:00
ff102,18,35,1475041433925128193,"#NisamPrijavila ni posle treceg puta kada me je gusio sve dok nisam bila na ivici onesvescivanja. Tome su prethodile moje reci da odlazim. 
Niko nije znao. Nikome ne mozete ni da objasnite zasto niste rekli. 
Zato sto je svest pomucena, rasudjivanje zaliveno suzama.",Emocionalno neutralno,2026-03-31T07:24:09.458216+00:00
ff102,18,36,1475077038268723204,"Pratite tag #NisamPrijavila i podržite žene koje su se osnažile da pišu o svojim iskustvima i prekinu relativizaciju nasilja ❤
Svaka priča je važna 💫",Emocionalno neutralno,2026-03-31T07:24:22.379442+00:00
ff102,18,37,1475745779147055104,"#NisamPrijavila Kada kao u Grčkoj ćerke budu dobijale na dar stan od svojih roditelja kada se udaju, onda će i kod nas biti lakše otići i ne morati trpeti.(nadam se da je još uvek tamo takav običaj)",iščekivanje,2026-03-31T07:24:38.963362+00:00
ff102,18,38,1475895777176260610,"#NisamPrijavila jer sam se plašila, pretili su mi da moram da ćutim. Plašila sam se njih, plašila sam se roditelja da ne saznaju, plašila sam se osude. Zapravo nisam ni znala šta mi se desilo, jer sam imala samo 12... Kako sam rasla, počela sam da shvatam težinu dela",strah,2026-03-31T07:24:51.405403+00:00
ff102,18,39,1475083385664061446,"Го читам хаштагов #nisamprijavila и единствено што знам е дека мора на децата да им влееме доволно доверба и да им пружиме доволно љубов и поддршка да знаат дека секогаш ама СЕКОГАШ ќе имаат некој кој ќе ги сослуша и ќе ги заштити, без разлика дали имале 15, 25 или 35 години.",Emocionalno neutralno,2026-03-31T07:25:11.395769+00:00
ff102,18,40,1475270273855373316,"Ja ceo dan čitam tvitove sa #nisamprijavila i uopste se ne pronalazim dok ne shvatih da sam potisnula u mali mozak da su šamar i vučenje za kosu na sred trga u gradu (naočigled svih ljudi iz obližnjeg fast food-a) nasilje.
Nazivajte stvari pravim imenima.
Hvala za hešteg.",Emocionalno neutralno,2026-03-31T07:25:24.938641+00:00
ff102,18,41,1475434928833765377,"#NisamPrijavila jer sam imala 5 godina i jer sam mislila da sam ja kriva što sam pristala da skinem odeću i sednem starijem dečku u krilo, jer me je nagovorio, a šta sam znala sa 5 godina. Sem to da sam istraumirana godinama posle od tog događaja.",strah,2026-03-31T07:25:40.373978+00:00
ff102,18,42,1475041872175378435,#Nisamprijavila Prijavljujte sve! Svaki dan ih prijavljujte!,Emocionalno neutralno,2026-03-31T07:25:46.926435+00:00
ff102,18,43,1475519523226898433,"@[user] Tragedija, tisuće teških priznanja i skupljenih hrabrosti objavljivanja svoje intime na #nisamprijavila. I onda ekipa dodje i kmeči bezbrojnim postovima na sav glas o tragediji generalizacije prema muškom rodu, i to zbog par priglupih komentara u moru objava.
#attentionwhores",gađenje,2026-03-31T07:26:03.923723+00:00
ff102,18,44,1480306212893863940,#NisamPrijavila momenat me je toliko potresao da sam počela da sanjam neke svoje verzije inspirisane svim tim priznanjima žena.,tuga,2026-03-31T07:26:11.279582+00:00
ff102,18,45,1475516461011644420,#NisamPrijavila jer državne/javne institucije ne daju sigurnost ženama i zato što te iste osobe gledaju žene kao da su zaslužile to što si im se desilo i teraju te da proživljavaš traumu iznova i iznova. Žena je uvek kriva što je nasilje izvršeno nad njom. I javno te obeleže.,Emocionalno neutralno,2026-03-31T07:26:23.367413+00:00
ff102,18,46,1475611319353098244,препричана искуства из #NisamPrijavila су само показатељ колико нам је друштво на јако лошем месту. Подршка свакој жени❤️,tuga,2026-03-31T07:26:28.890702+00:00
ff102,18,47,1475069954739347458,#Nisamtrazila #Nisamprijavila full suport!,Emocionalno neutralno,2026-03-31T07:26:32.546317+00:00
ff102,18,48,1475337988439781384,"#NisamPrijavila jer sam imala 5 godina, jer nisam rekla nikom i nisam znala sta mi je ciniti i jer me je bilo sramota i jer mi je 19 godina trebalo da progovorim o tome sa vrlo bliskim krugom ljudi. I jer je sada verovatno kasno za #PrijavilaSam Eto...",Emocionalno neutralno,2026-03-31T07:26:48.331705+00:00
ff102,18,49,1475108760137969668,"#NisamPrijavila jer od šoka organizam stvori različite mehanizme odbrane. Derealizaciju, paralisanost od stresa, poricanje, pa čak i gubitak sećanja o događaju. Godine su nekad potrebne da mozak rekonstruiše sve i da dođeš do tog mirnog stanja da kažeš: desilo se.",Emocionalno neutralno,2026-03-31T07:27:01.531172+00:00
ff103,18,0,1475246429920800779,"@[user] 👏👏👏😂😂😂#energija...
#NisamPrijavila jer me niko nikad nije zlostavljao posto sam sama, a sebe niko ne prijavljuje...",Emocionalno neutralno,2026-03-31T07:16:20.867051+00:00
ff103,18,1,1475464657313972224,"#NisamPrijavila i ne znam da li ću ikada.
Zato što se bojim za svoj život.
Zato što sam godinama psihički zlostavljana i ne znam da li imam snage da prijavim.
Zato što je mala opština i poznaje sve policajce koji su mu i prijatelji.
Zato što me nije nikada 'jako' udario, kako  ⬇️",strah,2026-03-31T07:17:11.382823+00:00
ff103,18,2,1475199244525056006,"Zastrasujuca i porazavajuca je kolicina  #nisamprijavila tvitova. 😔

NE znaci NE, i tu nema nikakve polemike, to mora da se utuvi muskarcima u glavu od malena",strah,2026-03-31T07:17:13.521011+00:00
ff103,18,3,1475378419517075457,"#nisamprijavila Jebem li vam svima majku koji ste svaku zenu dotakli mimo njihove volje!! Vratice se vasim cerkama,sestrama....",radost,2026-03-31T07:17:31.942994+00:00
ff103,18,4,1478124060903198733,"@[user] ali i ti se mešaš u stvari koje očigledno ne razumeš. ne podržavaš #nisamprijavila i pošto te očigledno boli kurac, samo pokazuješ time da si i ti deo problema i ovo nije prvi put da komentarišeš nešto ovako. ako ne razumeš o čemu pričaš, nemoj se ni mešati.",bes,2026-03-31T07:17:50.711501+00:00
ff103,18,5,1475149478285905920,"Iskreno citam #nisamprijavila i mogu vam reći Moje ♥️ JE sa Vama. Ja ne mogu da verujem kolilo tih slucajeva postoji i ko sve živi u nasoj blizini.

Drzite se.",poverenje,2026-03-31T07:18:02.196633+00:00
ff103,18,6,1476929713465667586,"Taj pakao ne može da se prekine, samo se produbljuje i nema kraja.

Neću da ti dam da vodiš dete nigde, ubiću te… Osećaj krivice… Možda stvarno završi kao neka od žena… 

#Nisamprijavila jer dolaziće policija, porodicu svi znaju…

I da, #samesmo",bes,2026-03-31T07:18:23.20603+00:00
ff103,18,7,1475093978076917768,"#NisamPrijavila jer smo bili u vezi i ""voleli se"", a i zato što to nisam tada razumela..Pa šta ako smo se posvađali toliko da je njemu bilo ok da mi stavi ruke oko vrata da me davi? Pa šta ako smo se tukli u hodniku zgrade? Pa šta ako niko nije otvorio vrata i pozvao policiju?",tuga,2026-03-31T07:18:42.376046+00:00
ff103,18,8,1475078474268389377,"što pre došlo do reforme istog, u kom su institicijalizovana mizoginija i princip ""slika, ili se nije desilo"" i te kako prisutni. ovim putem želim istovremeno da pružim ogromnu podršku za hrabrost svim #nisamprijavila i #nisisama žrtvama! zajedno smo u ovome! &lt;3",poverenje,2026-03-31T07:18:58.404927+00:00
ff103,18,9,1475048580058693637,"#nisamprijavila .... roman veka, pisan od strane žena koje srećemo, poznajemo, rod su nam, roman namenjen nama, muškarcima. Njima veeeliko ♥️, nama jak stomak i preispitivanje, iskreno.",radost,2026-03-31T07:19:12.353095+00:00
ff103,18,10,1475547952278028291,@[user] @[user] Evo ti hashtag #NisamPrijavila. Što čekaš. Reagiraj. Bori se.,iščekivanje,2026-03-31T07:19:22.594427+00:00
ff103,18,11,1475179009910747136,"Pročitao 20-ak priča #NisamPrijavila i došao do jednostavnog zaključka živimo u društvu jebenih manijaka. Komšije i rođaci pedofili, muževi i momci posesivni ludaci, gomila uticajnih i uglađenih muškaraca su zapravo teško dno.",gađenje,2026-03-31T07:19:57.220191+00:00
ff103,18,12,1475447123437146117,#nisamprijavila jer se u podrumu nalazi ta osoba privezana za stolcu i moli boga svaki dan da ga pustim. Ja kao balerina plešem okolo njega i udarim da magičnim štapićem i kažem “ne danas”!!,bes,2026-03-31T07:20:13.105126+00:00
ff103,18,13,1475365621261115394,"Kako ovakve situacije #NisamPrijavila uvek izbace na povrsinu pravi talog i one skivene bolesnike, ogole ih sami se jave kao najveci sljam. Tuga je jos veca jer je mnogo zena medju njima",gađenje,2026-03-31T07:20:29.296643+00:00
ff103,18,14,1475414698283700225,@[user] Samo se ti zajebavaj posle ce da bude #nisamprijavila a muz ti brani😂😂,tuga,2026-03-31T07:20:38.93343+00:00
ff103,18,15,1475935248328413195,"Razumijem sve razloge onih koje kazu #NisamPrijavila, ali #ProcjenaRizika je upozoravajuca.. 
Zene ubijaju, zar ne ?!",tuga,2026-03-31T07:20:57.122608+00:00
ff103,18,16,1475724041386401794,Srecna sam sto nemam licno iskustvo na temu #NisamPrijavila. Ne znam da li me vise plase podeljena iskustva ili komentari manijaka.,iznenađenje,2026-03-31T07:21:05.588659+00:00
ff103,18,17,1476241765032251393,"@[user] Ето зашто #NisamPrijavila !!!
Ужас је блага реч.",bes,2026-03-31T07:21:15.072943+00:00
ff103,18,18,1475419654587879424,"Je li se ijedan jedini akter političkog života u CG uključio u dijalog oko #NisamPrijavila, ili se javljaju samo kad im je oportunitetno? Institucije ne moram ni da pominjem.",gađenje,2026-03-31T07:21:32.370266+00:00
ff103,18,19,1475169479030185985,"Vuline, liberalizuj zakon o oružju kako si najavljivao! 

Kad bude pištolj u ženskoj torbici većina tih ""junaka"" će se zavući pod kamen ispod koga su izmilili... #NisamPrijavila",iznenađenje,2026-03-31T07:21:48.775872+00:00
ff103,18,20,1475496835980668931,"@[user] Izmišljaju priče zarad popularnosti
#nisamprijavila",gađenje,2026-03-31T07:21:53.269408+00:00
ff103,18,21,1475144619256164357,"meni i ženama i devojkama iz mog okruženja se desilo minimum 100 puta otkad znam za sebe da nas neko uznemirava, jedina je sreća pa sam uvek spremna da se pobijem do krvi sa idiotima i napravim incident i pustite priču nisu svi isti pravda za muškarce bla bla #NisamPrijavila",gađenje,2026-03-31T07:22:08.550289+00:00
ff103,18,22,1475298523721928704,"Hvala svim predivnim zenama koje su podelile svoju pricu sa nama. Hvala i onim drugim zenama i muskarcima na konstruktivnim savetima. Hvala na razumevanju i spremnosti da nas cujete.
#NisamPrijavila
#nisisama",poverenje,2026-03-31T07:22:16.737588+00:00
ff103,18,23,1475090852515127305,"prijavila sam, ali sam poželela da #NisamPrijavila jer me je policajac/detektiv odveo na poligraf sa rečenicom ""znaš, devojčice često lažu o silovanju. žele, pa zažale i ih bude sramota pa kažu da su bile silovane.""",bes,2026-03-31T07:22:30.197167+00:00
ff103,18,24,1475067001139781635,"#NisamPrijavila Jer nije bilo modrica. Jer je bio omiljen,uspešan,harizmatican,jer mi niko nije verovao. Jer sam posle godinu i po dana njegovog ponavljanja i sama poverovala da sam glupa,nesposobna,nedovoljna,i da je za mene samo kuhinja. 👇",tuga,2026-03-31T07:22:41.69133+00:00
ff103,18,25,1475026030830276609,"kad su mi se dešavale te #NisamPrijavila priče, nije mi na pamet padalo da je to kažnjivo, nego sam mislila da to tako funkcioniše, delovalo je da pretpostavljeni ima pravo na takvo ponašanje, a ja mogu da neću, i onda dobijem otkaz a niko me fizički nije ugrozio, sve ok.",bes,2026-03-31T07:23:05.654904+00:00
ff103,18,26,1475252350164123651,"#NisamPrijavila Jesam, prijavila sam, uzeli su zapisnik i rekli “pozvaćmo ga na informativni razgovor ali od ovoga nema ništa”. Njihov kolega koji je bio svedok rekao je da ništa nije video 🤷🏻‍♀️",bes,2026-03-31T07:23:19.873127+00:00
ff103,18,27,1475034322356867073,"#NisamPrijavila boli svaka vasa rec napisana. Izvinite za svaki put kad vas nismo razumeli, zastitili, saslusali... Molim vas nastavite da govorite!",poverenje,2026-03-31T07:23:31.956412+00:00
ff103,18,28,1476235783677923329,"Док се неки питају зашто баш сада кампања #nisamprijavila у Сомбору је убијена цела једна породица и то од руке ""главе породице"" - насилника који је пре 5 дана изашао из затвора и имао забрану приласка.",bes,2026-03-31T07:23:43.569006+00:00
ff103,18,29,1475513119833305092,"Tag #NisamPrijavila je možda najvažniji tag koji se pojavio u virtuelnom i realnom prostoru. Činjenica je da pol ne određuje karakter i da su generalizacije bolne. Ali, nešto sa našim muškim svetom debelo nije u redu. Vi, dragi i normalni muškarci, nemojte se osetiti prozvanim.",tuga,2026-03-31T07:24:08.821769+00:00
ff103,18,30,1475359978089287680,"Ko ne moreš verjet, kakšne pošasti se skrivajo okrog nas, si prebereš nekaj zapisov pod #NisamPrijavila in ti je lahko slabo.",Ne mogu da razumem,2026-03-31T07:24:21.046517+00:00
ff103,18,31,1475389741302489088,"#Nisamprijavila ...
Čitam i ne mogu da se ne gadim muškog roda.
Da se razumijemo, đubre sam na mnogo načina, ali zlostavljati ženu ili dijete do traume za života!??
I ne umijem pojmiti drugačiju kaznu do otkidanja glave skotu...",poverenje,2026-03-31T07:24:42.62948+00:00
ff103,18,32,1475174419979018246,"Ja nikad neću skupiti hrabrost da detaljno napišem #NisamPrijavila tvit, a svima vama koji jeste, svaka čast.",tuga,2026-03-31T07:24:53.457285+00:00
ff103,18,33,1475337793421422592,Nocas je bilo tesko i potresno slusati spejs #NisamPrijavila sve pohvale za hrabrobrost svim zenama i devojkama koje su se ukljucivale i iznosile uzasne potresne traume koje su dozivele. Trebalo bi nastaviti sa pritiskom na celokupnu javnost da se takve stvari vise ne dese nikome,poverenje,2026-03-31T07:25:12.649323+00:00
ff103,18,34,1475574104023605248,"#nisamprijavila jer kako posle svega da pogledam svojoj majci u oči i da ih vidim pune suza. Dovoljne su bile jedne, moje.",tuga,2026-03-31T07:25:21.164473+00:00
ff103,18,35,1475041433925128193,"#NisamPrijavila ni posle treceg puta kada me je gusio sve dok nisam bila na ivici onesvescivanja. Tome su prethodile moje reci da odlazim. 
Niko nije znao. Nikome ne mozete ni da objasnite zasto niste rekli. 
Zato sto je svest pomucena, rasudjivanje zaliveno suzama.",tuga,2026-03-31T07:25:32.912395+00:00
ff103,18,36,1475077038268723204,"Pratite tag #NisamPrijavila i podržite žene koje su se osnažile da pišu o svojim iskustvima i prekinu relativizaciju nasilja ❤
Svaka priča je važna 💫",poverenje,2026-03-31T07:25:39.94794+00:00
ff103,18,37,1475745779147055104,"#NisamPrijavila Kada kao u Grčkoj ćerke budu dobijale na dar stan od svojih roditelja kada se udaju, onda će i kod nas biti lakše otići i ne morati trpeti.(nadam se da je još uvek tamo takav običaj)",iznenađenje,2026-03-31T07:26:06.798519+00:00
ff103,18,38,1475895777176260610,"#NisamPrijavila jer sam se plašila, pretili su mi da moram da ćutim. Plašila sam se njih, plašila sam se roditelja da ne saznaju, plašila sam se osude. Zapravo nisam ni znala šta mi se desilo, jer sam imala samo 12... Kako sam rasla, počela sam da shvatam težinu dela",tuga,2026-03-31T07:26:44.033036+00:00
ff103,18,39,1475083385664061446,"Го читам хаштагов #nisamprijavila и единствено што знам е дека мора на децата да им влееме доволно доверба и да им пружиме доволно љубов и поддршка да знаат дека секогаш ама СЕКОГАШ ќе имаат некој кој ќе ги сослуша и ќе ги заштити, без разлика дали имале 15, 25 или 35 години.",Ne mogu da razumem,2026-03-31T07:26:46.477968+00:00
ff103,18,40,1475270273855373316,"Ja ceo dan čitam tvitove sa #nisamprijavila i uopste se ne pronalazim dok ne shvatih da sam potisnula u mali mozak da su šamar i vučenje za kosu na sred trga u gradu (naočigled svih ljudi iz obližnjeg fast food-a) nasilje.
Nazivajte stvari pravim imenima.
Hvala za hešteg.",tuga,2026-03-31T07:27:01.913713+00:00
ff103,18,41,1475434928833765377,"#NisamPrijavila jer sam imala 5 godina i jer sam mislila da sam ja kriva što sam pristala da skinem odeću i sednem starijem dečku u krilo, jer me je nagovorio, a šta sam znala sa 5 godina. Sem to da sam istraumirana godinama posle od tog događaja.",tuga,2026-03-31T07:27:08.189871+00:00
ff103,18,42,1475041872175378435,#Nisamprijavila Prijavljujte sve! Svaki dan ih prijavljujte!,poverenje,2026-03-31T07:27:12.46757+00:00
ff103,18,43,1475519523226898433,"@[user] Tragedija, tisuće teških priznanja i skupljenih hrabrosti objavljivanja svoje intime na #nisamprijavila. I onda ekipa dodje i kmeči bezbrojnim postovima na sav glas o tragediji generalizacije prema muškom rodu, i to zbog par priglupih komentara u moru objava.
#attentionwhores",bes,2026-03-31T07:27:28.161659+00:00
ff103,18,44,1480306212893863940,#NisamPrijavila momenat me je toliko potresao da sam počela da sanjam neke svoje verzije inspirisane svim tim priznanjima žena.,tuga,2026-03-31T07:27:35.937351+00:00
ff103,18,45,1475516461011644420,#NisamPrijavila jer državne/javne institucije ne daju sigurnost ženama i zato što te iste osobe gledaju žene kao da su zaslužile to što si im se desilo i teraju te da proživljavaš traumu iznova i iznova. Žena je uvek kriva što je nasilje izvršeno nad njom. I javno te obeleže.,bes,2026-03-31T07:27:45.566811+00:00
ff103,18,46,1475611319353098244,препричана искуства из #NisamPrijavila су само показатељ колико нам је друштво на јако лошем месту. Подршка свакој жени❤️,poverenje,2026-03-31T07:27:51.50572+00:00
ff103,18,47,1475069954739347458,#Nisamtrazila #Nisamprijavila full suport!,poverenje,2026-03-31T07:27:56.496497+00:00
ff103,18,48,1475337988439781384,"#NisamPrijavila jer sam imala 5 godina, jer nisam rekla nikom i nisam znala sta mi je ciniti i jer me je bilo sramota i jer mi je 19 godina trebalo da progovorim o tome sa vrlo bliskim krugom ljudi. I jer je sada verovatno kasno za #PrijavilaSam Eto...",bes,2026-03-31T07:28:09.056538+00:00
ff103,18,49,1475108760137969668,"#NisamPrijavila jer od šoka organizam stvori različite mehanizme odbrane. Derealizaciju, paralisanost od stresa, poricanje, pa čak i gubitak sećanja o događaju. Godine su nekad potrebne da mozak rekonstruiše sve i da dođeš do tog mirnog stanja da kažeš: desilo se.",tuga,2026-03-31T07:28:18.718954+00:00
ff104,18,0,1475246429920800779,"@[user] 👏👏👏😂😂😂#energija...
#NisamPrijavila jer me niko nikad nije zlostavljao posto sam sama, a sebe niko ne prijavljuje...",radost,2026-03-31T07:16:35.895966+00:00
ff104,18,1,1475464657313972224,"#NisamPrijavila i ne znam da li ću ikada.
Zato što se bojim za svoj život.
Zato što sam godinama psihički zlostavljana i ne znam da li imam snage da prijavim.
Zato što je mala opština i poznaje sve policajce koji su mu i prijatelji.
Zato što me nije nikada 'jako' udario, kako  ⬇️",strah,2026-03-31T07:16:59.484994+00:00
ff104,18,2,1475199244525056006,"Zastrasujuca i porazavajuca je kolicina  #nisamprijavila tvitova. 😔

NE znaci NE, i tu nema nikakve polemike, to mora da se utuvi muskarcima u glavu od malena",Ne mogu da razumem,2026-03-31T07:17:57.759422+00:00
ff104,18,3,1475378419517075457,"#nisamprijavila Jebem li vam svima majku koji ste svaku zenu dotakli mimo njihove volje!! Vratice se vasim cerkama,sestrama....",bes,2026-03-31T07:18:04.996168+00:00
ff104,18,4,1478124060903198733,"@[user] ali i ti se mešaš u stvari koje očigledno ne razumeš. ne podržavaš #nisamprijavila i pošto te očigledno boli kurac, samo pokazuješ time da si i ti deo problema i ovo nije prvi put da komentarišeš nešto ovako. ako ne razumeš o čemu pričaš, nemoj se ni mešati.",bes,2026-03-31T07:18:20.820688+00:00
ff104,18,5,1475149478285905920,"Iskreno citam #nisamprijavila i mogu vam reći Moje ♥️ JE sa Vama. Ja ne mogu da verujem kolilo tih slucajeva postoji i ko sve živi u nasoj blizini.

Drzite se.",iznenađenje,2026-03-31T07:18:34.374009+00:00
ff104,18,6,1476929713465667586,"Taj pakao ne može da se prekine, samo se produbljuje i nema kraja.

Neću da ti dam da vodiš dete nigde, ubiću te… Osećaj krivice… Možda stvarno završi kao neka od žena… 

#Nisamprijavila jer dolaziće policija, porodicu svi znaju…

I da, #samesmo",bes,2026-03-31T07:19:03.620648+00:00
ff104,18,7,1475093978076917768,"#NisamPrijavila jer smo bili u vezi i ""voleli se"", a i zato što to nisam tada razumela..Pa šta ako smo se posvađali toliko da je njemu bilo ok da mi stavi ruke oko vrata da me davi? Pa šta ako smo se tukli u hodniku zgrade? Pa šta ako niko nije otvorio vrata i pozvao policiju?",bes,2026-03-31T07:19:50.610444+00:00
ff104,18,8,1475078474268389377,"što pre došlo do reforme istog, u kom su institicijalizovana mizoginija i princip ""slika, ili se nije desilo"" i te kako prisutni. ovim putem želim istovremeno da pružim ogromnu podršku za hrabrost svim #nisamprijavila i #nisisama žrtvama! zajedno smo u ovome! &lt;3",Ne mogu da razumem,2026-03-31T07:20:24.880195+00:00
ff104,18,9,1475048580058693637,"#nisamprijavila .... roman veka, pisan od strane žena koje srećemo, poznajemo, rod su nam, roman namenjen nama, muškarcima. Njima veeeliko ♥️, nama jak stomak i preispitivanje, iskreno.",radost,2026-03-31T07:20:52.697454+00:00
ff104,18,10,1475547952278028291,@[user] @[user] Evo ti hashtag #NisamPrijavila. Što čekaš. Reagiraj. Bori se.,Emocionalno neutralno,2026-03-31T07:21:03.70671+00:00
ff104,18,11,1475179009910747136,"Pročitao 20-ak priča #NisamPrijavila i došao do jednostavnog zaključka živimo u društvu jebenih manijaka. Komšije i rođaci pedofili, muževi i momci posesivni ludaci, gomila uticajnih i uglađenih muškaraca su zapravo teško dno.",iznenađenje,2026-03-31T07:21:22.592833+00:00
ff104,18,12,1475447123437146117,#nisamprijavila jer se u podrumu nalazi ta osoba privezana za stolcu i moli boga svaki dan da ga pustim. Ja kao balerina plešem okolo njega i udarim da magičnim štapićem i kažem “ne danas”!!,Ne mogu da razumem,2026-03-31T07:21:48.408884+00:00
ff104,18,13,1475365621261115394,"Kako ovakve situacije #NisamPrijavila uvek izbace na povrsinu pravi talog i one skivene bolesnike, ogole ih sami se jave kao najveci sljam. Tuga je jos veca jer je mnogo zena medju njima",tuga,2026-03-31T07:21:59.421835+00:00
ff104,18,14,1475414698283700225,@[user] Samo se ti zajebavaj posle ce da bude #nisamprijavila a muz ti brani😂😂,Emocionalno neutralno,2026-03-31T07:22:29.790308+00:00
ff104,18,15,1475935248328413195,"Razumijem sve razloge onih koje kazu #NisamPrijavila, ali #ProcjenaRizika je upozoravajuca.. 
Zene ubijaju, zar ne ?!",iznenađenje,2026-03-31T07:22:48.829197+00:00
ff104,18,16,1475724041386401794,Srecna sam sto nemam licno iskustvo na temu #NisamPrijavila. Ne znam da li me vise plase podeljena iskustva ili komentari manijaka.,iznenađenje,2026-03-31T07:22:58.50837+00:00
ff104,18,17,1476241765032251393,"@[user] Ето зашто #NisamPrijavila !!!
Ужас је блага реч.",gađenje,2026-03-31T07:23:02.691478+00:00
ff104,18,18,1475419654587879424,"Je li se ijedan jedini akter političkog života u CG uključio u dijalog oko #NisamPrijavila, ili se javljaju samo kad im je oportunitetno? Institucije ne moram ni da pominjem.",bes,2026-03-31T07:23:21.681488+00:00
ff104,18,19,1475169479030185985,"Vuline, liberalizuj zakon o oružju kako si najavljivao! 

Kad bude pištolj u ženskoj torbici većina tih ""junaka"" će se zavući pod kamen ispod koga su izmilili... #NisamPrijavila",bes,2026-03-31T07:23:36.993697+00:00
ff104,18,20,1475496835980668931,"@[user] Izmišljaju priče zarad popularnosti
#nisamprijavila",gađenje,2026-03-31T07:23:51.585495+00:00
ff104,18,21,1475144619256164357,"meni i ženama i devojkama iz mog okruženja se desilo minimum 100 puta otkad znam za sebe da nas neko uznemirava, jedina je sreća pa sam uvek spremna da se pobijem do krvi sa idiotima i napravim incident i pustite priču nisu svi isti pravda za muškarce bla bla #NisamPrijavila",bes,2026-03-31T07:24:09.456427+00:00
ff104,18,22,1475298523721928704,"Hvala svim predivnim zenama koje su podelile svoju pricu sa nama. Hvala i onim drugim zenama i muskarcima na konstruktivnim savetima. Hvala na razumevanju i spremnosti da nas cujete.
#NisamPrijavila
#nisisama",radost,2026-03-31T07:24:20.314327+00:00
ff104,18,23,1475090852515127305,"prijavila sam, ali sam poželela da #NisamPrijavila jer me je policajac/detektiv odveo na poligraf sa rečenicom ""znaš, devojčice često lažu o silovanju. žele, pa zažale i ih bude sramota pa kažu da su bile silovane.""",strah,2026-03-31T07:25:02.557025+00:00
ff104,18,24,1475067001139781635,"#NisamPrijavila Jer nije bilo modrica. Jer je bio omiljen,uspešan,harizmatican,jer mi niko nije verovao. Jer sam posle godinu i po dana njegovog ponavljanja i sama poverovala da sam glupa,nesposobna,nedovoljna,i da je za mene samo kuhinja. 👇",Ne mogu da razumem,2026-03-31T07:25:41.25823+00:00
ff104,18,25,1475026030830276609,"kad su mi se dešavale te #NisamPrijavila priče, nije mi na pamet padalo da je to kažnjivo, nego sam mislila da to tako funkcioniše, delovalo je da pretpostavljeni ima pravo na takvo ponašanje, a ja mogu da neću, i onda dobijem otkaz a niko me fizički nije ugrozio, sve ok.",iznenađenje,2026-03-31T07:26:07.263594+00:00
ff104,18,26,1475252350164123651,"#NisamPrijavila Jesam, prijavila sam, uzeli su zapisnik i rekli “pozvaćmo ga na informativni razgovor ali od ovoga nema ništa”. Njihov kolega koji je bio svedok rekao je da ništa nije video 🤷🏻‍♀️",Emocionalno neutralno,2026-03-31T07:26:26.288743+00:00
ff104,18,27,1475034322356867073,"#NisamPrijavila boli svaka vasa rec napisana. Izvinite za svaki put kad vas nismo razumeli, zastitili, saslusali... Molim vas nastavite da govorite!",tuga,2026-03-31T07:26:35.865782+00:00
ff104,18,28,1476235783677923329,"Док се неки питају зашто баш сада кампања #nisamprijavila у Сомбору је убијена цела једна породица и то од руке ""главе породице"" - насилника који је пре 5 дана изашао из затвора и имао забрану приласка.",bes,2026-03-31T07:26:54.676637+00:00
ff104,18,29,1475513119833305092,"Tag #NisamPrijavila je možda najvažniji tag koji se pojavio u virtuelnom i realnom prostoru. Činjenica je da pol ne određuje karakter i da su generalizacije bolne. Ali, nešto sa našim muškim svetom debelo nije u redu. Vi, dragi i normalni muškarci, nemojte se osetiti prozvanim.",gađenje,2026-03-31T07:27:17.830808+00:00
ff104,18,30,1475359978089287680,"Ko ne moreš verjet, kakšne pošasti se skrivajo okrog nas, si prebereš nekaj zapisov pod #NisamPrijavila in ti je lahko slabo.",gađenje,2026-03-31T07:27:33.704501+00:00
ff104,18,31,1475389741302489088,"#Nisamprijavila ...
Čitam i ne mogu da se ne gadim muškog roda.
Da se razumijemo, đubre sam na mnogo načina, ali zlostavljati ženu ili dijete do traume za života!??
I ne umijem pojmiti drugačiju kaznu do otkidanja glave skotu...",gađenje,2026-03-31T07:27:46.255491+00:00
ff104,18,32,1475174419979018246,"Ja nikad neću skupiti hrabrost da detaljno napišem #NisamPrijavila tvit, a svima vama koji jeste, svaka čast.",strah,2026-03-31T07:27:52.681476+00:00
ff104,18,33,1475337793421422592,Nocas je bilo tesko i potresno slusati spejs #NisamPrijavila sve pohvale za hrabrobrost svim zenama i devojkama koje su se ukljucivale i iznosile uzasne potresne traume koje su dozivele. Trebalo bi nastaviti sa pritiskom na celokupnu javnost da se takve stvari vise ne dese nikome,tuga,2026-03-31T07:28:11.519686+00:00
ff104,18,34,1475574104023605248,"#nisamprijavila jer kako posle svega da pogledam svojoj majci u oči i da ih vidim pune suza. Dovoljne su bile jedne, moje.",tuga,2026-03-31T07:28:19.822209+00:00
ff104,18,35,1475041433925128193,"#NisamPrijavila ni posle treceg puta kada me je gusio sve dok nisam bila na ivici onesvescivanja. Tome su prethodile moje reci da odlazim. 
Niko nije znao. Nikome ne mozete ni da objasnite zasto niste rekli. 
Zato sto je svest pomucena, rasudjivanje zaliveno suzama.",tuga,2026-03-31T07:28:42.598001+00:00
ff104,18,36,1475077038268723204,"Pratite tag #NisamPrijavila i podržite žene koje su se osnažile da pišu o svojim iskustvima i prekinu relativizaciju nasilja ❤
Svaka priča je važna 💫",iščekivanje,2026-03-31T07:28:54.854944+00:00
ff104,18,37,1475745779147055104,"#NisamPrijavila Kada kao u Grčkoj ćerke budu dobijale na dar stan od svojih roditelja kada se udaju, onda će i kod nas biti lakše otići i ne morati trpeti.(nadam se da je još uvek tamo takav običaj)",iščekivanje,2026-03-31T07:29:14.577206+00:00
ff104,18,38,1475895777176260610,"#NisamPrijavila jer sam se plašila, pretili su mi da moram da ćutim. Plašila sam se njih, plašila sam se roditelja da ne saznaju, plašila sam se osude. Zapravo nisam ni znala šta mi se desilo, jer sam imala samo 12... Kako sam rasla, počela sam da shvatam težinu dela",strah,2026-03-31T07:29:23.086587+00:00
ff104,18,39,1475083385664061446,"Го читам хаштагов #nisamprijavila и единствено што знам е дека мора на децата да им влееме доволно доверба и да им пружиме доволно љубов и поддршка да знаат дека секогаш ама СЕКОГАШ ќе имаат некој кој ќе ги сослуша и ќе ги заштити, без разлика дали имале 15, 25 или 35 години.",poverenje,2026-03-31T07:29:40.152518+00:00
ff104,18,40,1475270273855373316,"Ja ceo dan čitam tvitove sa #nisamprijavila i uopste se ne pronalazim dok ne shvatih da sam potisnula u mali mozak da su šamar i vučenje za kosu na sred trga u gradu (naočigled svih ljudi iz obližnjeg fast food-a) nasilje.
Nazivajte stvari pravim imenima.
Hvala za hešteg.",iznenađenje,2026-03-31T07:29:59.692034+00:00
ff104,18,41,1475434928833765377,"#NisamPrijavila jer sam imala 5 godina i jer sam mislila da sam ja kriva što sam pristala da skinem odeću i sednem starijem dečku u krilo, jer me je nagovorio, a šta sam znala sa 5 godina. Sem to da sam istraumirana godinama posle od tog događaja.",gađenje,2026-03-31T07:30:20.215279+00:00
ff104,18,42,1475041872175378435,#Nisamprijavila Prijavljujte sve! Svaki dan ih prijavljujte!,Emocionalno neutralno,2026-03-31T07:30:24.872667+00:00
ff104,18,43,1475519523226898433,"@[user] Tragedija, tisuće teških priznanja i skupljenih hrabrosti objavljivanja svoje intime na #nisamprijavila. I onda ekipa dodje i kmeči bezbrojnim postovima na sav glas o tragediji generalizacije prema muškom rodu, i to zbog par priglupih komentara u moru objava.
#attentionwhores",bes,2026-03-31T07:30:48.381416+00:00
ff104,18,44,1480306212893863940,#NisamPrijavila momenat me je toliko potresao da sam počela da sanjam neke svoje verzije inspirisane svim tim priznanjima žena.,tuga,2026-03-31T07:30:57.633046+00:00
ff104,18,45,1475516461011644420,#NisamPrijavila jer državne/javne institucije ne daju sigurnost ženama i zato što te iste osobe gledaju žene kao da su zaslužile to što si im se desilo i teraju te da proživljavaš traumu iznova i iznova. Žena je uvek kriva što je nasilje izvršeno nad njom. I javno te obeleže.,strah,2026-03-31T07:31:09.367075+00:00
ff104,18,46,1475611319353098244,препричана искуства из #NisamPrijavila су само показатељ колико нам је друштво на јако лошем месту. Подршка свакој жени❤️,Emocionalno neutralno,2026-03-31T07:31:15.574624+00:00
ff104,18,47,1475069954739347458,#Nisamtrazila #Nisamprijavila full suport!,Emocionalno neutralno,2026-03-31T07:31:22.900246+00:00
ff104,18,48,1475337988439781384,"#NisamPrijavila jer sam imala 5 godina, jer nisam rekla nikom i nisam znala sta mi je ciniti i jer me je bilo sramota i jer mi je 19 godina trebalo da progovorim o tome sa vrlo bliskim krugom ljudi. I jer je sada verovatno kasno za #PrijavilaSam Eto...",strah,2026-03-31T07:31:36.893363+00:00
ff104,18,49,1475108760137969668,"#NisamPrijavila jer od šoka organizam stvori različite mehanizme odbrane. Derealizaciju, paralisanost od stresa, poricanje, pa čak i gubitak sećanja o događaju. Godine su nekad potrebne da mozak rekonstruiše sve i da dođeš do tog mirnog stanja da kažeš: desilo se.",strah,2026-03-31T07:31:55.170895+00:00
ff105,18,0,1475246429920800779,"@[user] 👏👏👏😂😂😂#energija...
#NisamPrijavila jer me niko nikad nije zlostavljao posto sam sama, a sebe niko ne prijavljuje...",Ne mogu da razumem,2026-03-31T07:16:19.377522+00:00
ff105,18,1,1475464657313972224,"#NisamPrijavila i ne znam da li ću ikada.
Zato što se bojim za svoj život.
Zato što sam godinama psihički zlostavljana i ne znam da li imam snage da prijavim.
Zato što je mala opština i poznaje sve policajce koji su mu i prijatelji.
Zato što me nije nikada 'jako' udario, kako  ⬇️",strah,2026-03-31T07:16:38.277415+00:00
ff105,18,2,1475199244525056006,"Zastrasujuca i porazavajuca je kolicina  #nisamprijavila tvitova. 😔

NE znaci NE, i tu nema nikakve polemike, to mora da se utuvi muskarcima u glavu od malena",tuga,2026-03-31T07:16:58.473716+00:00
ff105,18,3,1475378419517075457,"#nisamprijavila Jebem li vam svima majku koji ste svaku zenu dotakli mimo njihove volje!! Vratice se vasim cerkama,sestrama....",bes,2026-03-31T07:17:09.690757+00:00
ff105,18,4,1478124060903198733,"@[user] ali i ti se mešaš u stvari koje očigledno ne razumeš. ne podržavaš #nisamprijavila i pošto te očigledno boli kurac, samo pokazuješ time da si i ti deo problema i ovo nije prvi put da komentarišeš nešto ovako. ako ne razumeš o čemu pričaš, nemoj se ni mešati.",Emocionalno neutralno,2026-03-31T07:17:49.077887+00:00
ff105,18,5,1475149478285905920,"Iskreno citam #nisamprijavila i mogu vam reći Moje ♥️ JE sa Vama. Ja ne mogu da verujem kolilo tih slucajeva postoji i ko sve živi u nasoj blizini.

Drzite se.",poverenje,2026-03-31T07:17:57.255432+00:00
ff105,18,6,1476929713465667586,"Taj pakao ne može da se prekine, samo se produbljuje i nema kraja.

Neću da ti dam da vodiš dete nigde, ubiću te… Osećaj krivice… Možda stvarno završi kao neka od žena… 

#Nisamprijavila jer dolaziće policija, porodicu svi znaju…

I da, #samesmo",strah,2026-03-31T07:18:31.609071+00:00
ff105,18,7,1475093978076917768,"#NisamPrijavila jer smo bili u vezi i ""voleli se"", a i zato što to nisam tada razumela..Pa šta ako smo se posvađali toliko da je njemu bilo ok da mi stavi ruke oko vrata da me davi? Pa šta ako smo se tukli u hodniku zgrade? Pa šta ako niko nije otvorio vrata i pozvao policiju?",Ne mogu da razumem,2026-03-31T07:18:50.87133+00:00
ff105,18,8,1475078474268389377,"što pre došlo do reforme istog, u kom su institicijalizovana mizoginija i princip ""slika, ili se nije desilo"" i te kako prisutni. ovim putem želim istovremeno da pružim ogromnu podršku za hrabrost svim #nisamprijavila i #nisisama žrtvama! zajedno smo u ovome! &lt;3",poverenje,2026-03-31T07:19:04.487003+00:00
ff105,18,9,1475048580058693637,"#nisamprijavila .... roman veka, pisan od strane žena koje srećemo, poznajemo, rod su nam, roman namenjen nama, muškarcima. Njima veeeliko ♥️, nama jak stomak i preispitivanje, iskreno.",radost,2026-03-31T07:19:22.072612+00:00
ff105,18,10,1475547952278028291,@[user] @[user] Evo ti hashtag #NisamPrijavila. Što čekaš. Reagiraj. Bori se.,Emocionalno neutralno,2026-03-31T07:19:31.459521+00:00
ff105,18,11,1475179009910747136,"Pročitao 20-ak priča #NisamPrijavila i došao do jednostavnog zaključka živimo u društvu jebenih manijaka. Komšije i rođaci pedofili, muževi i momci posesivni ludaci, gomila uticajnih i uglađenih muškaraca su zapravo teško dno.",gađenje,2026-03-31T07:19:41.831+00:00
ff105,18,12,1475447123437146117,#nisamprijavila jer se u podrumu nalazi ta osoba privezana za stolcu i moli boga svaki dan da ga pustim. Ja kao balerina plešem okolo njega i udarim da magičnim štapićem i kažem “ne danas”!!,Ne mogu da razumem,2026-03-31T07:19:57.967601+00:00
ff105,18,13,1475365621261115394,"Kako ovakve situacije #NisamPrijavila uvek izbace na povrsinu pravi talog i one skivene bolesnike, ogole ih sami se jave kao najveci sljam. Tuga je jos veca jer je mnogo zena medju njima",gađenje,2026-03-31T07:20:22.929048+00:00
ff105,18,14,1475414698283700225,@[user] Samo se ti zajebavaj posle ce da bude #nisamprijavila a muz ti brani😂😂,iščekivanje,2026-03-31T07:20:35.320732+00:00
ff105,18,15,1475935248328413195,"Razumijem sve razloge onih koje kazu #NisamPrijavila, ali #ProcjenaRizika je upozoravajuca.. 
Zene ubijaju, zar ne ?!",Ne mogu da razumem,2026-03-31T07:20:51.036334+00:00
ff105,18,16,1475724041386401794,Srecna sam sto nemam licno iskustvo na temu #NisamPrijavila. Ne znam da li me vise plase podeljena iskustva ili komentari manijaka.,radost,2026-03-31T07:20:59.127543+00:00
ff105,18,17,1476241765032251393,"@[user] Ето зашто #NisamPrijavila !!!
Ужас је блага реч.",gađenje,2026-03-31T07:21:05.902541+00:00
ff105,18,18,1475419654587879424,"Je li se ijedan jedini akter političkog života u CG uključio u dijalog oko #NisamPrijavila, ili se javljaju samo kad im je oportunitetno? Institucije ne moram ni da pominjem.",bes,2026-03-31T07:21:17.178301+00:00
ff105,18,19,1475169479030185985,"Vuline, liberalizuj zakon o oružju kako si najavljivao! 

Kad bude pištolj u ženskoj torbici većina tih ""junaka"" će se zavući pod kamen ispod koga su izmilili... #NisamPrijavila",iščekivanje,2026-03-31T07:21:29.561186+00:00
ff105,18,20,1475496835980668931,"@[user] Izmišljaju priče zarad popularnosti
#nisamprijavila",iznenađenje,2026-03-31T07:21:38.477495+00:00
ff105,18,21,1475144619256164357,"meni i ženama i devojkama iz mog okruženja se desilo minimum 100 puta otkad znam za sebe da nas neko uznemirava, jedina je sreća pa sam uvek spremna da se pobijem do krvi sa idiotima i napravim incident i pustite priču nisu svi isti pravda za muškarce bla bla #NisamPrijavila",bes,2026-03-31T07:21:51.650086+00:00
ff105,18,22,1475298523721928704,"Hvala svim predivnim zenama koje su podelile svoju pricu sa nama. Hvala i onim drugim zenama i muskarcima na konstruktivnim savetima. Hvala na razumevanju i spremnosti da nas cujete.
#NisamPrijavila
#nisisama",poverenje,2026-03-31T07:21:59.044302+00:00
ff105,18,23,1475090852515127305,"prijavila sam, ali sam poželela da #NisamPrijavila jer me je policajac/detektiv odveo na poligraf sa rečenicom ""znaš, devojčice često lažu o silovanju. žele, pa zažale i ih bude sramota pa kažu da su bile silovane.""",bes,2026-03-31T07:22:10.156088+00:00
ff105,18,24,1475067001139781635,"#NisamPrijavila Jer nije bilo modrica. Jer je bio omiljen,uspešan,harizmatican,jer mi niko nije verovao. Jer sam posle godinu i po dana njegovog ponavljanja i sama poverovala da sam glupa,nesposobna,nedovoljna,i da je za mene samo kuhinja. 👇",strah,2026-03-31T07:22:24.329909+00:00
ff105,18,25,1475026030830276609,"kad su mi se dešavale te #NisamPrijavila priče, nije mi na pamet padalo da je to kažnjivo, nego sam mislila da to tako funkcioniše, delovalo je da pretpostavljeni ima pravo na takvo ponašanje, a ja mogu da neću, i onda dobijem otkaz a niko me fizički nije ugrozio, sve ok.",Ne mogu da razumem,2026-03-31T07:22:41.251565+00:00
ff105,18,26,1475252350164123651,"#NisamPrijavila Jesam, prijavila sam, uzeli su zapisnik i rekli “pozvaćmo ga na informativni razgovor ali od ovoga nema ništa”. Njihov kolega koji je bio svedok rekao je da ništa nije video 🤷🏻‍♀️",Emocionalno neutralno,2026-03-31T07:22:54.600119+00:00
ff105,18,27,1475034322356867073,"#NisamPrijavila boli svaka vasa rec napisana. Izvinite za svaki put kad vas nismo razumeli, zastitili, saslusali... Molim vas nastavite da govorite!",poverenje,2026-03-31T07:23:03.800462+00:00
ff105,18,28,1476235783677923329,"Док се неки питају зашто баш сада кампања #nisamprijavila у Сомбору је убијена цела једна породица и то од руке ""главе породице"" - насилника који је пре 5 дана изашао из затвора и имао забрану приласка.",bes,2026-03-31T07:23:11.763157+00:00
ff105,18,29,1475513119833305092,"Tag #NisamPrijavila je možda najvažniji tag koji se pojavio u virtuelnom i realnom prostoru. Činjenica je da pol ne određuje karakter i da su generalizacije bolne. Ali, nešto sa našim muškim svetom debelo nije u redu. Vi, dragi i normalni muškarci, nemojte se osetiti prozvanim.",bes,2026-03-31T07:23:35.943805+00:00
ff105,18,30,1475359978089287680,"Ko ne moreš verjet, kakšne pošasti se skrivajo okrog nas, si prebereš nekaj zapisov pod #NisamPrijavila in ti je lahko slabo.",Ne mogu da razumem,2026-03-31T07:23:45.526148+00:00
ff105,18,31,1475389741302489088,"#Nisamprijavila ...
Čitam i ne mogu da se ne gadim muškog roda.
Da se razumijemo, đubre sam na mnogo načina, ali zlostavljati ženu ili dijete do traume za života!??
I ne umijem pojmiti drugačiju kaznu do otkidanja glave skotu...",bes,2026-03-31T07:23:54.169705+00:00
ff105,18,32,1475174419979018246,"Ja nikad neću skupiti hrabrost da detaljno napišem #NisamPrijavila tvit, a svima vama koji jeste, svaka čast.",strah,2026-03-31T07:24:14.036991+00:00
ff105,18,33,1475337793421422592,Nocas je bilo tesko i potresno slusati spejs #NisamPrijavila sve pohvale za hrabrobrost svim zenama i devojkama koje su se ukljucivale i iznosile uzasne potresne traume koje su dozivele. Trebalo bi nastaviti sa pritiskom na celokupnu javnost da se takve stvari vise ne dese nikome,poverenje,2026-03-31T07:24:25.165884+00:00
ff105,18,34,1475574104023605248,"#nisamprijavila jer kako posle svega da pogledam svojoj majci u oči i da ih vidim pune suza. Dovoljne su bile jedne, moje.",tuga,2026-03-31T07:24:33.696243+00:00
ff105,18,35,1475041433925128193,"#NisamPrijavila ni posle treceg puta kada me je gusio sve dok nisam bila na ivici onesvescivanja. Tome su prethodile moje reci da odlazim. 
Niko nije znao. Nikome ne mozete ni da objasnite zasto niste rekli. 
Zato sto je svest pomucena, rasudjivanje zaliveno suzama.",tuga,2026-03-31T07:24:45.964701+00:00
ff105,18,36,1475077038268723204,"Pratite tag #NisamPrijavila i podržite žene koje su se osnažile da pišu o svojim iskustvima i prekinu relativizaciju nasilja ❤
Svaka priča je važna 💫",poverenje,2026-03-31T07:24:57.637406+00:00
ff105,18,37,1475745779147055104,"#NisamPrijavila Kada kao u Grčkoj ćerke budu dobijale na dar stan od svojih roditelja kada se udaju, onda će i kod nas biti lakše otići i ne morati trpeti.(nadam se da je još uvek tamo takav običaj)",iščekivanje,2026-03-31T07:25:16.854037+00:00
ff105,18,38,1475895777176260610,"#NisamPrijavila jer sam se plašila, pretili su mi da moram da ćutim. Plašila sam se njih, plašila sam se roditelja da ne saznaju, plašila sam se osude. Zapravo nisam ni znala šta mi se desilo, jer sam imala samo 12... Kako sam rasla, počela sam da shvatam težinu dela",strah,2026-03-31T07:25:30.442882+00:00
ff105,18,39,1475083385664061446,"Го читам хаштагов #nisamprijavila и единствено што знам е дека мора на децата да им влееме доволно доверба и да им пружиме доволно љубов и поддршка да знаат дека секогаш ама СЕКОГАШ ќе имаат некој кој ќе ги сослуша и ќе ги заштити, без разлика дали имале 15, 25 или 35 години.",Ne mogu da razumem,2026-03-31T07:25:39.304656+00:00
ff105,18,40,1475270273855373316,"Ja ceo dan čitam tvitove sa #nisamprijavila i uopste se ne pronalazim dok ne shvatih da sam potisnula u mali mozak da su šamar i vučenje za kosu na sred trga u gradu (naočigled svih ljudi iz obližnjeg fast food-a) nasilje.
Nazivajte stvari pravim imenima.
Hvala za hešteg.",iznenađenje,2026-03-31T07:26:00.405842+00:00
ff105,18,41,1475434928833765377,"#NisamPrijavila jer sam imala 5 godina i jer sam mislila da sam ja kriva što sam pristala da skinem odeću i sednem starijem dečku u krilo, jer me je nagovorio, a šta sam znala sa 5 godina. Sem to da sam istraumirana godinama posle od tog događaja.",strah,2026-03-31T07:26:27.556971+00:00
ff105,18,42,1475041872175378435,#Nisamprijavila Prijavljujte sve! Svaki dan ih prijavljujte!,poverenje,2026-03-31T07:26:34.371252+00:00
ff105,18,43,1475519523226898433,"@[user] Tragedija, tisuće teških priznanja i skupljenih hrabrosti objavljivanja svoje intime na #nisamprijavila. I onda ekipa dodje i kmeči bezbrojnim postovima na sav glas o tragediji generalizacije prema muškom rodu, i to zbog par priglupih komentara u moru objava.
#attentionwhores",bes,2026-03-31T07:26:53.361286+00:00
ff105,18,44,1480306212893863940,#NisamPrijavila momenat me je toliko potresao da sam počela da sanjam neke svoje verzije inspirisane svim tim priznanjima žena.,tuga,2026-03-31T07:27:08.96134+00:00
ff105,18,45,1475516461011644420,#NisamPrijavila jer državne/javne institucije ne daju sigurnost ženama i zato što te iste osobe gledaju žene kao da su zaslužile to što si im se desilo i teraju te da proživljavaš traumu iznova i iznova. Žena je uvek kriva što je nasilje izvršeno nad njom. I javno te obeleže.,strah,2026-03-31T07:27:20.575159+00:00
ff105,18,46,1475611319353098244,препричана искуства из #NisamPrijavila су само показатељ колико нам је друштво на јако лошем месту. Подршка свакој жени❤️,poverenje,2026-03-31T07:27:25.793117+00:00
ff105,18,47,1475069954739347458,#Nisamtrazila #Nisamprijavila full suport!,poverenje,2026-03-31T07:27:27.927698+00:00
ff105,18,48,1475337988439781384,"#NisamPrijavila jer sam imala 5 godina, jer nisam rekla nikom i nisam znala sta mi je ciniti i jer me je bilo sramota i jer mi je 19 godina trebalo da progovorim o tome sa vrlo bliskim krugom ljudi. I jer je sada verovatno kasno za #PrijavilaSam Eto...",Ne mogu da razumem,2026-03-31T07:27:49.903639+00:00
ff105,18,49,1475108760137969668,"#NisamPrijavila jer od šoka organizam stvori različite mehanizme odbrane. Derealizaciju, paralisanost od stresa, poricanje, pa čak i gubitak sećanja o događaju. Godine su nekad potrebne da mozak rekonstruiše sve i da dođeš do tog mirnog stanja da kažeš: desilo se.",strah,2026-03-31T07:27:59.998044+00:00
ff106,18,0,1475246429920800779,"@[user] 👏👏👏😂😂😂#energija...
#NisamPrijavila jer me niko nikad nije zlostavljao posto sam sama, a sebe niko ne prijavljuje...",Emocionalno neutralno,2026-03-31T07:16:01.163241+00:00
ff106,18,1,1475464657313972224,"#NisamPrijavila i ne znam da li ću ikada.
Zato što se bojim za svoj život.
Zato što sam godinama psihički zlostavljana i ne znam da li imam snage da prijavim.
Zato što je mala opština i poznaje sve policajce koji su mu i prijatelji.
Zato što me nije nikada 'jako' udario, kako  ⬇️",strah,2026-03-31T07:16:18.571993+00:00
ff106,18,2,1475199244525056006,"Zastrasujuca i porazavajuca je kolicina  #nisamprijavila tvitova. 😔

NE znaci NE, i tu nema nikakve polemike, to mora da se utuvi muskarcima u glavu od malena",bes,2026-03-31T07:16:30.612149+00:00
ff106,18,3,1475378419517075457,"#nisamprijavila Jebem li vam svima majku koji ste svaku zenu dotakli mimo njihove volje!! Vratice se vasim cerkama,sestrama....",bes,2026-03-31T07:16:39.071976+00:00
ff106,18,4,1478124060903198733,"@[user] ali i ti se mešaš u stvari koje očigledno ne razumeš. ne podržavaš #nisamprijavila i pošto te očigledno boli kurac, samo pokazuješ time da si i ti deo problema i ovo nije prvi put da komentarišeš nešto ovako. ako ne razumeš o čemu pričaš, nemoj se ni mešati.",bes,2026-03-31T07:17:09.144493+00:00
ff106,18,5,1475149478285905920,"Iskreno citam #nisamprijavila i mogu vam reći Moje ♥️ JE sa Vama. Ja ne mogu da verujem kolilo tih slucajeva postoji i ko sve živi u nasoj blizini.

Drzite se.",tuga,2026-03-31T07:17:23.795863+00:00
ff106,18,6,1476929713465667586,"Taj pakao ne može da se prekine, samo se produbljuje i nema kraja.

Neću da ti dam da vodiš dete nigde, ubiću te… Osećaj krivice… Možda stvarno završi kao neka od žena… 

#Nisamprijavila jer dolaziće policija, porodicu svi znaju…

I da, #samesmo",strah,2026-03-31T07:17:50.096366+00:00
ff106,18,7,1475093978076917768,"#NisamPrijavila jer smo bili u vezi i ""voleli se"", a i zato što to nisam tada razumela..Pa šta ako smo se posvađali toliko da je njemu bilo ok da mi stavi ruke oko vrata da me davi? Pa šta ako smo se tukli u hodniku zgrade? Pa šta ako niko nije otvorio vrata i pozvao policiju?",strah,2026-03-31T07:18:14.00958+00:00
ff106,18,8,1475078474268389377,"što pre došlo do reforme istog, u kom su institicijalizovana mizoginija i princip ""slika, ili se nije desilo"" i te kako prisutni. ovim putem želim istovremeno da pružim ogromnu podršku za hrabrost svim #nisamprijavila i #nisisama žrtvama! zajedno smo u ovome! &lt;3",radost,2026-03-31T07:18:38.684531+00:00
ff106,18,9,1475048580058693637,"#nisamprijavila .... roman veka, pisan od strane žena koje srećemo, poznajemo, rod su nam, roman namenjen nama, muškarcima. Njima veeeliko ♥️, nama jak stomak i preispitivanje, iskreno.",radost,2026-03-31T07:18:58.063904+00:00
ff106,18,10,1475547952278028291,@[user] @[user] Evo ti hashtag #NisamPrijavila. Što čekaš. Reagiraj. Bori se.,iščekivanje,2026-03-31T07:19:16.082961+00:00
ff106,18,11,1475179009910747136,"Pročitao 20-ak priča #NisamPrijavila i došao do jednostavnog zaključka živimo u društvu jebenih manijaka. Komšije i rođaci pedofili, muževi i momci posesivni ludaci, gomila uticajnih i uglađenih muškaraca su zapravo teško dno.",gađenje,2026-03-31T07:19:29.903403+00:00
ff106,18,12,1475447123437146117,#nisamprijavila jer se u podrumu nalazi ta osoba privezana za stolcu i moli boga svaki dan da ga pustim. Ja kao balerina plešem okolo njega i udarim da magičnim štapićem i kažem “ne danas”!!,bes,2026-03-31T07:19:45.953756+00:00
ff106,18,13,1475365621261115394,"Kako ovakve situacije #NisamPrijavila uvek izbace na povrsinu pravi talog i one skivene bolesnike, ogole ih sami se jave kao najveci sljam. Tuga je jos veca jer je mnogo zena medju njima",gađenje,2026-03-31T07:19:56.323585+00:00
ff106,18,14,1475414698283700225,@[user] Samo se ti zajebavaj posle ce da bude #nisamprijavila a muz ti brani😂😂,Emocionalno neutralno,2026-03-31T07:20:10.55355+00:00
ff106,18,15,1475935248328413195,"Razumijem sve razloge onih koje kazu #NisamPrijavila, ali #ProcjenaRizika je upozoravajuca.. 
Zene ubijaju, zar ne ?!",strah,2026-03-31T07:20:26.33267+00:00
ff106,18,16,1475724041386401794,Srecna sam sto nemam licno iskustvo na temu #NisamPrijavila. Ne znam da li me vise plase podeljena iskustva ili komentari manijaka.,strah,2026-03-31T07:20:41.712984+00:00
ff106,18,17,1476241765032251393,"@[user] Ето зашто #NisamPrijavila !!!
Ужас је блага реч.",bes,2026-03-31T07:20:46.420711+00:00
ff106,18,18,1475419654587879424,"Je li se ijedan jedini akter političkog života u CG uključio u dijalog oko #NisamPrijavila, ili se javljaju samo kad im je oportunitetno? Institucije ne moram ni da pominjem.",gađenje,2026-03-31T07:20:56.281307+00:00
ff106,18,19,1475169479030185985,"Vuline, liberalizuj zakon o oružju kako si najavljivao! 

Kad bude pištolj u ženskoj torbici većina tih ""junaka"" će se zavući pod kamen ispod koga su izmilili... #NisamPrijavila",bes,2026-03-31T07:21:10.292213+00:00
ff106,18,20,1475496835980668931,"@[user] Izmišljaju priče zarad popularnosti
#nisamprijavila",Emocionalno neutralno,2026-03-31T07:21:25.981574+00:00
ff106,18,21,1475144619256164357,"meni i ženama i devojkama iz mog okruženja se desilo minimum 100 puta otkad znam za sebe da nas neko uznemirava, jedina je sreća pa sam uvek spremna da se pobijem do krvi sa idiotima i napravim incident i pustite priču nisu svi isti pravda za muškarce bla bla #NisamPrijavila",bes,2026-03-31T07:21:46.509796+00:00
ff106,18,22,1475298523721928704,"Hvala svim predivnim zenama koje su podelile svoju pricu sa nama. Hvala i onim drugim zenama i muskarcima na konstruktivnim savetima. Hvala na razumevanju i spremnosti da nas cujete.
#NisamPrijavila
#nisisama",radost,2026-03-31T07:21:56.83577+00:00
ff106,18,23,1475090852515127305,"prijavila sam, ali sam poželela da #NisamPrijavila jer me je policajac/detektiv odveo na poligraf sa rečenicom ""znaš, devojčice često lažu o silovanju. žele, pa zažale i ih bude sramota pa kažu da su bile silovane.""",gađenje,2026-03-31T07:22:12.89178+00:00
ff106,18,24,1475067001139781635,"#NisamPrijavila Jer nije bilo modrica. Jer je bio omiljen,uspešan,harizmatican,jer mi niko nije verovao. Jer sam posle godinu i po dana njegovog ponavljanja i sama poverovala da sam glupa,nesposobna,nedovoljna,i da je za mene samo kuhinja. 👇",strah,2026-03-31T07:22:25.874013+00:00
ff106,18,25,1475026030830276609,"kad su mi se dešavale te #NisamPrijavila priče, nije mi na pamet padalo da je to kažnjivo, nego sam mislila da to tako funkcioniše, delovalo je da pretpostavljeni ima pravo na takvo ponašanje, a ja mogu da neću, i onda dobijem otkaz a niko me fizički nije ugrozio, sve ok.",tuga,2026-03-31T07:22:46.401239+00:00
ff106,18,26,1475252350164123651,"#NisamPrijavila Jesam, prijavila sam, uzeli su zapisnik i rekli “pozvaćmo ga na informativni razgovor ali od ovoga nema ništa”. Njihov kolega koji je bio svedok rekao je da ništa nije video 🤷🏻‍♀️",gađenje,2026-03-31T07:23:00.737204+00:00
ff106,18,27,1475034322356867073,"#NisamPrijavila boli svaka vasa rec napisana. Izvinite za svaki put kad vas nismo razumeli, zastitili, saslusali... Molim vas nastavite da govorite!",tuga,2026-03-31T07:23:10.623984+00:00
ff106,18,28,1476235783677923329,"Док се неки питају зашто баш сада кампања #nisamprijavila у Сомбору је убијена цела једна породица и то од руке ""главе породице"" - насилника који је пре 5 дана изашао из затвора и имао забрану приласка.",gađenje,2026-03-31T07:23:22.6191+00:00
ff106,18,29,1475513119833305092,"Tag #NisamPrijavila je možda najvažniji tag koji se pojavio u virtuelnom i realnom prostoru. Činjenica je da pol ne određuje karakter i da su generalizacije bolne. Ali, nešto sa našim muškim svetom debelo nije u redu. Vi, dragi i normalni muškarci, nemojte se osetiti prozvanim.",Emocionalno neutralno,2026-03-31T07:23:43.947951+00:00
ff106,18,30,1475359978089287680,"Ko ne moreš verjet, kakšne pošasti se skrivajo okrog nas, si prebereš nekaj zapisov pod #NisamPrijavila in ti je lahko slabo.",Ne mogu da razumem,2026-03-31T07:23:50.703596+00:00
ff106,18,31,1475389741302489088,"#Nisamprijavila ...
Čitam i ne mogu da se ne gadim muškog roda.
Da se razumijemo, đubre sam na mnogo načina, ali zlostavljati ženu ili dijete do traume za života!??
I ne umijem pojmiti drugačiju kaznu do otkidanja glave skotu...",gađenje,2026-03-31T07:24:03.818677+00:00
ff106,18,32,1475174419979018246,"Ja nikad neću skupiti hrabrost da detaljno napišem #NisamPrijavila tvit, a svima vama koji jeste, svaka čast.",strah,2026-03-31T07:24:09.767593+00:00
ff106,18,33,1475337793421422592,Nocas je bilo tesko i potresno slusati spejs #NisamPrijavila sve pohvale za hrabrobrost svim zenama i devojkama koje su se ukljucivale i iznosile uzasne potresne traume koje su dozivele. Trebalo bi nastaviti sa pritiskom na celokupnu javnost da se takve stvari vise ne dese nikome,tuga,2026-03-31T07:24:21.663678+00:00
ff106,18,34,1475574104023605248,"#nisamprijavila jer kako posle svega da pogledam svojoj majci u oči i da ih vidim pune suza. Dovoljne su bile jedne, moje.",tuga,2026-03-31T07:24:32.287531+00:00
ff106,18,35,1475041433925128193,"#NisamPrijavila ni posle treceg puta kada me je gusio sve dok nisam bila na ivici onesvescivanja. Tome su prethodile moje reci da odlazim. 
Niko nije znao. Nikome ne mozete ni da objasnite zasto niste rekli. 
Zato sto je svest pomucena, rasudjivanje zaliveno suzama.",strah,2026-03-31T07:24:47.664989+00:00
ff106,18,36,1475077038268723204,"Pratite tag #NisamPrijavila i podržite žene koje su se osnažile da pišu o svojim iskustvima i prekinu relativizaciju nasilja ❤
Svaka priča je važna 💫",radost,2026-03-31T07:24:54.495934+00:00
ff106,18,37,1475745779147055104,"#NisamPrijavila Kada kao u Grčkoj ćerke budu dobijale na dar stan od svojih roditelja kada se udaju, onda će i kod nas biti lakše otići i ne morati trpeti.(nadam se da je još uvek tamo takav običaj)",iščekivanje,2026-03-31T07:25:07.192032+00:00
ff106,18,38,1475895777176260610,"#NisamPrijavila jer sam se plašila, pretili su mi da moram da ćutim. Plašila sam se njih, plašila sam se roditelja da ne saznaju, plašila sam se osude. Zapravo nisam ni znala šta mi se desilo, jer sam imala samo 12... Kako sam rasla, počela sam da shvatam težinu dela",strah,2026-03-31T07:25:20.797886+00:00
ff106,18,39,1475083385664061446,"Го читам хаштагов #nisamprijavila и единствено што знам е дека мора на децата да им влееме доволно доверба и да им пружиме доволно љубов и поддршка да знаат дека секогаш ама СЕКОГАШ ќе имаат некој кој ќе ги сослуша и ќе ги заштити, без разлика дали имале 15, 25 или 35 години.",Ne mogu da razumem,2026-03-31T07:25:24.572915+00:00
ff106,18,40,1475270273855373316,"Ja ceo dan čitam tvitove sa #nisamprijavila i uopste se ne pronalazim dok ne shvatih da sam potisnula u mali mozak da su šamar i vučenje za kosu na sred trga u gradu (naočigled svih ljudi iz obližnjeg fast food-a) nasilje.
Nazivajte stvari pravim imenima.
Hvala za hešteg.",poverenje,2026-03-31T07:25:40.745349+00:00
ff106,18,41,1475434928833765377,"#NisamPrijavila jer sam imala 5 godina i jer sam mislila da sam ja kriva što sam pristala da skinem odeću i sednem starijem dečku u krilo, jer me je nagovorio, a šta sam znala sa 5 godina. Sem to da sam istraumirana godinama posle od tog događaja.",tuga,2026-03-31T07:25:59.512749+00:00
ff106,18,42,1475041872175378435,#Nisamprijavila Prijavljujte sve! Svaki dan ih prijavljujte!,Emocionalno neutralno,2026-03-31T07:26:07.190309+00:00
ff106,18,43,1475519523226898433,"@[user] Tragedija, tisuće teških priznanja i skupljenih hrabrosti objavljivanja svoje intime na #nisamprijavila. I onda ekipa dodje i kmeči bezbrojnim postovima na sav glas o tragediji generalizacije prema muškom rodu, i to zbog par priglupih komentara u moru objava.
#attentionwhores",bes,2026-03-31T07:26:23.161278+00:00
ff106,18,44,1480306212893863940,#NisamPrijavila momenat me je toliko potresao da sam počela da sanjam neke svoje verzije inspirisane svim tim priznanjima žena.,tuga,2026-03-31T07:26:30.759619+00:00
ff106,18,45,1475516461011644420,#NisamPrijavila jer državne/javne institucije ne daju sigurnost ženama i zato što te iste osobe gledaju žene kao da su zaslužile to što si im se desilo i teraju te da proživljavaš traumu iznova i iznova. Žena je uvek kriva što je nasilje izvršeno nad njom. I javno te obeleže.,bes,2026-03-31T07:26:46.432591+00:00
ff106,18,46,1475611319353098244,препричана искуства из #NisamPrijavila су само показатељ колико нам је друштво на јако лошем месту. Подршка свакој жени❤️,tuga,2026-03-31T07:26:53.400923+00:00
ff106,18,47,1475069954739347458,#Nisamtrazila #Nisamprijavila full suport!,radost,2026-03-31T07:26:58.276413+00:00
ff106,18,48,1475337988439781384,"#NisamPrijavila jer sam imala 5 godina, jer nisam rekla nikom i nisam znala sta mi je ciniti i jer me je bilo sramota i jer mi je 19 godina trebalo da progovorim o tome sa vrlo bliskim krugom ljudi. I jer je sada verovatno kasno za #PrijavilaSam Eto...",strah,2026-03-31T07:27:10.860469+00:00
ff106,18,49,1475108760137969668,"#NisamPrijavila jer od šoka organizam stvori različite mehanizme odbrane. Derealizaciju, paralisanost od stresa, poricanje, pa čak i gubitak sećanja o događaju. Godine su nekad potrebne da mozak rekonstruiše sve i da dođeš do tog mirnog stanja da kažeš: desilo se.",strah,2026-03-31T07:27:25.112143+00:00
ff107,18,0,1475246429920800779,"@[user] 👏👏👏😂😂😂#energija...
#NisamPrijavila jer me niko nikad nije zlostavljao posto sam sama, a sebe niko ne prijavljuje...",Ne mogu da razumem,2026-03-31T07:16:33.484444+00:00
ff107,18,1,1475464657313972224,"#NisamPrijavila i ne znam da li ću ikada.
Zato što se bojim za svoj život.
Zato što sam godinama psihički zlostavljana i ne znam da li imam snage da prijavim.
Zato što je mala opština i poznaje sve policajce koji su mu i prijatelji.
Zato što me nije nikada 'jako' udario, kako  ⬇️",strah,2026-03-31T07:16:55.013572+00:00
ff107,18,2,1475199244525056006,"Zastrasujuca i porazavajuca je kolicina  #nisamprijavila tvitova. 😔

NE znaci NE, i tu nema nikakve polemike, to mora da se utuvi muskarcima u glavu od malena",bes,2026-03-31T07:18:11.863103+00:00
ff107,18,3,1475378419517075457,"#nisamprijavila Jebem li vam svima majku koji ste svaku zenu dotakli mimo njihove volje!! Vratice se vasim cerkama,sestrama....",bes,2026-03-31T07:18:28.468234+00:00
ff107,18,4,1478124060903198733,"@[user] ali i ti se mešaš u stvari koje očigledno ne razumeš. ne podržavaš #nisamprijavila i pošto te očigledno boli kurac, samo pokazuješ time da si i ti deo problema i ovo nije prvi put da komentarišeš nešto ovako. ako ne razumeš o čemu pričaš, nemoj se ni mešati.",Emocionalno neutralno,2026-03-31T07:19:36.181483+00:00
ff107,18,5,1475149478285905920,"Iskreno citam #nisamprijavila i mogu vam reći Moje ♥️ JE sa Vama. Ja ne mogu da verujem kolilo tih slucajeva postoji i ko sve živi u nasoj blizini.

Drzite se.",poverenje,2026-03-31T07:20:21.389744+00:00
ff107,18,6,1476929713465667586,"Taj pakao ne može da se prekine, samo se produbljuje i nema kraja.

Neću da ti dam da vodiš dete nigde, ubiću te… Osećaj krivice… Možda stvarno završi kao neka od žena… 

#Nisamprijavila jer dolaziće policija, porodicu svi znaju…

I da, #samesmo",Emocionalno neutralno,2026-03-31T07:21:00.695705+00:00
ff107,18,7,1475093978076917768,"#NisamPrijavila jer smo bili u vezi i ""voleli se"", a i zato što to nisam tada razumela..Pa šta ako smo se posvađali toliko da je njemu bilo ok da mi stavi ruke oko vrata da me davi? Pa šta ako smo se tukli u hodniku zgrade? Pa šta ako niko nije otvorio vrata i pozvao policiju?",bes,2026-03-31T07:21:52.301565+00:00
ff107,18,8,1475078474268389377,"što pre došlo do reforme istog, u kom su institicijalizovana mizoginija i princip ""slika, ili se nije desilo"" i te kako prisutni. ovim putem želim istovremeno da pružim ogromnu podršku za hrabrost svim #nisamprijavila i #nisisama žrtvama! zajedno smo u ovome! &lt;3",poverenje,2026-03-31T07:22:25.223115+00:00
ff107,18,9,1475048580058693637,"#nisamprijavila .... roman veka, pisan od strane žena koje srećemo, poznajemo, rod su nam, roman namenjen nama, muškarcima. Njima veeeliko ♥️, nama jak stomak i preispitivanje, iskreno.",Ne mogu da razumem,2026-03-31T07:22:56.214613+00:00
ff107,18,10,1475547952278028291,@[user] @[user] Evo ti hashtag #NisamPrijavila. Što čekaš. Reagiraj. Bori se.,Ne mogu da razumem,2026-03-31T07:23:32.80098+00:00
ff107,18,11,1475179009910747136,"Pročitao 20-ak priča #NisamPrijavila i došao do jednostavnog zaključka živimo u društvu jebenih manijaka. Komšije i rođaci pedofili, muževi i momci posesivni ludaci, gomila uticajnih i uglađenih muškaraca su zapravo teško dno.",gađenje,2026-03-31T07:23:44.69155+00:00
ff107,18,12,1475447123437146117,#nisamprijavila jer se u podrumu nalazi ta osoba privezana za stolcu i moli boga svaki dan da ga pustim. Ja kao balerina plešem okolo njega i udarim da magičnim štapićem i kažem “ne danas”!!,Ne mogu da razumem,2026-03-31T07:24:24.13756+00:00
ff107,18,13,1475365621261115394,"Kako ovakve situacije #NisamPrijavila uvek izbace na povrsinu pravi talog i one skivene bolesnike, ogole ih sami se jave kao najveci sljam. Tuga je jos veca jer je mnogo zena medju njima",gađenje,2026-03-31T07:24:35.650028+00:00
ff107,18,14,1475414698283700225,@[user] Samo se ti zajebavaj posle ce da bude #nisamprijavila a muz ti brani😂😂,Ne mogu da razumem,2026-03-31T07:24:44.462218+00:00
ff107,18,15,1475935248328413195,"Razumijem sve razloge onih koje kazu #NisamPrijavila, ali #ProcjenaRizika je upozoravajuca.. 
Zene ubijaju, zar ne ?!",Ne mogu da razumem,2026-03-31T07:25:01.763094+00:00
ff107,18,16,1475724041386401794,Srecna sam sto nemam licno iskustvo na temu #NisamPrijavila. Ne znam da li me vise plase podeljena iskustva ili komentari manijaka.,strah,2026-03-31T07:25:27.110159+00:00
ff107,18,17,1476241765032251393,"@[user] Ето зашто #NisamPrijavila !!!
Ужас је блага реч.",gađenje,2026-03-31T07:25:31.893574+00:00
ff107,18,18,1475419654587879424,"Je li se ijedan jedini akter političkog života u CG uključio u dijalog oko #NisamPrijavila, ili se javljaju samo kad im je oportunitetno? Institucije ne moram ni da pominjem.",gađenje,2026-03-31T07:25:43.881985+00:00
ff107,18,19,1475169479030185985,"Vuline, liberalizuj zakon o oružju kako si najavljivao! 

Kad bude pištolj u ženskoj torbici većina tih ""junaka"" će se zavući pod kamen ispod koga su izmilili... #NisamPrijavila",gađenje,2026-03-31T07:25:56.335362+00:00
ff107,18,20,1475496835980668931,"@[user] Izmišljaju priče zarad popularnosti
#nisamprijavila",Ne mogu da razumem,2026-03-31T07:26:13.518795+00:00
ff107,18,21,1475144619256164357,"meni i ženama i devojkama iz mog okruženja se desilo minimum 100 puta otkad znam za sebe da nas neko uznemirava, jedina je sreća pa sam uvek spremna da se pobijem do krvi sa idiotima i napravim incident i pustite priču nisu svi isti pravda za muškarce bla bla #NisamPrijavila",bes,2026-03-31T07:26:33.864263+00:00
ff107,18,22,1475298523721928704,"Hvala svim predivnim zenama koje su podelile svoju pricu sa nama. Hvala i onim drugim zenama i muskarcima na konstruktivnim savetima. Hvala na razumevanju i spremnosti da nas cujete.
#NisamPrijavila
#nisisama",radost,2026-03-31T07:26:46.456045+00:00
ff107,18,23,1475090852515127305,"prijavila sam, ali sam poželela da #NisamPrijavila jer me je policajac/detektiv odveo na poligraf sa rečenicom ""znaš, devojčice često lažu o silovanju. žele, pa zažale i ih bude sramota pa kažu da su bile silovane.""",gađenje,2026-03-31T07:27:04.231197+00:00
ff107,18,24,1475067001139781635,"#NisamPrijavila Jer nije bilo modrica. Jer je bio omiljen,uspešan,harizmatican,jer mi niko nije verovao. Jer sam posle godinu i po dana njegovog ponavljanja i sama poverovala da sam glupa,nesposobna,nedovoljna,i da je za mene samo kuhinja. 👇",tuga,2026-03-31T07:27:35.407322+00:00
ff107,18,25,1475026030830276609,"kad su mi se dešavale te #NisamPrijavila priče, nije mi na pamet padalo da je to kažnjivo, nego sam mislila da to tako funkcioniše, delovalo je da pretpostavljeni ima pravo na takvo ponašanje, a ja mogu da neću, i onda dobijem otkaz a niko me fizički nije ugrozio, sve ok.",gađenje,2026-03-31T07:27:59.592727+00:00
ff107,18,26,1475252350164123651,"#NisamPrijavila Jesam, prijavila sam, uzeli su zapisnik i rekli “pozvaćmo ga na informativni razgovor ali od ovoga nema ništa”. Njihov kolega koji je bio svedok rekao je da ništa nije video 🤷🏻‍♀️",bes,2026-03-31T07:28:21.956387+00:00
ff107,18,27,1475034322356867073,"#NisamPrijavila boli svaka vasa rec napisana. Izvinite za svaki put kad vas nismo razumeli, zastitili, saslusali... Molim vas nastavite da govorite!",tuga,2026-03-31T07:28:29.232393+00:00
ff107,18,28,1476235783677923329,"Док се неки питају зашто баш сада кампања #nisamprijavila у Сомбору је убијена цела једна породица и то од руке ""главе породице"" - насилника који је пре 5 дана изашао из затвора и имао забрану приласка.",gađenje,2026-03-31T07:28:42.576027+00:00
ff107,18,29,1475513119833305092,"Tag #NisamPrijavila je možda najvažniji tag koji se pojavio u virtuelnom i realnom prostoru. Činjenica je da pol ne određuje karakter i da su generalizacije bolne. Ali, nešto sa našim muškim svetom debelo nije u redu. Vi, dragi i normalni muškarci, nemojte se osetiti prozvanim.",Emocionalno neutralno,2026-03-31T07:29:08.136996+00:00
ff107,18,30,1475359978089287680,"Ko ne moreš verjet, kakšne pošasti se skrivajo okrog nas, si prebereš nekaj zapisov pod #NisamPrijavila in ti je lahko slabo.",gađenje,2026-03-31T07:29:38.717809+00:00
ff107,18,31,1475389741302489088,"#Nisamprijavila ...
Čitam i ne mogu da se ne gadim muškog roda.
Da se razumijemo, đubre sam na mnogo načina, ali zlostavljati ženu ili dijete do traume za života!??
I ne umijem pojmiti drugačiju kaznu do otkidanja glave skotu...",gađenje,2026-03-31T07:29:40.144491+00:00
ff107,18,32,1475174419979018246,"Ja nikad neću skupiti hrabrost da detaljno napišem #NisamPrijavila tvit, a svima vama koji jeste, svaka čast.",Emocionalno neutralno,2026-03-31T07:29:41.28224+00:00
ff107,18,33,1475337793421422592,Nocas je bilo tesko i potresno slusati spejs #NisamPrijavila sve pohvale za hrabrobrost svim zenama i devojkama koje su se ukljucivale i iznosile uzasne potresne traume koje su dozivele. Trebalo bi nastaviti sa pritiskom na celokupnu javnost da se takve stvari vise ne dese nikome,poverenje,2026-03-31T07:31:26.850489+00:00
ff107,18,34,1475574104023605248,"#nisamprijavila jer kako posle svega da pogledam svojoj majci u oči i da ih vidim pune suza. Dovoljne su bile jedne, moje.",tuga,2026-03-31T07:31:34.746781+00:00
ff107,18,35,1475041433925128193,"#NisamPrijavila ni posle treceg puta kada me je gusio sve dok nisam bila na ivici onesvescivanja. Tome su prethodile moje reci da odlazim. 
Niko nije znao. Nikome ne mozete ni da objasnite zasto niste rekli. 
Zato sto je svest pomucena, rasudjivanje zaliveno suzama.",tuga,2026-03-31T07:31:54.718399+00:00
ff107,18,36,1475077038268723204,"Pratite tag #NisamPrijavila i podržite žene koje su se osnažile da pišu o svojim iskustvima i prekinu relativizaciju nasilja ❤
Svaka priča je važna 💫",poverenje,2026-03-31T07:32:01.957966+00:00
ff107,18,37,1475745779147055104,"#NisamPrijavila Kada kao u Grčkoj ćerke budu dobijale na dar stan od svojih roditelja kada se udaju, onda će i kod nas biti lakše otići i ne morati trpeti.(nadam se da je još uvek tamo takav običaj)",Emocionalno neutralno,2026-03-31T07:32:16.221808+00:00
ff107,18,38,1475895777176260610,"#NisamPrijavila jer sam se plašila, pretili su mi da moram da ćutim. Plašila sam se njih, plašila sam se roditelja da ne saznaju, plašila sam se osude. Zapravo nisam ni znala šta mi se desilo, jer sam imala samo 12... Kako sam rasla, počela sam da shvatam težinu dela",strah,2026-03-31T07:32:30.839943+00:00
ff107,18,39,1475083385664061446,"Го читам хаштагов #nisamprijavila и единствено што знам е дека мора на децата да им влееме доволно доверба и да им пружиме доволно љубов и поддршка да знаат дека секогаш ама СЕКОГАШ ќе имаат некој кој ќе ги сослуша и ќе ги заштити, без разлика дали имале 15, 25 или 35 години.",Emocionalno neutralno,2026-03-31T07:32:47.807192+00:00
ff107,18,40,1475270273855373316,"Ja ceo dan čitam tvitove sa #nisamprijavila i uopste se ne pronalazim dok ne shvatih da sam potisnula u mali mozak da su šamar i vučenje za kosu na sred trga u gradu (naočigled svih ljudi iz obližnjeg fast food-a) nasilje.
Nazivajte stvari pravim imenima.
Hvala za hešteg.",Emocionalno neutralno,2026-03-31T07:33:10.427373+00:00
ff107,18,41,1475434928833765377,"#NisamPrijavila jer sam imala 5 godina i jer sam mislila da sam ja kriva što sam pristala da skinem odeću i sednem starijem dečku u krilo, jer me je nagovorio, a šta sam znala sa 5 godina. Sem to da sam istraumirana godinama posle od tog događaja.",tuga,2026-03-31T07:33:22.233402+00:00
ff107,18,42,1475041872175378435,#Nisamprijavila Prijavljujte sve! Svaki dan ih prijavljujte!,Emocionalno neutralno,2026-03-31T07:33:25.332186+00:00
ff107,18,43,1475519523226898433,"@[user] Tragedija, tisuće teških priznanja i skupljenih hrabrosti objavljivanja svoje intime na #nisamprijavila. I onda ekipa dodje i kmeči bezbrojnim postovima na sav glas o tragediji generalizacije prema muškom rodu, i to zbog par priglupih komentara u moru objava.
#attentionwhores",bes,2026-03-31T07:33:52.358005+00:00
ff107,18,44,1480306212893863940,#NisamPrijavila momenat me je toliko potresao da sam počela da sanjam neke svoje verzije inspirisane svim tim priznanjima žena.,strah,2026-03-31T07:34:02.051604+00:00
ff107,18,45,1475516461011644420,#NisamPrijavila jer državne/javne institucije ne daju sigurnost ženama i zato što te iste osobe gledaju žene kao da su zaslužile to što si im se desilo i teraju te da proživljavaš traumu iznova i iznova. Žena je uvek kriva što je nasilje izvršeno nad njom. I javno te obeleže.,bes,2026-03-31T07:34:19.43899+00:00
ff107,18,46,1475611319353098244,препричана искуства из #NisamPrijavila су само показатељ колико нам је друштво на јако лошем месту. Подршка свакој жени❤️,Emocionalno neutralno,2026-03-31T07:34:26.680481+00:00
ff107,18,47,1475069954739347458,#Nisamtrazila #Nisamprijavila full suport!,poverenje,2026-03-31T07:34:30.624034+00:00
ff107,18,48,1475337988439781384,"#NisamPrijavila jer sam imala 5 godina, jer nisam rekla nikom i nisam znala sta mi je ciniti i jer me je bilo sramota i jer mi je 19 godina trebalo da progovorim o tome sa vrlo bliskim krugom ljudi. I jer je sada verovatno kasno za #PrijavilaSam Eto...",tuga,2026-03-31T07:34:43.439591+00:00
ff107,18,49,1475108760137969668,"#NisamPrijavila jer od šoka organizam stvori različite mehanizme odbrane. Derealizaciju, paralisanost od stresa, poricanje, pa čak i gubitak sećanja o događaju. Godine su nekad potrebne da mozak rekonstruiše sve i da dođeš do tog mirnog stanja da kažeš: desilo se.",Emocionalno neutralno,2026-03-31T07:34:57.581115+00:00
ff108,19,0,1474883068007747586,"na koju se grejemo beba od mesec dana i mi. 
#nisamprijavila jer nije bilo vidljivo na telu vređanje, finansijska kontrola, ignorisanje (silent treatment) mene danima ako se usudim da kažem nešto što nije po volji. #nisamprijavila jer je u društvu bio nasmejan, veseo, duhovit",Emocionalno neutralno,2026-03-31T07:17:49.310733+00:00
ff108,19,1,1475102661431209992,"svaka cast svima koji su imale hrabrosti da prezive i da napisu svoje price🙌🏼❤️bravo❤️  
#NisamPrijavila desilo se skoro i ne zelim da pravim dramu,smatram da je mala stvar i da nece mnogo da se preduzme oko toga i tek ce onda da prodje prica oko celog grada",Emocionalno neutralno,2026-03-31T07:18:18.066262+00:00
ff108,19,2,1475153035525509120,Oprosti mi što #nisamprijavila ja onda kad ti nisi imala snage!,bes,2026-03-31T07:18:43.559504+00:00
ff108,19,3,1475555273943265280,"I, da, #NisamPrijavila ali to je sad nebitno. Bitno je da sam preživela i ojačala zahvaljujući sličnim sebi, a ima nas previše.",poverenje,2026-03-31T07:19:01.822626+00:00
ff108,19,4,1475099694674100235,"posebno to što kod sebe imaju oružje (taj deo ""normalnosti"" korišćenja oružja koji usvoje kroz službu je tek posebna tema). 

Glupo je da kažem da je sjajno ovo #nisamprijavila - ali šta ćemo dalje? 

Ja nisam stručna ali evo neka neka nadležna institucija iz tekstova sa",Ne mogu da razumem,2026-03-31T07:19:30.914435+00:00
ff108,19,5,1475298054093910022,"#NisamPrijavila 
... zato što su možda obrasci isti, ali je svačija priča različita.

Dakle, bez mnogo priče dok ne znate priču.",Emocionalno neutralno,2026-03-31T07:20:08.182763+00:00
ff108,19,6,1475108790949318666,Ja jos uvek nisam spremna da napisem sta i zasto #NisamPrijavila ali sam procitala svaki tvit i verujem da svet ostavljamo boljim mestom jer sada znamo sta nije u redu,poverenje,2026-03-31T07:20:30.664933+00:00
ff108,19,7,1475960829581352967,"@[user] @[user] Ali to ne umanjuje ni značaj ni validnost pokreta. On ne može da umanji poverenje u institucije, jer institucije ne postoje. #nisamprijavila je poziv za stvaranje institucija koje će se brinuti o žrtvama.",Emocionalno neutralno,2026-03-31T07:21:06.285182+00:00
ff108,19,8,1475438864869306375,"""Ich habs nicht gemeldet. Bei uns glauben sie nicht mal den toten Frauen. Den lebendigen schon gar nicht."" Es ist wahr und erschütternd. #NisamPrijavila",bes,2026-03-31T07:21:16.030211+00:00
ff108,19,9,1475168300015497223,"@[user] Nažalost, svugdje je tako... Imala sam i ja takvih #NisamPrijavila situacija na bacanje, ali blažih. Čak i ono što sam prijavila dočekano je s ""Ma, izmišljaš gluposti"".",Emocionalno neutralno,2026-03-31T07:22:42.707813+00:00
ff108,19,10,1475369912981929985,"#nisamprijavila jer je bilo psihicko maltretiranje,jer sam ga se plasila,jer mi je trebalo vremena da shvatim sta se desava,jer se desavalo u periodu od god dana nakon smrti moje majke i bila sam jako ranjiva,jako tesko sam podnela njen gubitak,nisam prijavila jer znam da ne mogu",strah,2026-03-31T07:23:01.112539+00:00
ff108,19,11,1475582227048280064,ali ovi bolesnici koji na #NisamPrijavila reaguju sa svojim jeftinim šalama i propalim humorom zaslužuju pakao i ništa manje od toga,bes,2026-03-31T07:23:29.31265+00:00
ff108,19,12,1475767866851008514,#nisamprijavila jer je trebalo da prodje 7 godina da prepoznam da je to sto se desilo bilo silovanje. Posle rada sa psihoterapeutom i terapije MDMA-em sam mnogo manje besna i znam da smo svi uzasno propatili od katastrofalne seksualne edukacije iz porno filmova. 1/2,gađenje,2026-03-31T07:23:52.15541+00:00
ff108,19,13,1475515598536904713,"@[user] je prva napravila rupu u toj brani ćutanja. Sledeći je, hiljade su progovorile ili pružile podršku i kao reka probile branu. Ne treba da dozvolimo, da se brana ponovo podigne, zbog onih koje su progovorile #NisamPrijavila i onih koje nisu. Zbog svih nas 💜",poverenje,2026-03-31T07:24:31.420856+00:00
ff108,19,14,1475786710743142412,Ogromna podrška za sve žene koje su skupile hrabrosti da posle toliko godina obelodane tamu. ❤️ #nisamprijavila,poverenje,2026-03-31T07:24:35.365533+00:00
ff108,19,15,1475048760778629120,"Čitam sve #Nisamprijavila. Ako niste među njima, zahvalite se Bogu, iščitajte i nemojte nikad, ama nikad, da ne budete podrška nekoj ženi.",bes,2026-03-31T07:24:52.796198+00:00
ff108,19,16,1475927395290992641,"numero je detaljan prikaz kako i zlostavljaci imaju baby face, izgledaju otuzno i nevino dok se unutar 4 zida desava kaos.
Nikad mi se netko nije tako brzo zgadio (bio mi je jedan od najdrazih repera u hazzeovom zlatnom vremenu) sad mi se okrece zeludac na njega #NisamPrijavila",gađenje,2026-03-31T07:25:10.83351+00:00
ff108,19,17,1475601987441987590,"Čitam #NisamPrijavila i ono što me najviše brine jeste kultura nasilja koja cveta među devojčicama i dečacima uzrasta 12, 13 i stariji. Ta kultura nasilja dosta je vidljiva na TikToku, a najbolje se ogleda kroz trend muziku. Na primer: “opije, pa dobije šamare, b**a masna” Nucci",Emocionalno neutralno,2026-03-31T07:25:40.397531+00:00
ff108,19,18,1475069694377926660,#NisamPrijavila jer nisam kome da se obratim. Ćale me savetovao da ako slučajno ostanem trudna da nikako ne smem da abortiram jer posle toga sigurno više neću moći da imam dete.,Ne mogu da razumem,2026-03-31T07:26:02.901469+00:00
ff108,19,19,1475828252291878915,"#nisamprijavila
Jer mi je bio dugogodišnji prijatelj. Jer sam se bojala što će drugi reći.
Jer nisam htjela da me itko drukčije gleda zbog toga.
Jer sam bila mlada i nisam mislila da bi mi itko vjerovao.
I dalje šutim, i nikome nisam rekla.",strah,2026-03-31T07:26:18.296967+00:00
ff108,19,20,1475666867222163464,"Prijavila sam, ali poželjela da #NisamPrijavila jer mi je inspektor rekao ""ma to vam se on udvara na jedan poseban način""",gađenje,2026-03-31T07:26:35.085547+00:00
ff108,19,21,1475107918542479363,"Citam #NisamPrijavila i u glavi mi je samo moja baba kako place jer ju je deda maltretirao 50 godina, fizicki a o psihickom da ne pricam. Tolike traume da je dolazila svaki dan uplakana i zalila mi se da ga sanja kako je davi. Spava u drugoj sobi i zakljucava vrata u toku noci.",Emocionalno neutralno,2026-03-31T07:27:02.786329+00:00
ff108,19,22,1475534095191089152,"#NisamPrijavila je prilika ne samo da se čuje glas žena koje su žrtve, i da svi stanu uz njih, nego i da se skrene pažnja na taj naš model odgajanja muškaraca koji su emotivni balvani.",iščekivanje,2026-03-31T07:27:20.861174+00:00
ff108,19,23,1475151815218020357,#božić Zemljanke se resetovale sa #metoo na #nisamprijavila .,Ne mogu da razumem,2026-03-31T07:27:27.19367+00:00
ff108,19,24,1475522956872888320,"U nastavku #NisamPrijavila serijala, drugovi iz odeljenja koji su nas devojčice ubeđivali da koketiramo sa profesorom ustava i prava građana koji je kasnije i uhapšen zbog pedofilije, kako on ne bi pitao za ocenu.",Ne mogu da razumem,2026-03-31T07:27:39.94285+00:00
ff108,19,25,1475079429684707332,"Strah i stid, sa jedne strane, kombinovan s neznanjem procedure prijave i postupanja, sa druge strane. I eto nas kod ovolikog  broja #NisamPrijavila. Prijavljeni slučajevi samo vrh ledenog brega nasilja.",strah,2026-03-31T07:27:47.37697+00:00
ff108,19,26,1475436359934484485,"Ova priča oko #NisamPrijavila  postaje toliko teška ali potrebna da se pročita i da ljudi, pa i ja među ostalima, shvatimo da je to stvarno i da se dešava u velikom broju.",Emocionalno neutralno,2026-03-31T07:27:56.118325+00:00
ff108,19,27,1475153406847332353,"#NisamPrijavila jer nakon sto sam rekla majci, upitala me jesam li sigurna da me mozda nije samo stipkao. Imala sam samo 12 godina. To mi je bio stric.",Emocionalno neutralno,2026-03-31T07:28:25.741465+00:00
ff108,19,28,1475199587069607942,Imam dvije kćerke i posle čitanja svega na #NisamPrijavila mislim da više ništa neće biti isto... Velika podrška i ljubav za sve vas! 🍀💕,poverenje,2026-03-31T07:28:33.833168+00:00
ff108,19,29,1475836566002180096,"Potom #nisamprijavila jer me je bilo stid,više nisam bila mala.Nisam jer sam se bojala da će da se sveti.Nisam jer sam u krug imala strah i stid.Nisam jer nisam verovala da postoji zaštita.Dok nisam smogla snage i zauzela se za sebe,sama. No,nisam.Drugi put. Detalja se ne sećam.",strah,2026-03-31T07:28:48.157552+00:00
ff108,19,30,1475762691490951169,Ех да сам добио динар за сваки пут кад су ми рекли #ПаТиСиМушко могао бих из свог џепа да искеширам кампању #NisamPrijavila са све рачуном мале врањанке из мека.,Ne mogu da razumem,2026-03-31T07:28:58.039501+00:00
ff108,19,31,1475433653341675523,"place mi se dok citam postove #NisamPrijavila i razmisljam koliko devojaka i zena iz manjih mesta i sela, koje ne koriste internet i ne znaju ni sta je tviter, prozivljava zlostavljanje.",tuga,2026-03-31T07:29:05.008233+00:00
ff108,19,32,1475428973937057796,"Jedan od top 3 najdebilnija komentara koja sam videla tokom ovog #NisamPrijavila pokreta je onaj “Niko ne zaslužuje naravno, ali zaboga pa šta si očekivala od lika koji deluje tako i tako..?” Šta je s vama jel ste bolesni?",bes,2026-03-31T07:29:13.398264+00:00
ff108,19,33,1475737923953831938,"stav da je #NisamPrijavila obeshrabrivanje žena je nešto najgluplje što sam ovde pročitala. nekoj ženi je dovoljno što može da ispriča svoju priču, da joj se poveruje i da vidi da postoji mreža podrške.",bes,2026-03-31T07:29:47.562945+00:00
ff108,19,34,1475193173802692609,Bojim se da najteže priče sa #NisamPrijavio #NisamPrijavila nikada nećemo pročitati,tuga,2026-03-31T07:30:22.291974+00:00
ff108,19,35,1475461047914233861,"@[user] Jel' bolje ovako:
#NisamPrijavila je #nebitno u najčistijoj formi. Zašto feministi ne rešavaju rak koji ubije dnevno 30 žena evo ni sam ne znam. Npr:
#NisamPrijavilaLošeUsloveUBolnici #NisamPrijavilaDoktoraAmatera #NisamPrijavilaKvrgu
#NisamPrijavilaPregled #NisamPrijavilaHPV",Ne mogu da razumem,2026-03-31T07:30:38.629577+00:00
ff108,19,36,1475781708838748164,"@[user] @[user] @[user] Zamisli sta je njen odgovor iznad.
Psihičke bolesti su danas na svakom koraku.
Kao da se takav odnos nece prevesti i van kreveta nego ce samo ostati u njemu.
Posle sledi kukanje #NisamPrijavila",Ne mogu da razumem,2026-03-31T07:30:54.826774+00:00
ff108,19,37,1475341359934590977,"u pričama pod #NisamPrijavila je ispričano puno toga, ali da je tolika stopa incesta i pedofilije... ljudi raspašću se",tuga,2026-03-31T07:31:03.291598+00:00
ff108,19,38,1475243336692871169,"@[user] Problem nastaje kada sam pametna i sednem u auto sa poznatim momkom, a desi se baš o čemu pričamo ceo ovaj dan. Tužno je što ne shvatate kontekst priče i zbog ovakvih komentara devojke nisu prijavile. #NisamPrijavila",bes,2026-03-31T07:31:30.585111+00:00
ff108,19,39,1475400656588521479,"ako ti padne na pamet da osudiš neku od skoro DESET HILJADA žena koje su u poslednja dva dana podelile #nisamprijavila objavu, pročitaj bar jednu ispovest ponovo i zamisli da ju je napisala tvoja majka, sestra ili ćerka.",bes,2026-03-31T07:31:42.80139+00:00
ff108,19,40,1478098408061685761,1010101 - velika energija. Rispekt za #nisamprijavila i sve što si u vezi sa tim naknadno pokrenula. Top humor,Ne mogu da razumem,2026-03-31T07:31:48.365989+00:00
ff108,19,41,1475233341012164620,знате паскалову опкладу то је оно као 50% су шансе да бог постоји више ти се исплати да живиш живот у складу са тиме да бог постоји па ако не постоји ником ништа а ако постоји добијаш добру позицију у загробном животу е тако ми пролази кроз главу док слушам овај #nisamprijavila,Ne mogu da razumem,2026-03-31T07:31:58.777153+00:00
ff108,19,42,1475415993635717123,Ukoliko ne razumete haštag #nisamprijavila onda ste upravo vi razlog zbog čega on postoji.,Emocionalno neutralno,2026-03-31T07:32:07.856005+00:00
ff108,19,43,1475428354648072193,"A zašto #NisamPrijavila policiji? Kad su došli na uvidjaj nakon pljačke, moju izjavu su pisali u paragon blok, rekli ""pa i nije pametno da cura poput tebe živi sama"", nikad se nisu ni javili niti su ikakav službeni zapisnik sacinili o pljački. Tko mi je kriv što živim sama?",Emocionalno neutralno,2026-03-31T07:32:25.130437+00:00
ff108,19,44,1475610509797904393,"#NisamPrijavila 1.Seksualno nasilje jos u osnovnoj skoli, kada su me decaci ""hvatali"" za guzu. 2. Emocijalno i fizicko nasilje u vezi dok sam bila srednjoskolac, jer me je bilo strah da priznam. A 3. tokom studija; jesam prijavila, ali on nikada nije odgovarao, jer mu znaju tatu!",Emocionalno neutralno,2026-03-31T07:32:42.433534+00:00
ff108,19,45,1475039158380945409,"#NisamPrijavila jer mi je bio dečko, pa se to jelte ne računa",Emocionalno neutralno,2026-03-31T07:32:48.215738+00:00
ff108,19,46,1475790558056665092,"#Nisamprijavila zlostavljanje psihicko na poslu, podmetanje, lazi, iz ciste ljubomore zbog bolesnig mozga koleginice. Ne prenosi informacije, podmece da dajem ulazne cene kupcima,ne daje informacije o carinjenju da bi roba mogla da se isporuci. Drskost, kune se u mrtvog oca da ⤵️",Ne mogu da razumem,2026-03-31T07:33:10.445025+00:00
ff108,19,47,1475377646452326404,"Јбт ово #NisamPrijavila је страшна прича, некако ми никада неће бити јасно, како ти људи што врше то насиље, не почну о тога, да их је мајка родила, па бар због тога неко поштовање, а тек они који имају сестру, стварно одвратно",gađenje,2026-03-31T07:33:23.668596+00:00
ff108,19,48,1475081101081288707,"#NisamPrijavila kad je on nju tukao, a onda ona mene zato što je sramota iznositi iz kuće, a tata nas voli, samo je nervozan. batine su prestale, ali je zlostavljanje nastavljeno, najčešće je bila lujka. da sam prijavila, možda bi ona bila živa danas, možda se ne bi ubila.",Emocionalno neutralno,2026-03-31T07:33:43.039045+00:00
ff108,19,49,1479541501583577091,"Do juče su se zgražavale na priče iz #NisamPrijavila , a danas pišu da je Duško trebao još ranije da počne da bije Karleušu…ŽENA JE ŽENI NAJVEĆI NEPRIJATELJ!!!",bes,2026-03-31T07:34:00.962814+00:00
ff109,19,0,1474883068007747586,"na koju se grejemo beba od mesec dana i mi. 
#nisamprijavila jer nije bilo vidljivo na telu vređanje, finansijska kontrola, ignorisanje (silent treatment) mene danima ako se usudim da kažem nešto što nije po volji. #nisamprijavila jer je u društvu bio nasmejan, veseo, duhovit",Ne mogu da razumem,2026-03-31T07:16:23.749151+00:00
ff109,19,1,1475102661431209992,"svaka cast svima koji su imale hrabrosti da prezive i da napisu svoje price🙌🏼❤️bravo❤️  
#NisamPrijavila desilo se skoro i ne zelim da pravim dramu,smatram da je mala stvar i da nece mnogo da se preduzme oko toga i tek ce onda da prodje prica oko celog grada",tuga,2026-03-31T07:16:39.274742+00:00
ff109,19,2,1475153035525509120,Oprosti mi što #nisamprijavila ja onda kad ti nisi imala snage!,bes,2026-03-31T07:16:49.670168+00:00
ff109,19,3,1475555273943265280,"I, da, #NisamPrijavila ali to je sad nebitno. Bitno je da sam preživela i ojačala zahvaljujući sličnim sebi, a ima nas previše.",radost,2026-03-31T07:17:01.943594+00:00
ff109,19,4,1475099694674100235,"posebno to što kod sebe imaju oružje (taj deo ""normalnosti"" korišćenja oružja koji usvoje kroz službu je tek posebna tema). 

Glupo je da kažem da je sjajno ovo #nisamprijavila - ali šta ćemo dalje? 

Ja nisam stručna ali evo neka neka nadležna institucija iz tekstova sa",Ne mogu da razumem,2026-03-31T07:17:19.835317+00:00
ff109,19,5,1475298054093910022,"#NisamPrijavila 
... zato što su možda obrasci isti, ali je svačija priča različita.

Dakle, bez mnogo priče dok ne znate priču.",poverenje,2026-03-31T07:17:28.531386+00:00
ff109,19,6,1475108790949318666,Ja jos uvek nisam spremna da napisem sta i zasto #NisamPrijavila ali sam procitala svaki tvit i verujem da svet ostavljamo boljim mestom jer sada znamo sta nije u redu,iščekivanje,2026-03-31T07:17:41.777504+00:00
ff109,19,7,1475960829581352967,"@[user] @[user] Ali to ne umanjuje ni značaj ni validnost pokreta. On ne može da umanji poverenje u institucije, jer institucije ne postoje. #nisamprijavila je poziv za stvaranje institucija koje će se brinuti o žrtvama.",bes,2026-03-31T07:17:55.718888+00:00
ff109,19,8,1475438864869306375,"""Ich habs nicht gemeldet. Bei uns glauben sie nicht mal den toten Frauen. Den lebendigen schon gar nicht."" Es ist wahr und erschütternd. #NisamPrijavila",Ne mogu da razumem,2026-03-31T07:18:05.468815+00:00
ff109,19,9,1475168300015497223,"@[user] Nažalost, svugdje je tako... Imala sam i ja takvih #NisamPrijavila situacija na bacanje, ali blažih. Čak i ono što sam prijavila dočekano je s ""Ma, izmišljaš gluposti"".",gađenje,2026-03-31T07:18:17.393975+00:00
ff109,19,10,1475369912981929985,"#nisamprijavila jer je bilo psihicko maltretiranje,jer sam ga se plasila,jer mi je trebalo vremena da shvatim sta se desava,jer se desavalo u periodu od god dana nakon smrti moje majke i bila sam jako ranjiva,jako tesko sam podnela njen gubitak,nisam prijavila jer znam da ne mogu",strah,2026-03-31T07:18:27.888029+00:00
ff109,19,11,1475582227048280064,ali ovi bolesnici koji na #NisamPrijavila reaguju sa svojim jeftinim šalama i propalim humorom zaslužuju pakao i ništa manje od toga,gađenje,2026-03-31T07:18:34.518147+00:00
ff109,19,12,1475767866851008514,#nisamprijavila jer je trebalo da prodje 7 godina da prepoznam da je to sto se desilo bilo silovanje. Posle rada sa psihoterapeutom i terapije MDMA-em sam mnogo manje besna i znam da smo svi uzasno propatili od katastrofalne seksualne edukacije iz porno filmova. 1/2,bes,2026-03-31T07:18:50.843987+00:00
ff109,19,13,1475515598536904713,"@[user] je prva napravila rupu u toj brani ćutanja. Sledeći je, hiljade su progovorile ili pružile podršku i kao reka probile branu. Ne treba da dozvolimo, da se brana ponovo podigne, zbog onih koje su progovorile #NisamPrijavila i onih koje nisu. Zbog svih nas 💜",iznenađenje,2026-03-31T07:19:09.363822+00:00
ff109,19,14,1475786710743142412,Ogromna podrška za sve žene koje su skupile hrabrosti da posle toliko godina obelodane tamu. ❤️ #nisamprijavila,radost,2026-03-31T07:19:18.332817+00:00
ff109,19,15,1475048760778629120,"Čitam sve #Nisamprijavila. Ako niste među njima, zahvalite se Bogu, iščitajte i nemojte nikad, ama nikad, da ne budete podrška nekoj ženi.",poverenje,2026-03-31T07:19:41.481314+00:00
ff109,19,16,1475927395290992641,"numero je detaljan prikaz kako i zlostavljaci imaju baby face, izgledaju otuzno i nevino dok se unutar 4 zida desava kaos.
Nikad mi se netko nije tako brzo zgadio (bio mi je jedan od najdrazih repera u hazzeovom zlatnom vremenu) sad mi se okrece zeludac na njega #NisamPrijavila",gađenje,2026-03-31T07:19:59.952704+00:00
ff109,19,17,1475601987441987590,"Čitam #NisamPrijavila i ono što me najviše brine jeste kultura nasilja koja cveta među devojčicama i dečacima uzrasta 12, 13 i stariji. Ta kultura nasilja dosta je vidljiva na TikToku, a najbolje se ogleda kroz trend muziku. Na primer: “opije, pa dobije šamare, b**a masna” Nucci",iznenađenje,2026-03-31T07:20:19.48453+00:00
ff109,19,18,1475069694377926660,#NisamPrijavila jer nisam kome da se obratim. Ćale me savetovao da ako slučajno ostanem trudna da nikako ne smem da abortiram jer posle toga sigurno više neću moći da imam dete.,strah,2026-03-31T07:20:29.506669+00:00
ff109,19,19,1475828252291878915,"#nisamprijavila
Jer mi je bio dugogodišnji prijatelj. Jer sam se bojala što će drugi reći.
Jer nisam htjela da me itko drukčije gleda zbog toga.
Jer sam bila mlada i nisam mislila da bi mi itko vjerovao.
I dalje šutim, i nikome nisam rekla.",strah,2026-03-31T07:20:37.074988+00:00
ff109,19,20,1475666867222163464,"Prijavila sam, ali poželjela da #NisamPrijavila jer mi je inspektor rekao ""ma to vam se on udvara na jedan poseban način""",iznenađenje,2026-03-31T07:20:45.620688+00:00
ff109,19,21,1475107918542479363,"Citam #NisamPrijavila i u glavi mi je samo moja baba kako place jer ju je deda maltretirao 50 godina, fizicki a o psihickom da ne pricam. Tolike traume da je dolazila svaki dan uplakana i zalila mi se da ga sanja kako je davi. Spava u drugoj sobi i zakljucava vrata u toku noci.",tuga,2026-03-31T07:20:57.117734+00:00
ff109,19,22,1475534095191089152,"#NisamPrijavila je prilika ne samo da se čuje glas žena koje su žrtve, i da svi stanu uz njih, nego i da se skrene pažnja na taj naš model odgajanja muškaraca koji su emotivni balvani.",bes,2026-03-31T07:21:06.761962+00:00
ff109,19,23,1475151815218020357,#božić Zemljanke se resetovale sa #metoo na #nisamprijavila .,Ne mogu da razumem,2026-03-31T07:21:20.292506+00:00
ff109,19,24,1475522956872888320,"U nastavku #NisamPrijavila serijala, drugovi iz odeljenja koji su nas devojčice ubeđivali da koketiramo sa profesorom ustava i prava građana koji je kasnije i uhapšen zbog pedofilije, kako on ne bi pitao za ocenu.",gađenje,2026-03-31T07:21:34.33892+00:00
ff109,19,25,1475079429684707332,"Strah i stid, sa jedne strane, kombinovan s neznanjem procedure prijave i postupanja, sa druge strane. I eto nas kod ovolikog  broja #NisamPrijavila. Prijavljeni slučajevi samo vrh ledenog brega nasilja.",bes,2026-03-31T07:21:47.98658+00:00
ff109,19,26,1475436359934484485,"Ova priča oko #NisamPrijavila  postaje toliko teška ali potrebna da se pročita i da ljudi, pa i ja među ostalima, shvatimo da je to stvarno i da se dešava u velikom broju.",iščekivanje,2026-03-31T07:21:54.523121+00:00
ff109,19,27,1475153406847332353,"#NisamPrijavila jer nakon sto sam rekla majci, upitala me jesam li sigurna da me mozda nije samo stipkao. Imala sam samo 12 godina. To mi je bio stric.",strah,2026-03-31T07:22:07.361972+00:00
ff109,19,28,1475199587069607942,Imam dvije kćerke i posle čitanja svega na #NisamPrijavila mislim da više ništa neće biti isto... Velika podrška i ljubav za sve vas! 🍀💕,iščekivanje,2026-03-31T07:22:33.392724+00:00
ff109,19,29,1475836566002180096,"Potom #nisamprijavila jer me je bilo stid,više nisam bila mala.Nisam jer sam se bojala da će da se sveti.Nisam jer sam u krug imala strah i stid.Nisam jer nisam verovala da postoji zaštita.Dok nisam smogla snage i zauzela se za sebe,sama. No,nisam.Drugi put. Detalja se ne sećam.",strah,2026-03-31T07:22:45.832405+00:00
ff109,19,30,1475762691490951169,Ех да сам добио динар за сваки пут кад су ми рекли #ПаТиСиМушко могао бих из свог џепа да искеширам кампању #NisamPrijavila са све рачуном мале врањанке из мека.,bes,2026-03-31T07:22:57.246962+00:00
ff109,19,31,1475433653341675523,"place mi se dok citam postove #NisamPrijavila i razmisljam koliko devojaka i zena iz manjih mesta i sela, koje ne koriste internet i ne znaju ni sta je tviter, prozivljava zlostavljanje.",tuga,2026-03-31T07:23:05.444963+00:00
ff109,19,32,1475428973937057796,"Jedan od top 3 najdebilnija komentara koja sam videla tokom ovog #NisamPrijavila pokreta je onaj “Niko ne zaslužuje naravno, ali zaboga pa šta si očekivala od lika koji deluje tako i tako..?” Šta je s vama jel ste bolesni?",gađenje,2026-03-31T07:23:15.152605+00:00
ff109,19,33,1475737923953831938,"stav da je #NisamPrijavila obeshrabrivanje žena je nešto najgluplje što sam ovde pročitala. nekoj ženi je dovoljno što može da ispriča svoju priču, da joj se poveruje i da vidi da postoji mreža podrške.",bes,2026-03-31T07:23:25.048301+00:00
ff109,19,34,1475193173802692609,Bojim se da najteže priče sa #NisamPrijavio #NisamPrijavila nikada nećemo pročitati,strah,2026-03-31T07:23:33.365043+00:00
ff109,19,35,1475461047914233861,"@[user] Jel' bolje ovako:
#NisamPrijavila je #nebitno u najčistijoj formi. Zašto feministi ne rešavaju rak koji ubije dnevno 30 žena evo ni sam ne znam. Npr:
#NisamPrijavilaLošeUsloveUBolnici #NisamPrijavilaDoktoraAmatera #NisamPrijavilaKvrgu
#NisamPrijavilaPregled #NisamPrijavilaHPV",bes,2026-03-31T07:23:53.736778+00:00
ff109,19,36,1475781708838748164,"@[user] @[user] @[user] Zamisli sta je njen odgovor iznad.
Psihičke bolesti su danas na svakom koraku.
Kao da se takav odnos nece prevesti i van kreveta nego ce samo ostati u njemu.
Posle sledi kukanje #NisamPrijavila",gađenje,2026-03-31T07:24:07.70157+00:00
ff109,19,37,1475341359934590977,"u pričama pod #NisamPrijavila je ispričano puno toga, ali da je tolika stopa incesta i pedofilije... ljudi raspašću se",gađenje,2026-03-31T07:24:15.827111+00:00
ff109,19,38,1475243336692871169,"@[user] Problem nastaje kada sam pametna i sednem u auto sa poznatim momkom, a desi se baš o čemu pričamo ceo ovaj dan. Tužno je što ne shvatate kontekst priče i zbog ovakvih komentara devojke nisu prijavile. #NisamPrijavila",bes,2026-03-31T07:24:28.666875+00:00
ff109,19,39,1475400656588521479,"ako ti padne na pamet da osudiš neku od skoro DESET HILJADA žena koje su u poslednja dva dana podelile #nisamprijavila objavu, pročitaj bar jednu ispovest ponovo i zamisli da ju je napisala tvoja majka, sestra ili ćerka.",bes,2026-03-31T07:24:38.099212+00:00
ff109,19,40,1478098408061685761,1010101 - velika energija. Rispekt za #nisamprijavila i sve što si u vezi sa tim naknadno pokrenula. Top humor,iščekivanje,2026-03-31T07:24:44.719341+00:00
ff109,19,41,1475233341012164620,знате паскалову опкладу то је оно као 50% су шансе да бог постоји више ти се исплати да живиш живот у складу са тиме да бог постоји па ако не постоји ником ништа а ако постоји добијаш добру позицију у загробном животу е тако ми пролази кроз главу док слушам овај #nisamprijavila,gađenje,2026-03-31T07:25:00.707802+00:00
ff109,19,42,1475415993635717123,Ukoliko ne razumete haštag #nisamprijavila onda ste upravo vi razlog zbog čega on postoji.,bes,2026-03-31T07:25:05.309289+00:00
ff109,19,43,1475428354648072193,"A zašto #NisamPrijavila policiji? Kad su došli na uvidjaj nakon pljačke, moju izjavu su pisali u paragon blok, rekli ""pa i nije pametno da cura poput tebe živi sama"", nikad se nisu ni javili niti su ikakav službeni zapisnik sacinili o pljački. Tko mi je kriv što živim sama?",bes,2026-03-31T07:25:20.547695+00:00
ff109,19,44,1475610509797904393,"#NisamPrijavila 1.Seksualno nasilje jos u osnovnoj skoli, kada su me decaci ""hvatali"" za guzu. 2. Emocijalno i fizicko nasilje u vezi dok sam bila srednjoskolac, jer me je bilo strah da priznam. A 3. tokom studija; jesam prijavila, ali on nikada nije odgovarao, jer mu znaju tatu!",bes,2026-03-31T07:25:34.528647+00:00
ff109,19,45,1475039158380945409,"#NisamPrijavila jer mi je bio dečko, pa se to jelte ne računa",Emocionalno neutralno,2026-03-31T07:25:43.146426+00:00
ff109,19,46,1475790558056665092,"#Nisamprijavila zlostavljanje psihicko na poslu, podmetanje, lazi, iz ciste ljubomore zbog bolesnig mozga koleginice. Ne prenosi informacije, podmece da dajem ulazne cene kupcima,ne daje informacije o carinjenju da bi roba mogla da se isporuci. Drskost, kune se u mrtvog oca da ⤵️",bes,2026-03-31T07:26:00.9116+00:00
ff109,19,47,1475377646452326404,"Јбт ово #NisamPrijavila је страшна прича, некако ми никада неће бити јасно, како ти људи што врше то насиље, не почну о тога, да их је мајка родила, па бар због тога неко поштовање, а тек они који имају сестру, стварно одвратно",gađenje,2026-03-31T07:26:11.043354+00:00
ff109,19,48,1475081101081288707,"#NisamPrijavila kad je on nju tukao, a onda ona mene zato što je sramota iznositi iz kuće, a tata nas voli, samo je nervozan. batine su prestale, ali je zlostavljanje nastavljeno, najčešće je bila lujka. da sam prijavila, možda bi ona bila živa danas, možda se ne bi ubila.",tuga,2026-03-31T07:26:25.180606+00:00
ff109,19,49,1479541501583577091,"Do juče su se zgražavale na priče iz #NisamPrijavila , a danas pišu da je Duško trebao još ranije da počne da bije Karleušu…ŽENA JE ŽENI NAJVEĆI NEPRIJATELJ!!!",bes,2026-03-31T07:26:35.108213+00:00
ff110,19,0,1474883068007747586,"na koju se grejemo beba od mesec dana i mi. 
#nisamprijavila jer nije bilo vidljivo na telu vređanje, finansijska kontrola, ignorisanje (silent treatment) mene danima ako se usudim da kažem nešto što nije po volji. #nisamprijavila jer je u društvu bio nasmejan, veseo, duhovit",strah,2026-03-31T07:13:54.463394+00:00
ff110,19,1,1475102661431209992,"svaka cast svima koji su imale hrabrosti da prezive i da napisu svoje price🙌🏼❤️bravo❤️  
#NisamPrijavila desilo se skoro i ne zelim da pravim dramu,smatram da je mala stvar i da nece mnogo da se preduzme oko toga i tek ce onda da prodje prica oko celog grada",strah,2026-03-31T07:14:13.570799+00:00
ff110,19,2,1475153035525509120,Oprosti mi što #nisamprijavila ja onda kad ti nisi imala snage!,tuga,2026-03-31T07:14:34.534039+00:00
ff110,19,3,1475555273943265280,"I, da, #NisamPrijavila ali to je sad nebitno. Bitno je da sam preživela i ojačala zahvaljujući sličnim sebi, a ima nas previše.",Emocionalno neutralno,2026-03-31T07:14:47.748592+00:00
ff110,19,4,1475099694674100235,"posebno to što kod sebe imaju oružje (taj deo ""normalnosti"" korišćenja oružja koji usvoje kroz službu je tek posebna tema). 

Glupo je da kažem da je sjajno ovo #nisamprijavila - ali šta ćemo dalje? 

Ja nisam stručna ali evo neka neka nadležna institucija iz tekstova sa",Ne mogu da razumem,2026-03-31T07:15:07.148542+00:00
ff110,19,5,1475298054093910022,"#NisamPrijavila 
... zato što su možda obrasci isti, ali je svačija priča različita.

Dakle, bez mnogo priče dok ne znate priču.",strah,2026-03-31T07:15:18.467373+00:00
ff110,19,6,1475108790949318666,Ja jos uvek nisam spremna da napisem sta i zasto #NisamPrijavila ali sam procitala svaki tvit i verujem da svet ostavljamo boljim mestom jer sada znamo sta nije u redu,strah,2026-03-31T07:15:46.155108+00:00
ff110,19,7,1475960829581352967,"@[user] @[user] Ali to ne umanjuje ni značaj ni validnost pokreta. On ne može da umanji poverenje u institucije, jer institucije ne postoje. #nisamprijavila je poziv za stvaranje institucija koje će se brinuti o žrtvama.",Ne mogu da razumem,2026-03-31T07:16:05.441388+00:00
ff110,19,8,1475438864869306375,"""Ich habs nicht gemeldet. Bei uns glauben sie nicht mal den toten Frauen. Den lebendigen schon gar nicht."" Es ist wahr und erschütternd. #NisamPrijavila",Ne mogu da razumem,2026-03-31T07:16:15.331213+00:00
ff110,19,9,1475168300015497223,"@[user] Nažalost, svugdje je tako... Imala sam i ja takvih #NisamPrijavila situacija na bacanje, ali blažih. Čak i ono što sam prijavila dočekano je s ""Ma, izmišljaš gluposti"".",gađenje,2026-03-31T07:16:38.66566+00:00
ff110,19,10,1475369912981929985,"#nisamprijavila jer je bilo psihicko maltretiranje,jer sam ga se plasila,jer mi je trebalo vremena da shvatim sta se desava,jer se desavalo u periodu od god dana nakon smrti moje majke i bila sam jako ranjiva,jako tesko sam podnela njen gubitak,nisam prijavila jer znam da ne mogu",strah,2026-03-31T07:16:50.659289+00:00
ff110,19,11,1475582227048280064,ali ovi bolesnici koji na #NisamPrijavila reaguju sa svojim jeftinim šalama i propalim humorom zaslužuju pakao i ništa manje od toga,gađenje,2026-03-31T07:16:56.871519+00:00
ff110,19,12,1475767866851008514,#nisamprijavila jer je trebalo da prodje 7 godina da prepoznam da je to sto se desilo bilo silovanje. Posle rada sa psihoterapeutom i terapije MDMA-em sam mnogo manje besna i znam da smo svi uzasno propatili od katastrofalne seksualne edukacije iz porno filmova. 1/2,bes,2026-03-31T07:17:10.055509+00:00
ff110,19,13,1475515598536904713,"@[user] je prva napravila rupu u toj brani ćutanja. Sledeći je, hiljade su progovorile ili pružile podršku i kao reka probile branu. Ne treba da dozvolimo, da se brana ponovo podigne, zbog onih koje su progovorile #NisamPrijavila i onih koje nisu. Zbog svih nas 💜",poverenje,2026-03-31T07:17:24.970788+00:00
ff110,19,14,1475786710743142412,Ogromna podrška za sve žene koje su skupile hrabrosti da posle toliko godina obelodane tamu. ❤️ #nisamprijavila,radost,2026-03-31T07:17:34.779885+00:00
ff110,19,15,1475048760778629120,"Čitam sve #Nisamprijavila. Ako niste među njima, zahvalite se Bogu, iščitajte i nemojte nikad, ama nikad, da ne budete podrška nekoj ženi.",Ne mogu da razumem,2026-03-31T07:18:10.722508+00:00
ff110,19,16,1475927395290992641,"numero je detaljan prikaz kako i zlostavljaci imaju baby face, izgledaju otuzno i nevino dok se unutar 4 zida desava kaos.
Nikad mi se netko nije tako brzo zgadio (bio mi je jedan od najdrazih repera u hazzeovom zlatnom vremenu) sad mi se okrece zeludac na njega #NisamPrijavila",gađenje,2026-03-31T07:18:19.889772+00:00
ff110,19,17,1475601987441987590,"Čitam #NisamPrijavila i ono što me najviše brine jeste kultura nasilja koja cveta među devojčicama i dečacima uzrasta 12, 13 i stariji. Ta kultura nasilja dosta je vidljiva na TikToku, a najbolje se ogleda kroz trend muziku. Na primer: “opije, pa dobije šamare, b**a masna” Nucci",strah,2026-03-31T07:18:30.873193+00:00
ff110,19,18,1475069694377926660,#NisamPrijavila jer nisam kome da se obratim. Ćale me savetovao da ako slučajno ostanem trudna da nikako ne smem da abortiram jer posle toga sigurno više neću moći da imam dete.,strah,2026-03-31T07:18:41.694883+00:00
ff110,19,19,1475828252291878915,"#nisamprijavila
Jer mi je bio dugogodišnji prijatelj. Jer sam se bojala što će drugi reći.
Jer nisam htjela da me itko drukčije gleda zbog toga.
Jer sam bila mlada i nisam mislila da bi mi itko vjerovao.
I dalje šutim, i nikome nisam rekla.",strah,2026-03-31T07:18:50.009326+00:00
ff110,19,20,1475666867222163464,"Prijavila sam, ali poželjela da #NisamPrijavila jer mi je inspektor rekao ""ma to vam se on udvara na jedan poseban način""",bes,2026-03-31T07:19:05.208985+00:00
ff110,19,21,1475107918542479363,"Citam #NisamPrijavila i u glavi mi je samo moja baba kako place jer ju je deda maltretirao 50 godina, fizicki a o psihickom da ne pricam. Tolike traume da je dolazila svaki dan uplakana i zalila mi se da ga sanja kako je davi. Spava u drugoj sobi i zakljucava vrata u toku noci.",tuga,2026-03-31T07:19:35.807683+00:00
ff110,19,22,1475534095191089152,"#NisamPrijavila je prilika ne samo da se čuje glas žena koje su žrtve, i da svi stanu uz njih, nego i da se skrene pažnja na taj naš model odgajanja muškaraca koji su emotivni balvani.",Emocionalno neutralno,2026-03-31T07:19:46.99599+00:00
ff110,19,23,1475151815218020357,#božić Zemljanke se resetovale sa #metoo na #nisamprijavila .,Ne mogu da razumem,2026-03-31T07:19:52.90442+00:00
ff110,19,24,1475522956872888320,"U nastavku #NisamPrijavila serijala, drugovi iz odeljenja koji su nas devojčice ubeđivali da koketiramo sa profesorom ustava i prava građana koji je kasnije i uhapšen zbog pedofilije, kako on ne bi pitao za ocenu.",Ne mogu da razumem,2026-03-31T07:20:05.805187+00:00
ff110,19,25,1475079429684707332,"Strah i stid, sa jedne strane, kombinovan s neznanjem procedure prijave i postupanja, sa druge strane. I eto nas kod ovolikog  broja #NisamPrijavila. Prijavljeni slučajevi samo vrh ledenog brega nasilja.",strah,2026-03-31T07:20:14.05241+00:00
ff110,19,26,1475436359934484485,"Ova priča oko #NisamPrijavila  postaje toliko teška ali potrebna da se pročita i da ljudi, pa i ja među ostalima, shvatimo da je to stvarno i da se dešava u velikom broju.",tuga,2026-03-31T07:20:21.08479+00:00
ff110,19,27,1475153406847332353,"#NisamPrijavila jer nakon sto sam rekla majci, upitala me jesam li sigurna da me mozda nije samo stipkao. Imala sam samo 12 godina. To mi je bio stric.",Ne mogu da razumem,2026-03-31T07:20:34.484546+00:00
ff110,19,28,1475199587069607942,Imam dvije kćerke i posle čitanja svega na #NisamPrijavila mislim da više ništa neće biti isto... Velika podrška i ljubav za sve vas! 🍀💕,Emocionalno neutralno,2026-03-31T07:20:43.546346+00:00
ff110,19,29,1475836566002180096,"Potom #nisamprijavila jer me je bilo stid,više nisam bila mala.Nisam jer sam se bojala da će da se sveti.Nisam jer sam u krug imala strah i stid.Nisam jer nisam verovala da postoji zaštita.Dok nisam smogla snage i zauzela se za sebe,sama. No,nisam.Drugi put. Detalja se ne sećam.",strah,2026-03-31T07:20:50.516817+00:00
ff110,19,30,1475762691490951169,Ех да сам добио динар за сваки пут кад су ми рекли #ПаТиСиМушко могао бих из свог џепа да искеширам кампању #NisamPrijavila са све рачуном мале врањанке из мека.,bes,2026-03-31T07:21:01.447908+00:00
ff110,19,31,1475433653341675523,"place mi se dok citam postove #NisamPrijavila i razmisljam koliko devojaka i zena iz manjih mesta i sela, koje ne koriste internet i ne znaju ni sta je tviter, prozivljava zlostavljanje.",tuga,2026-03-31T07:21:06.235886+00:00
ff110,19,32,1475428973937057796,"Jedan od top 3 najdebilnija komentara koja sam videla tokom ovog #NisamPrijavila pokreta je onaj “Niko ne zaslužuje naravno, ali zaboga pa šta si očekivala od lika koji deluje tako i tako..?” Šta je s vama jel ste bolesni?",bes,2026-03-31T07:21:14.320767+00:00
ff110,19,33,1475737923953831938,"stav da je #NisamPrijavila obeshrabrivanje žena je nešto najgluplje što sam ovde pročitala. nekoj ženi je dovoljno što može da ispriča svoju priču, da joj se poveruje i da vidi da postoji mreža podrške.",Emocionalno neutralno,2026-03-31T07:21:21.479462+00:00
ff110,19,34,1475193173802692609,Bojim se da najteže priče sa #NisamPrijavio #NisamPrijavila nikada nećemo pročitati,strah,2026-03-31T07:21:26.542196+00:00
ff110,19,35,1475461047914233861,"@[user] Jel' bolje ovako:
#NisamPrijavila je #nebitno u najčistijoj formi. Zašto feministi ne rešavaju rak koji ubije dnevno 30 žena evo ni sam ne znam. Npr:
#NisamPrijavilaLošeUsloveUBolnici #NisamPrijavilaDoktoraAmatera #NisamPrijavilaKvrgu
#NisamPrijavilaPregled #NisamPrijavilaHPV",Ne mogu da razumem,2026-03-31T07:21:38.860188+00:00
ff110,19,36,1475781708838748164,"@[user] @[user] @[user] Zamisli sta je njen odgovor iznad.
Psihičke bolesti su danas na svakom koraku.
Kao da se takav odnos nece prevesti i van kreveta nego ce samo ostati u njemu.
Posle sledi kukanje #NisamPrijavila",Ne mogu da razumem,2026-03-31T07:21:49.708833+00:00
ff110,19,37,1475341359934590977,"u pričama pod #NisamPrijavila je ispričano puno toga, ali da je tolika stopa incesta i pedofilije... ljudi raspašću se",iznenađenje,2026-03-31T07:21:56.819989+00:00
ff110,19,38,1475243336692871169,"@[user] Problem nastaje kada sam pametna i sednem u auto sa poznatim momkom, a desi se baš o čemu pričamo ceo ovaj dan. Tužno je što ne shvatate kontekst priče i zbog ovakvih komentara devojke nisu prijavile. #NisamPrijavila",tuga,2026-03-31T07:22:07.78291+00:00
ff110,19,39,1475400656588521479,"ako ti padne na pamet da osudiš neku od skoro DESET HILJADA žena koje su u poslednja dva dana podelile #nisamprijavila objavu, pročitaj bar jednu ispovest ponovo i zamisli da ju je napisala tvoja majka, sestra ili ćerka.",Ne mogu da razumem,2026-03-31T07:22:21.397756+00:00
ff110,19,40,1478098408061685761,1010101 - velika energija. Rispekt za #nisamprijavila i sve što si u vezi sa tim naknadno pokrenula. Top humor,radost,2026-03-31T07:22:27.883774+00:00
ff110,19,41,1475233341012164620,знате паскалову опкладу то је оно као 50% су шансе да бог постоји више ти се исплати да живиш живот у складу са тиме да бог постоји па ако не постоји ником ништа а ако постоји добијаш добру позицију у загробном животу е тако ми пролази кроз главу док слушам овај #nisamprijavila,Emocionalno neutralno,2026-03-31T07:22:43.168936+00:00
ff110,19,42,1475415993635717123,Ukoliko ne razumete haštag #nisamprijavila onda ste upravo vi razlog zbog čega on postoji.,bes,2026-03-31T07:22:51.679842+00:00
ff110,19,43,1475428354648072193,"A zašto #NisamPrijavila policiji? Kad su došli na uvidjaj nakon pljačke, moju izjavu su pisali u paragon blok, rekli ""pa i nije pametno da cura poput tebe živi sama"", nikad se nisu ni javili niti su ikakav službeni zapisnik sacinili o pljački. Tko mi je kriv što živim sama?",bes,2026-03-31T07:23:07.292901+00:00
ff110,19,44,1475610509797904393,"#NisamPrijavila 1.Seksualno nasilje jos u osnovnoj skoli, kada su me decaci ""hvatali"" za guzu. 2. Emocijalno i fizicko nasilje u vezi dok sam bila srednjoskolac, jer me je bilo strah da priznam. A 3. tokom studija; jesam prijavila, ali on nikada nije odgovarao, jer mu znaju tatu!",strah,2026-03-31T07:23:21.046887+00:00
ff110,19,45,1475039158380945409,"#NisamPrijavila jer mi je bio dečko, pa se to jelte ne računa",bes,2026-03-31T07:23:38.415455+00:00
ff110,19,46,1475790558056665092,"#Nisamprijavila zlostavljanje psihicko na poslu, podmetanje, lazi, iz ciste ljubomore zbog bolesnig mozga koleginice. Ne prenosi informacije, podmece da dajem ulazne cene kupcima,ne daje informacije o carinjenju da bi roba mogla da se isporuci. Drskost, kune se u mrtvog oca da ⤵️",Ne mogu da razumem,2026-03-31T07:23:56.803095+00:00
ff110,19,47,1475377646452326404,"Јбт ово #NisamPrijavila је страшна прича, некако ми никада неће бити јасно, како ти људи што врше то насиље, не почну о тога, да их је мајка родила, па бар због тога неко поштовање, а тек они који имају сестру, стварно одвратно",iznenađenje,2026-03-31T07:24:11.170803+00:00
ff110,19,48,1475081101081288707,"#NisamPrijavila kad je on nju tukao, a onda ona mene zato što je sramota iznositi iz kuće, a tata nas voli, samo je nervozan. batine su prestale, ali je zlostavljanje nastavljeno, najčešće je bila lujka. da sam prijavila, možda bi ona bila živa danas, možda se ne bi ubila.",tuga,2026-03-31T07:24:30.359866+00:00
ff110,19,49,1479541501583577091,"Do juče su se zgražavale na priče iz #NisamPrijavila , a danas pišu da je Duško trebao još ranije da počne da bije Karleušu…ŽENA JE ŽENI NAJVEĆI NEPRIJATELJ!!!",gađenje,2026-03-31T07:24:40.748239+00:00
ff111,19,0,1474883068007747586,"na koju se grejemo beba od mesec dana i mi. 
#nisamprijavila jer nije bilo vidljivo na telu vređanje, finansijska kontrola, ignorisanje (silent treatment) mene danima ako se usudim da kažem nešto što nije po volji. #nisamprijavila jer je u društvu bio nasmejan, veseo, duhovit",gađenje,2026-03-31T07:17:13.930692+00:00
ff111,19,1,1475102661431209992,"svaka cast svima koji su imale hrabrosti da prezive i da napisu svoje price🙌🏼❤️bravo❤️  
#NisamPrijavila desilo se skoro i ne zelim da pravim dramu,smatram da je mala stvar i da nece mnogo da se preduzme oko toga i tek ce onda da prodje prica oko celog grada",radost,2026-03-31T07:17:32.307865+00:00
ff111,19,2,1475153035525509120,Oprosti mi što #nisamprijavila ja onda kad ti nisi imala snage!,tuga,2026-03-31T07:17:52.293044+00:00
ff111,19,3,1475555273943265280,"I, da, #NisamPrijavila ali to je sad nebitno. Bitno je da sam preživela i ojačala zahvaljujući sličnim sebi, a ima nas previše.",poverenje,2026-03-31T07:18:04.338542+00:00
ff111,19,4,1475099694674100235,"posebno to što kod sebe imaju oružje (taj deo ""normalnosti"" korišćenja oružja koji usvoje kroz službu je tek posebna tema). 

Glupo je da kažem da je sjajno ovo #nisamprijavila - ali šta ćemo dalje? 

Ja nisam stručna ali evo neka neka nadležna institucija iz tekstova sa",bes,2026-03-31T07:18:19.231847+00:00
ff111,19,5,1475298054093910022,"#NisamPrijavila 
... zato što su možda obrasci isti, ali je svačija priča različita.

Dakle, bez mnogo priče dok ne znate priču.",bes,2026-03-31T07:18:29.192829+00:00
ff111,19,6,1475108790949318666,Ja jos uvek nisam spremna da napisem sta i zasto #NisamPrijavila ali sam procitala svaki tvit i verujem da svet ostavljamo boljim mestom jer sada znamo sta nije u redu,strah,2026-03-31T07:18:37.11087+00:00
ff111,19,7,1475960829581352967,"@[user] @[user] Ali to ne umanjuje ni značaj ni validnost pokreta. On ne može da umanji poverenje u institucije, jer institucije ne postoje. #nisamprijavila je poziv za stvaranje institucija koje će se brinuti o žrtvama.",gađenje,2026-03-31T07:18:52.272043+00:00
ff111,19,8,1475438864869306375,"""Ich habs nicht gemeldet. Bei uns glauben sie nicht mal den toten Frauen. Den lebendigen schon gar nicht."" Es ist wahr und erschütternd. #NisamPrijavila",gađenje,2026-03-31T07:19:53.792891+00:00
ff111,19,9,1475168300015497223,"@[user] Nažalost, svugdje je tako... Imala sam i ja takvih #NisamPrijavila situacija na bacanje, ali blažih. Čak i ono što sam prijavila dočekano je s ""Ma, izmišljaš gluposti"".",tuga,2026-03-31T07:20:01.301592+00:00
ff111,19,10,1475369912981929985,"#nisamprijavila jer je bilo psihicko maltretiranje,jer sam ga se plasila,jer mi je trebalo vremena da shvatim sta se desava,jer se desavalo u periodu od god dana nakon smrti moje majke i bila sam jako ranjiva,jako tesko sam podnela njen gubitak,nisam prijavila jer znam da ne mogu",tuga,2026-03-31T07:20:11.480946+00:00
ff111,19,11,1475582227048280064,ali ovi bolesnici koji na #NisamPrijavila reaguju sa svojim jeftinim šalama i propalim humorom zaslužuju pakao i ništa manje od toga,bes,2026-03-31T07:20:17.840756+00:00
ff111,19,12,1475767866851008514,#nisamprijavila jer je trebalo da prodje 7 godina da prepoznam da je to sto se desilo bilo silovanje. Posle rada sa psihoterapeutom i terapije MDMA-em sam mnogo manje besna i znam da smo svi uzasno propatili od katastrofalne seksualne edukacije iz porno filmova. 1/2,tuga,2026-03-31T07:20:38.107103+00:00
ff111,19,13,1475515598536904713,"@[user] je prva napravila rupu u toj brani ćutanja. Sledeći je, hiljade su progovorile ili pružile podršku i kao reka probile branu. Ne treba da dozvolimo, da se brana ponovo podigne, zbog onih koje su progovorile #NisamPrijavila i onih koje nisu. Zbog svih nas 💜",radost,2026-03-31T07:20:53.046373+00:00
ff111,19,14,1475786710743142412,Ogromna podrška za sve žene koje su skupile hrabrosti da posle toliko godina obelodane tamu. ❤️ #nisamprijavila,radost,2026-03-31T07:20:57.152609+00:00
ff111,19,15,1475048760778629120,"Čitam sve #Nisamprijavila. Ako niste među njima, zahvalite se Bogu, iščitajte i nemojte nikad, ama nikad, da ne budete podrška nekoj ženi.",iščekivanje,2026-03-31T07:21:23.856391+00:00
ff111,19,16,1475927395290992641,"numero je detaljan prikaz kako i zlostavljaci imaju baby face, izgledaju otuzno i nevino dok se unutar 4 zida desava kaos.
Nikad mi se netko nije tako brzo zgadio (bio mi je jedan od najdrazih repera u hazzeovom zlatnom vremenu) sad mi se okrece zeludac na njega #NisamPrijavila",gađenje,2026-03-31T07:21:37.665962+00:00
ff111,19,17,1475601987441987590,"Čitam #NisamPrijavila i ono što me najviše brine jeste kultura nasilja koja cveta među devojčicama i dečacima uzrasta 12, 13 i stariji. Ta kultura nasilja dosta je vidljiva na TikToku, a najbolje se ogleda kroz trend muziku. Na primer: “opije, pa dobije šamare, b**a masna” Nucci",iznenađenje,2026-03-31T07:21:51.648956+00:00
ff111,19,18,1475069694377926660,#NisamPrijavila jer nisam kome da se obratim. Ćale me savetovao da ako slučajno ostanem trudna da nikako ne smem da abortiram jer posle toga sigurno više neću moći da imam dete.,strah,2026-03-31T07:22:03.149312+00:00
ff111,19,19,1475828252291878915,"#nisamprijavila
Jer mi je bio dugogodišnji prijatelj. Jer sam se bojala što će drugi reći.
Jer nisam htjela da me itko drukčije gleda zbog toga.
Jer sam bila mlada i nisam mislila da bi mi itko vjerovao.
I dalje šutim, i nikome nisam rekla.",strah,2026-03-31T07:22:10.996+00:00
ff111,19,20,1475666867222163464,"Prijavila sam, ali poželjela da #NisamPrijavila jer mi je inspektor rekao ""ma to vam se on udvara na jedan poseban način""",gađenje,2026-03-31T07:22:22.77635+00:00
ff111,19,21,1475107918542479363,"Citam #NisamPrijavila i u glavi mi je samo moja baba kako place jer ju je deda maltretirao 50 godina, fizicki a o psihickom da ne pricam. Tolike traume da je dolazila svaki dan uplakana i zalila mi se da ga sanja kako je davi. Spava u drugoj sobi i zakljucava vrata u toku noci.",tuga,2026-03-31T07:22:36.134376+00:00
ff111,19,22,1475534095191089152,"#NisamPrijavila je prilika ne samo da se čuje glas žena koje su žrtve, i da svi stanu uz njih, nego i da se skrene pažnja na taj naš model odgajanja muškaraca koji su emotivni balvani.",gađenje,2026-03-31T07:22:46.046439+00:00
ff111,19,23,1475151815218020357,#božić Zemljanke se resetovale sa #metoo na #nisamprijavila .,Ne mogu da razumem,2026-03-31T07:23:26.900017+00:00
ff111,19,24,1475522956872888320,"U nastavku #NisamPrijavila serijala, drugovi iz odeljenja koji su nas devojčice ubeđivali da koketiramo sa profesorom ustava i prava građana koji je kasnije i uhapšen zbog pedofilije, kako on ne bi pitao za ocenu.",gađenje,2026-03-31T07:23:38.03571+00:00
ff111,19,25,1475079429684707332,"Strah i stid, sa jedne strane, kombinovan s neznanjem procedure prijave i postupanja, sa druge strane. I eto nas kod ovolikog  broja #NisamPrijavila. Prijavljeni slučajevi samo vrh ledenog brega nasilja.",tuga,2026-03-31T07:23:48.952164+00:00
ff111,19,26,1475436359934484485,"Ova priča oko #NisamPrijavila  postaje toliko teška ali potrebna da se pročita i da ljudi, pa i ja među ostalima, shvatimo da je to stvarno i da se dešava u velikom broju.",tuga,2026-03-31T07:23:55.194682+00:00
ff111,19,27,1475153406847332353,"#NisamPrijavila jer nakon sto sam rekla majci, upitala me jesam li sigurna da me mozda nije samo stipkao. Imala sam samo 12 godina. To mi je bio stric.",bes,2026-03-31T07:24:06.911765+00:00
ff111,19,28,1475199587069607942,Imam dvije kćerke i posle čitanja svega na #NisamPrijavila mislim da više ništa neće biti isto... Velika podrška i ljubav za sve vas! 🍀💕,iznenađenje,2026-03-31T07:24:13.790408+00:00
ff111,19,29,1475836566002180096,"Potom #nisamprijavila jer me je bilo stid,više nisam bila mala.Nisam jer sam se bojala da će da se sveti.Nisam jer sam u krug imala strah i stid.Nisam jer nisam verovala da postoji zaštita.Dok nisam smogla snage i zauzela se za sebe,sama. No,nisam.Drugi put. Detalja se ne sećam.",strah,2026-03-31T07:24:37.132735+00:00
ff111,19,30,1475762691490951169,Ех да сам добио динар за сваки пут кад су ми рекли #ПаТиСиМушко могао бих из свог џепа да искеширам кампању #NisamPrijavila са све рачуном мале врањанке из мека.,Ne mogu da razumem,2026-03-31T07:24:59.341285+00:00
ff111,19,31,1475433653341675523,"place mi se dok citam postove #NisamPrijavila i razmisljam koliko devojaka i zena iz manjih mesta i sela, koje ne koriste internet i ne znaju ni sta je tviter, prozivljava zlostavljanje.",tuga,2026-03-31T07:25:06.763018+00:00
ff111,19,32,1475428973937057796,"Jedan od top 3 najdebilnija komentara koja sam videla tokom ovog #NisamPrijavila pokreta je onaj “Niko ne zaslužuje naravno, ali zaboga pa šta si očekivala od lika koji deluje tako i tako..?” Šta je s vama jel ste bolesni?",bes,2026-03-31T07:25:16.460092+00:00
ff111,19,33,1475737923953831938,"stav da je #NisamPrijavila obeshrabrivanje žena je nešto najgluplje što sam ovde pročitala. nekoj ženi je dovoljno što može da ispriča svoju priču, da joj se poveruje i da vidi da postoji mreža podrške.",bes,2026-03-31T07:25:23.293222+00:00
ff111,19,34,1475193173802692609,Bojim se da najteže priče sa #NisamPrijavio #NisamPrijavila nikada nećemo pročitati,strah,2026-03-31T07:25:29.285109+00:00
ff111,19,35,1475461047914233861,"@[user] Jel' bolje ovako:
#NisamPrijavila je #nebitno u najčistijoj formi. Zašto feministi ne rešavaju rak koji ubije dnevno 30 žena evo ni sam ne znam. Npr:
#NisamPrijavilaLošeUsloveUBolnici #NisamPrijavilaDoktoraAmatera #NisamPrijavilaKvrgu
#NisamPrijavilaPregled #NisamPrijavilaHPV",Ne mogu da razumem,2026-03-31T07:25:46.925384+00:00
ff111,19,36,1475781708838748164,"@[user] @[user] @[user] Zamisli sta je njen odgovor iznad.
Psihičke bolesti su danas na svakom koraku.
Kao da se takav odnos nece prevesti i van kreveta nego ce samo ostati u njemu.
Posle sledi kukanje #NisamPrijavila",Ne mogu da razumem,2026-03-31T07:25:56.937662+00:00
ff111,19,37,1475341359934590977,"u pričama pod #NisamPrijavila je ispričano puno toga, ali da je tolika stopa incesta i pedofilije... ljudi raspašću se",tuga,2026-03-31T07:26:03.532301+00:00
ff111,19,38,1475243336692871169,"@[user] Problem nastaje kada sam pametna i sednem u auto sa poznatim momkom, a desi se baš o čemu pričamo ceo ovaj dan. Tužno je što ne shvatate kontekst priče i zbog ovakvih komentara devojke nisu prijavile. #NisamPrijavila",tuga,2026-03-31T07:26:12.922358+00:00
ff111,19,39,1475400656588521479,"ako ti padne na pamet da osudiš neku od skoro DESET HILJADA žena koje su u poslednja dva dana podelile #nisamprijavila objavu, pročitaj bar jednu ispovest ponovo i zamisli da ju je napisala tvoja majka, sestra ili ćerka.",bes,2026-03-31T07:26:23.762876+00:00
ff111,19,40,1478098408061685761,1010101 - velika energija. Rispekt za #nisamprijavila i sve što si u vezi sa tim naknadno pokrenula. Top humor,Ne mogu da razumem,2026-03-31T07:26:31.203532+00:00
ff111,19,41,1475233341012164620,знате паскалову опкладу то је оно као 50% су шансе да бог постоји више ти се исплати да живиш живот у складу са тиме да бог постоји па ако не постоји ником ништа а ако постоји добијаш добру позицију у загробном животу е тако ми пролази кроз главу док слушам овај #nisamprijavila,Emocionalno neutralno,2026-03-31T07:26:58.959446+00:00
ff111,19,42,1475415993635717123,Ukoliko ne razumete haštag #nisamprijavila onda ste upravo vi razlog zbog čega on postoji.,bes,2026-03-31T07:27:03.290171+00:00
ff111,19,43,1475428354648072193,"A zašto #NisamPrijavila policiji? Kad su došli na uvidjaj nakon pljačke, moju izjavu su pisali u paragon blok, rekli ""pa i nije pametno da cura poput tebe živi sama"", nikad se nisu ni javili niti su ikakav službeni zapisnik sacinili o pljački. Tko mi je kriv što živim sama?",bes,2026-03-31T07:27:18.358985+00:00
ff111,19,44,1475610509797904393,"#NisamPrijavila 1.Seksualno nasilje jos u osnovnoj skoli, kada su me decaci ""hvatali"" za guzu. 2. Emocijalno i fizicko nasilje u vezi dok sam bila srednjoskolac, jer me je bilo strah da priznam. A 3. tokom studija; jesam prijavila, ali on nikada nije odgovarao, jer mu znaju tatu!",bes,2026-03-31T07:27:34.077623+00:00
ff111,19,45,1475039158380945409,"#NisamPrijavila jer mi je bio dečko, pa se to jelte ne računa",gađenje,2026-03-31T07:27:41.116959+00:00
ff111,19,46,1475790558056665092,"#Nisamprijavila zlostavljanje psihicko na poslu, podmetanje, lazi, iz ciste ljubomore zbog bolesnig mozga koleginice. Ne prenosi informacije, podmece da dajem ulazne cene kupcima,ne daje informacije o carinjenju da bi roba mogla da se isporuci. Drskost, kune se u mrtvog oca da ⤵️",Ne mogu da razumem,2026-03-31T07:27:56.522085+00:00
ff111,19,47,1475377646452326404,"Јбт ово #NisamPrijavila је страшна прича, некако ми никада неће бити јасно, како ти људи што врше то насиље, не почну о тога, да их је мајка родила, па бар због тога неко поштовање, а тек они који имају сестру, стварно одвратно",gađenje,2026-03-31T07:28:06.355458+00:00
ff111,19,48,1475081101081288707,"#NisamPrijavila kad je on nju tukao, a onda ona mene zato što je sramota iznositi iz kuće, a tata nas voli, samo je nervozan. batine su prestale, ali je zlostavljanje nastavljeno, najčešće je bila lujka. da sam prijavila, možda bi ona bila živa danas, možda se ne bi ubila.",tuga,2026-03-31T07:28:22.601212+00:00
ff111,19,49,1479541501583577091,"Do juče su se zgražavale na priče iz #NisamPrijavila , a danas pišu da je Duško trebao još ranije da počne da bije Karleušu…ŽENA JE ŽENI NAJVEĆI NEPRIJATELJ!!!",bes,2026-03-31T07:28:29.83083+00:00
ff112,19,0,1474883068007747586,"na koju se grejemo beba od mesec dana i mi. 
#nisamprijavila jer nije bilo vidljivo na telu vređanje, finansijska kontrola, ignorisanje (silent treatment) mene danima ako se usudim da kažem nešto što nije po volji. #nisamprijavila jer je u društvu bio nasmejan, veseo, duhovit",strah,2026-03-31T07:17:24.604536+00:00
ff112,19,1,1475102661431209992,"svaka cast svima koji su imale hrabrosti da prezive i da napisu svoje price🙌🏼❤️bravo❤️  
#NisamPrijavila desilo se skoro i ne zelim da pravim dramu,smatram da je mala stvar i da nece mnogo da se preduzme oko toga i tek ce onda da prodje prica oko celog grada",Emocionalno neutralno,2026-03-31T07:18:48.250016+00:00
ff112,19,2,1475153035525509120,Oprosti mi što #nisamprijavila ja onda kad ti nisi imala snage!,tuga,2026-03-31T07:19:27.092563+00:00
ff112,19,3,1475555273943265280,"I, da, #NisamPrijavila ali to je sad nebitno. Bitno je da sam preživela i ojačala zahvaljujući sličnim sebi, a ima nas previše.",radost,2026-03-31T07:19:43.170479+00:00
ff112,19,4,1475099694674100235,"posebno to što kod sebe imaju oružje (taj deo ""normalnosti"" korišćenja oružja koji usvoje kroz službu je tek posebna tema). 

Glupo je da kažem da je sjajno ovo #nisamprijavila - ali šta ćemo dalje? 

Ja nisam stručna ali evo neka neka nadležna institucija iz tekstova sa",bes,2026-03-31T07:20:23.423616+00:00
ff112,19,5,1475298054093910022,"#NisamPrijavila 
... zato što su možda obrasci isti, ali je svačija priča različita.

Dakle, bez mnogo priče dok ne znate priču.",bes,2026-03-31T07:20:44.438287+00:00
ff112,19,6,1475108790949318666,Ja jos uvek nisam spremna da napisem sta i zasto #NisamPrijavila ali sam procitala svaki tvit i verujem da svet ostavljamo boljim mestom jer sada znamo sta nije u redu,poverenje,2026-03-31T07:21:01.821216+00:00
ff112,19,7,1475960829581352967,"@[user] @[user] Ali to ne umanjuje ni značaj ni validnost pokreta. On ne može da umanji poverenje u institucije, jer institucije ne postoje. #nisamprijavila je poziv za stvaranje institucija koje će se brinuti o žrtvama.",Emocionalno neutralno,2026-03-31T07:21:33.696468+00:00
ff112,19,8,1475438864869306375,"""Ich habs nicht gemeldet. Bei uns glauben sie nicht mal den toten Frauen. Den lebendigen schon gar nicht."" Es ist wahr und erschütternd. #NisamPrijavila",strah,2026-03-31T07:22:25.017673+00:00
ff112,19,9,1475168300015497223,"@[user] Nažalost, svugdje je tako... Imala sam i ja takvih #NisamPrijavila situacija na bacanje, ali blažih. Čak i ono što sam prijavila dočekano je s ""Ma, izmišljaš gluposti"".",Emocionalno neutralno,2026-03-31T07:23:02.170884+00:00
ff112,19,10,1475369912981929985,"#nisamprijavila jer je bilo psihicko maltretiranje,jer sam ga se plasila,jer mi je trebalo vremena da shvatim sta se desava,jer se desavalo u periodu od god dana nakon smrti moje majke i bila sam jako ranjiva,jako tesko sam podnela njen gubitak,nisam prijavila jer znam da ne mogu",strah,2026-03-31T07:23:52.498782+00:00
ff112,19,11,1475582227048280064,ali ovi bolesnici koji na #NisamPrijavila reaguju sa svojim jeftinim šalama i propalim humorom zaslužuju pakao i ništa manje od toga,gađenje,2026-03-31T07:24:00.839134+00:00
ff112,19,12,1475767866851008514,#nisamprijavila jer je trebalo da prodje 7 godina da prepoznam da je to sto se desilo bilo silovanje. Posle rada sa psihoterapeutom i terapije MDMA-em sam mnogo manje besna i znam da smo svi uzasno propatili od katastrofalne seksualne edukacije iz porno filmova. 1/2,bes,2026-03-31T07:24:58.287147+00:00
ff112,19,13,1475515598536904713,"@[user] je prva napravila rupu u toj brani ćutanja. Sledeći je, hiljade su progovorile ili pružile podršku i kao reka probile branu. Ne treba da dozvolimo, da se brana ponovo podigne, zbog onih koje su progovorile #NisamPrijavila i onih koje nisu. Zbog svih nas 💜",radost,2026-03-31T07:25:18.833937+00:00
ff112,19,14,1475786710743142412,Ogromna podrška za sve žene koje su skupile hrabrosti da posle toliko godina obelodane tamu. ❤️ #nisamprijavila,poverenje,2026-03-31T07:25:40.345038+00:00
ff112,19,15,1475048760778629120,"Čitam sve #Nisamprijavila. Ako niste među njima, zahvalite se Bogu, iščitajte i nemojte nikad, ama nikad, da ne budete podrška nekoj ženi.",radost,2026-03-31T07:26:34.860017+00:00
ff112,19,16,1475927395290992641,"numero je detaljan prikaz kako i zlostavljaci imaju baby face, izgledaju otuzno i nevino dok se unutar 4 zida desava kaos.
Nikad mi se netko nije tako brzo zgadio (bio mi je jedan od najdrazih repera u hazzeovom zlatnom vremenu) sad mi se okrece zeludac na njega #NisamPrijavila",gađenje,2026-03-31T07:26:53.773126+00:00
ff112,19,17,1475601987441987590,"Čitam #NisamPrijavila i ono što me najviše brine jeste kultura nasilja koja cveta među devojčicama i dečacima uzrasta 12, 13 i stariji. Ta kultura nasilja dosta je vidljiva na TikToku, a najbolje se ogleda kroz trend muziku. Na primer: “opije, pa dobije šamare, b**a masna” Nucci",strah,2026-03-31T07:27:30.210338+00:00
ff112,19,18,1475069694377926660,#NisamPrijavila jer nisam kome da se obratim. Ćale me savetovao da ako slučajno ostanem trudna da nikako ne smem da abortiram jer posle toga sigurno više neću moći da imam dete.,strah,2026-03-31T07:27:42.103038+00:00
ff112,19,19,1475828252291878915,"#nisamprijavila
Jer mi je bio dugogodišnji prijatelj. Jer sam se bojala što će drugi reći.
Jer nisam htjela da me itko drukčije gleda zbog toga.
Jer sam bila mlada i nisam mislila da bi mi itko vjerovao.
I dalje šutim, i nikome nisam rekla.",strah,2026-03-31T07:28:04.263907+00:00
ff112,19,20,1475666867222163464,"Prijavila sam, ali poželjela da #NisamPrijavila jer mi je inspektor rekao ""ma to vam se on udvara na jedan poseban način""",Emocionalno neutralno,2026-03-31T07:28:23.029175+00:00
ff112,19,21,1475107918542479363,"Citam #NisamPrijavila i u glavi mi je samo moja baba kako place jer ju je deda maltretirao 50 godina, fizicki a o psihickom da ne pricam. Tolike traume da je dolazila svaki dan uplakana i zalila mi se da ga sanja kako je davi. Spava u drugoj sobi i zakljucava vrata u toku noci.",strah,2026-03-31T07:28:40.992434+00:00
ff112,19,22,1475534095191089152,"#NisamPrijavila je prilika ne samo da se čuje glas žena koje su žrtve, i da svi stanu uz njih, nego i da se skrene pažnja na taj naš model odgajanja muškaraca koji su emotivni balvani.",Emocionalno neutralno,2026-03-31T07:29:34.142559+00:00
ff112,19,23,1475151815218020357,#božić Zemljanke se resetovale sa #metoo na #nisamprijavila .,Ne mogu da razumem,2026-03-31T07:29:48.39357+00:00
ff112,19,24,1475522956872888320,"U nastavku #NisamPrijavila serijala, drugovi iz odeljenja koji su nas devojčice ubeđivali da koketiramo sa profesorom ustava i prava građana koji je kasnije i uhapšen zbog pedofilije, kako on ne bi pitao za ocenu.",bes,2026-03-31T07:30:15.164473+00:00
ff112,19,25,1475079429684707332,"Strah i stid, sa jedne strane, kombinovan s neznanjem procedure prijave i postupanja, sa druge strane. I eto nas kod ovolikog  broja #NisamPrijavila. Prijavljeni slučajevi samo vrh ledenog brega nasilja.",strah,2026-03-31T07:30:22.542318+00:00
ff112,19,26,1475436359934484485,"Ova priča oko #NisamPrijavila  postaje toliko teška ali potrebna da se pročita i da ljudi, pa i ja među ostalima, shvatimo da je to stvarno i da se dešava u velikom broju.",poverenje,2026-03-31T07:30:54.781691+00:00
ff112,19,27,1475153406847332353,"#NisamPrijavila jer nakon sto sam rekla majci, upitala me jesam li sigurna da me mozda nije samo stipkao. Imala sam samo 12 godina. To mi je bio stric.",gađenje,2026-03-31T07:31:06.146905+00:00
ff112,19,28,1475199587069607942,Imam dvije kćerke i posle čitanja svega na #NisamPrijavila mislim da više ništa neće biti isto... Velika podrška i ljubav za sve vas! 🍀💕,poverenje,2026-03-31T07:31:18.775407+00:00
ff112,19,29,1475836566002180096,"Potom #nisamprijavila jer me je bilo stid,više nisam bila mala.Nisam jer sam se bojala da će da se sveti.Nisam jer sam u krug imala strah i stid.Nisam jer nisam verovala da postoji zaštita.Dok nisam smogla snage i zauzela se za sebe,sama. No,nisam.Drugi put. Detalja se ne sećam.",strah,2026-03-31T07:31:40.476735+00:00
ff112,19,30,1475762691490951169,Ех да сам добио динар за сваки пут кад су ми рекли #ПаТиСиМушко могао бих из свог џепа да искеширам кампању #NisamPrijavila са све рачуном мале врањанке из мека.,bes,2026-03-31T07:32:05.94081+00:00
ff112,19,31,1475433653341675523,"place mi se dok citam postove #NisamPrijavila i razmisljam koliko devojaka i zena iz manjih mesta i sela, koje ne koriste internet i ne znaju ni sta je tviter, prozivljava zlostavljanje.",tuga,2026-03-31T07:32:19.137975+00:00
ff112,19,32,1475428973937057796,"Jedan od top 3 najdebilnija komentara koja sam videla tokom ovog #NisamPrijavila pokreta je onaj “Niko ne zaslužuje naravno, ali zaboga pa šta si očekivala od lika koji deluje tako i tako..?” Šta je s vama jel ste bolesni?",bes,2026-03-31T07:32:29.862277+00:00
ff112,19,33,1475737923953831938,"stav da je #NisamPrijavila obeshrabrivanje žena je nešto najgluplje što sam ovde pročitala. nekoj ženi je dovoljno što može da ispriča svoju priču, da joj se poveruje i da vidi da postoji mreža podrške.",bes,2026-03-31T07:32:50.18059+00:00
ff112,19,34,1475193173802692609,Bojim se da najteže priče sa #NisamPrijavio #NisamPrijavila nikada nećemo pročitati,strah,2026-03-31T07:32:56.062559+00:00
ff112,19,35,1475461047914233861,"@[user] Jel' bolje ovako:
#NisamPrijavila je #nebitno u najčistijoj formi. Zašto feministi ne rešavaju rak koji ubije dnevno 30 žena evo ni sam ne znam. Npr:
#NisamPrijavilaLošeUsloveUBolnici #NisamPrijavilaDoktoraAmatera #NisamPrijavilaKvrgu
#NisamPrijavilaPregled #NisamPrijavilaHPV",bes,2026-03-31T07:33:10.661806+00:00
ff112,19,36,1475781708838748164,"@[user] @[user] @[user] Zamisli sta je njen odgovor iznad.
Psihičke bolesti su danas na svakom koraku.
Kao da se takav odnos nece prevesti i van kreveta nego ce samo ostati u njemu.
Posle sledi kukanje #NisamPrijavila",bes,2026-03-31T07:33:25.967242+00:00
ff112,19,37,1475341359934590977,"u pričama pod #NisamPrijavila je ispričano puno toga, ali da je tolika stopa incesta i pedofilije... ljudi raspašću se",tuga,2026-03-31T07:33:42.466882+00:00
ff112,19,38,1475243336692871169,"@[user] Problem nastaje kada sam pametna i sednem u auto sa poznatim momkom, a desi se baš o čemu pričamo ceo ovaj dan. Tužno je što ne shvatate kontekst priče i zbog ovakvih komentara devojke nisu prijavile. #NisamPrijavila",tuga,2026-03-31T07:33:58.973662+00:00
ff112,19,39,1475400656588521479,"ako ti padne na pamet da osudiš neku od skoro DESET HILJADA žena koje su u poslednja dva dana podelile #nisamprijavila objavu, pročitaj bar jednu ispovest ponovo i zamisli da ju je napisala tvoja majka, sestra ili ćerka.",Emocionalno neutralno,2026-03-31T07:34:10.16784+00:00
ff112,19,40,1478098408061685761,1010101 - velika energija. Rispekt za #nisamprijavila i sve što si u vezi sa tim naknadno pokrenula. Top humor,radost,2026-03-31T07:34:19.729356+00:00
ff112,19,41,1475233341012164620,знате паскалову опкладу то је оно као 50% су шансе да бог постоји више ти се исплати да живиш живот у складу са тиме да бог постоји па ако не постоји ником ништа а ако постоји добијаш добру позицију у загробном животу е тако ми пролази кроз главу док слушам овај #nisamprijavila,Emocionalno neutralno,2026-03-31T07:34:39.862088+00:00
ff112,19,42,1475415993635717123,Ukoliko ne razumete haštag #nisamprijavila onda ste upravo vi razlog zbog čega on postoji.,bes,2026-03-31T07:34:52.482462+00:00
ff112,19,43,1475428354648072193,"A zašto #NisamPrijavila policiji? Kad su došli na uvidjaj nakon pljačke, moju izjavu su pisali u paragon blok, rekli ""pa i nije pametno da cura poput tebe živi sama"", nikad se nisu ni javili niti su ikakav službeni zapisnik sacinili o pljački. Tko mi je kriv što živim sama?",bes,2026-03-31T07:35:10.043831+00:00
ff112,19,44,1475610509797904393,"#NisamPrijavila 1.Seksualno nasilje jos u osnovnoj skoli, kada su me decaci ""hvatali"" za guzu. 2. Emocijalno i fizicko nasilje u vezi dok sam bila srednjoskolac, jer me je bilo strah da priznam. A 3. tokom studija; jesam prijavila, ali on nikada nije odgovarao, jer mu znaju tatu!",bes,2026-03-31T07:35:32.382945+00:00
ff112,19,45,1475039158380945409,"#NisamPrijavila jer mi je bio dečko, pa se to jelte ne računa",bes,2026-03-31T07:35:43.552529+00:00
ff112,19,46,1475790558056665092,"#Nisamprijavila zlostavljanje psihicko na poslu, podmetanje, lazi, iz ciste ljubomore zbog bolesnig mozga koleginice. Ne prenosi informacije, podmece da dajem ulazne cene kupcima,ne daje informacije o carinjenju da bi roba mogla da se isporuci. Drskost, kune se u mrtvog oca da ⤵️",gađenje,2026-03-31T07:36:08.172195+00:00
ff112,19,47,1475377646452326404,"Јбт ово #NisamPrijavila је страшна прича, некако ми никада неће бити јасно, како ти људи што врше то насиље, не почну о тога, да их је мајка родила, па бар због тога неко поштовање, а тек они који имају сестру, стварно одвратно",gađenje,2026-03-31T07:36:20.763091+00:00
ff112,19,48,1475081101081288707,"#NisamPrijavila kad je on nju tukao, a onda ona mene zato što je sramota iznositi iz kuće, a tata nas voli, samo je nervozan. batine su prestale, ali je zlostavljanje nastavljeno, najčešće je bila lujka. da sam prijavila, možda bi ona bila živa danas, možda se ne bi ubila.",tuga,2026-03-31T07:36:40.347674+00:00
ff112,19,49,1479541501583577091,"Do juče su se zgražavale na priče iz #NisamPrijavila , a danas pišu da je Duško trebao još ranije da počne da bije Karleušu…ŽENA JE ŽENI NAJVEĆI NEPRIJATELJ!!!",bes,2026-03-31T07:36:50.047235+00:00
ff113,19,0,1474883068007747586,"na koju se grejemo beba od mesec dana i mi. 
#nisamprijavila jer nije bilo vidljivo na telu vređanje, finansijska kontrola, ignorisanje (silent treatment) mene danima ako se usudim da kažem nešto što nije po volji. #nisamprijavila jer je u društvu bio nasmejan, veseo, duhovit",strah,2026-03-31T07:16:25.003923+00:00
ff113,19,1,1475102661431209992,"svaka cast svima koji su imale hrabrosti da prezive i da napisu svoje price🙌🏼❤️bravo❤️  
#NisamPrijavila desilo se skoro i ne zelim da pravim dramu,smatram da je mala stvar i da nece mnogo da se preduzme oko toga i tek ce onda da prodje prica oko celog grada",iščekivanje,2026-03-31T07:18:25.946373+00:00
ff113,19,2,1475153035525509120,Oprosti mi što #nisamprijavila ja onda kad ti nisi imala snage!,tuga,2026-03-31T07:18:41.703466+00:00
ff113,19,3,1475555273943265280,"I, da, #NisamPrijavila ali to je sad nebitno. Bitno je da sam preživela i ojačala zahvaljujući sličnim sebi, a ima nas previše.",poverenje,2026-03-31T07:19:55.697208+00:00
ff113,19,4,1475099694674100235,"posebno to što kod sebe imaju oružje (taj deo ""normalnosti"" korišćenja oružja koji usvoje kroz službu je tek posebna tema). 

Glupo je da kažem da je sjajno ovo #nisamprijavila - ali šta ćemo dalje? 

Ja nisam stručna ali evo neka neka nadležna institucija iz tekstova sa",poverenje,2026-03-31T07:21:03.517884+00:00
ff113,19,5,1475298054093910022,"#NisamPrijavila 
... zato što su možda obrasci isti, ali je svačija priča različita.

Dakle, bez mnogo priče dok ne znate priču.",bes,2026-03-31T07:21:40.962772+00:00
ff113,19,6,1475108790949318666,Ja jos uvek nisam spremna da napisem sta i zasto #NisamPrijavila ali sam procitala svaki tvit i verujem da svet ostavljamo boljim mestom jer sada znamo sta nije u redu,radost,2026-03-31T07:22:01.239772+00:00
ff113,19,7,1475960829581352967,"@[user] @[user] Ali to ne umanjuje ni značaj ni validnost pokreta. On ne može da umanji poverenje u institucije, jer institucije ne postoje. #nisamprijavila je poziv za stvaranje institucija koje će se brinuti o žrtvama.",poverenje,2026-03-31T07:22:41.688784+00:00
ff113,19,8,1475438864869306375,"""Ich habs nicht gemeldet. Bei uns glauben sie nicht mal den toten Frauen. Den lebendigen schon gar nicht."" Es ist wahr und erschütternd. #NisamPrijavila",Ne mogu da razumem,2026-03-31T07:23:00.734402+00:00
ff113,19,9,1475168300015497223,"@[user] Nažalost, svugdje je tako... Imala sam i ja takvih #NisamPrijavila situacija na bacanje, ali blažih. Čak i ono što sam prijavila dočekano je s ""Ma, izmišljaš gluposti"".",gađenje,2026-03-31T07:24:03.293715+00:00
ff113,19,10,1475369912981929985,"#nisamprijavila jer je bilo psihicko maltretiranje,jer sam ga se plasila,jer mi je trebalo vremena da shvatim sta se desava,jer se desavalo u periodu od god dana nakon smrti moje majke i bila sam jako ranjiva,jako tesko sam podnela njen gubitak,nisam prijavila jer znam da ne mogu",tuga,2026-03-31T07:24:21.439612+00:00
ff113,19,11,1475582227048280064,ali ovi bolesnici koji na #NisamPrijavila reaguju sa svojim jeftinim šalama i propalim humorom zaslužuju pakao i ništa manje od toga,bes,2026-03-31T07:24:29.268669+00:00
ff113,19,12,1475767866851008514,#nisamprijavila jer je trebalo da prodje 7 godina da prepoznam da je to sto se desilo bilo silovanje. Posle rada sa psihoterapeutom i terapije MDMA-em sam mnogo manje besna i znam da smo svi uzasno propatili od katastrofalne seksualne edukacije iz porno filmova. 1/2,poverenje,2026-03-31T07:25:15.194102+00:00
ff113,19,13,1475515598536904713,"@[user] je prva napravila rupu u toj brani ćutanja. Sledeći je, hiljade su progovorile ili pružile podršku i kao reka probile branu. Ne treba da dozvolimo, da se brana ponovo podigne, zbog onih koje su progovorile #NisamPrijavila i onih koje nisu. Zbog svih nas 💜",poverenje,2026-03-31T07:26:07.564163+00:00
ff113,19,14,1475786710743142412,Ogromna podrška za sve žene koje su skupile hrabrosti da posle toliko godina obelodane tamu. ❤️ #nisamprijavila,radost,2026-03-31T07:27:20.859689+00:00
ff113,19,15,1475048760778629120,"Čitam sve #Nisamprijavila. Ako niste među njima, zahvalite se Bogu, iščitajte i nemojte nikad, ama nikad, da ne budete podrška nekoj ženi.",Emocionalno neutralno,2026-03-31T07:28:11.274283+00:00
ff113,19,16,1475927395290992641,"numero je detaljan prikaz kako i zlostavljaci imaju baby face, izgledaju otuzno i nevino dok se unutar 4 zida desava kaos.
Nikad mi se netko nije tako brzo zgadio (bio mi je jedan od najdrazih repera u hazzeovom zlatnom vremenu) sad mi se okrece zeludac na njega #NisamPrijavila",bes,2026-03-31T07:28:33.301376+00:00
ff113,19,17,1475601987441987590,"Čitam #NisamPrijavila i ono što me najviše brine jeste kultura nasilja koja cveta među devojčicama i dečacima uzrasta 12, 13 i stariji. Ta kultura nasilja dosta je vidljiva na TikToku, a najbolje se ogleda kroz trend muziku. Na primer: “opije, pa dobije šamare, b**a masna” Nucci",strah,2026-03-31T07:29:28.543731+00:00
ff113,19,18,1475069694377926660,#NisamPrijavila jer nisam kome da se obratim. Ćale me savetovao da ako slučajno ostanem trudna da nikako ne smem da abortiram jer posle toga sigurno više neću moći da imam dete.,gađenje,2026-03-31T07:30:05.644858+00:00
ff113,19,19,1475828252291878915,"#nisamprijavila
Jer mi je bio dugogodišnji prijatelj. Jer sam se bojala što će drugi reći.
Jer nisam htjela da me itko drukčije gleda zbog toga.
Jer sam bila mlada i nisam mislila da bi mi itko vjerovao.
I dalje šutim, i nikome nisam rekla.",tuga,2026-03-31T07:30:33.850373+00:00
ff113,19,20,1475666867222163464,"Prijavila sam, ali poželjela da #NisamPrijavila jer mi je inspektor rekao ""ma to vam se on udvara na jedan poseban način""",gađenje,2026-03-31T07:30:44.376275+00:00
ff113,19,21,1475107918542479363,"Citam #NisamPrijavila i u glavi mi je samo moja baba kako place jer ju je deda maltretirao 50 godina, fizicki a o psihickom da ne pricam. Tolike traume da je dolazila svaki dan uplakana i zalila mi se da ga sanja kako je davi. Spava u drugoj sobi i zakljucava vrata u toku noci.",tuga,2026-03-31T07:31:17.084754+00:00
ff113,19,22,1475534095191089152,"#NisamPrijavila je prilika ne samo da se čuje glas žena koje su žrtve, i da svi stanu uz njih, nego i da se skrene pažnja na taj naš model odgajanja muškaraca koji su emotivni balvani.",iščekivanje,2026-03-31T07:31:45.397769+00:00
ff113,19,23,1475151815218020357,#božić Zemljanke se resetovale sa #metoo na #nisamprijavila .,Ne mogu da razumem,2026-03-31T07:32:25.562117+00:00
ff113,19,24,1475522956872888320,"U nastavku #NisamPrijavila serijala, drugovi iz odeljenja koji su nas devojčice ubeđivali da koketiramo sa profesorom ustava i prava građana koji je kasnije i uhapšen zbog pedofilije, kako on ne bi pitao za ocenu.",bes,2026-03-31T07:32:53.692527+00:00
ff113,19,25,1475079429684707332,"Strah i stid, sa jedne strane, kombinovan s neznanjem procedure prijave i postupanja, sa druge strane. I eto nas kod ovolikog  broja #NisamPrijavila. Prijavljeni slučajevi samo vrh ledenog brega nasilja.",tuga,2026-03-31T07:33:22.326863+00:00
ff113,19,26,1475436359934484485,"Ova priča oko #NisamPrijavila  postaje toliko teška ali potrebna da se pročita i da ljudi, pa i ja među ostalima, shvatimo da je to stvarno i da se dešava u velikom broju.",iznenađenje,2026-03-31T07:33:44.819604+00:00
ff113,19,27,1475153406847332353,"#NisamPrijavila jer nakon sto sam rekla majci, upitala me jesam li sigurna da me mozda nije samo stipkao. Imala sam samo 12 godina. To mi je bio stric.",bes,2026-03-31T07:34:00.420466+00:00
ff113,19,28,1475199587069607942,Imam dvije kćerke i posle čitanja svega na #NisamPrijavila mislim da više ništa neće biti isto... Velika podrška i ljubav za sve vas! 🍀💕,poverenje,2026-03-31T07:34:28.647609+00:00
ff113,19,29,1475836566002180096,"Potom #nisamprijavila jer me je bilo stid,više nisam bila mala.Nisam jer sam se bojala da će da se sveti.Nisam jer sam u krug imala strah i stid.Nisam jer nisam verovala da postoji zaštita.Dok nisam smogla snage i zauzela se za sebe,sama. No,nisam.Drugi put. Detalja se ne sećam.",tuga,2026-03-31T07:35:23.651168+00:00
ff113,19,30,1475762691490951169,Ех да сам добио динар за сваки пут кад су ми рекли #ПаТиСиМушко могао бих из свог џепа да искеширам кампању #NisamPrijavila са све рачуном мале врањанке из мека.,bes,2026-03-31T07:35:59.510088+00:00
ff113,19,31,1475433653341675523,"place mi se dok citam postove #NisamPrijavila i razmisljam koliko devojaka i zena iz manjih mesta i sela, koje ne koriste internet i ne znaju ni sta je tviter, prozivljava zlostavljanje.",tuga,2026-03-31T07:36:11.650762+00:00
ff113,19,32,1475428973937057796,"Jedan od top 3 najdebilnija komentara koja sam videla tokom ovog #NisamPrijavila pokreta je onaj “Niko ne zaslužuje naravno, ali zaboga pa šta si očekivala od lika koji deluje tako i tako..?” Šta je s vama jel ste bolesni?",bes,2026-03-31T07:36:24.391902+00:00
ff113,19,33,1475737923953831938,"stav da je #NisamPrijavila obeshrabrivanje žena je nešto najgluplje što sam ovde pročitala. nekoj ženi je dovoljno što može da ispriča svoju priču, da joj se poveruje i da vidi da postoji mreža podrške.",bes,2026-03-31T07:36:44.239108+00:00
ff113,19,34,1475193173802692609,Bojim se da najteže priče sa #NisamPrijavio #NisamPrijavila nikada nećemo pročitati,strah,2026-03-31T07:36:55.435315+00:00
ff113,19,35,1475461047914233861,"@[user] Jel' bolje ovako:
#NisamPrijavila je #nebitno u najčistijoj formi. Zašto feministi ne rešavaju rak koji ubije dnevno 30 žena evo ni sam ne znam. Npr:
#NisamPrijavilaLošeUsloveUBolnici #NisamPrijavilaDoktoraAmatera #NisamPrijavilaKvrgu
#NisamPrijavilaPregled #NisamPrijavilaHPV",bes,2026-03-31T07:37:37.339317+00:00
ff113,19,36,1475781708838748164,"@[user] @[user] @[user] Zamisli sta je njen odgovor iznad.
Psihičke bolesti su danas na svakom koraku.
Kao da se takav odnos nece prevesti i van kreveta nego ce samo ostati u njemu.
Posle sledi kukanje #NisamPrijavila",Ne mogu da razumem,2026-03-31T07:38:14.860969+00:00
ff113,19,37,1475341359934590977,"u pričama pod #NisamPrijavila je ispričano puno toga, ali da je tolika stopa incesta i pedofilije... ljudi raspašću se",tuga,2026-03-31T07:38:29.93836+00:00
ff113,19,38,1475243336692871169,"@[user] Problem nastaje kada sam pametna i sednem u auto sa poznatim momkom, a desi se baš o čemu pričamo ceo ovaj dan. Tužno je što ne shvatate kontekst priče i zbog ovakvih komentara devojke nisu prijavile. #NisamPrijavila",tuga,2026-03-31T07:38:56.419219+00:00
ff113,19,39,1475400656588521479,"ako ti padne na pamet da osudiš neku od skoro DESET HILJADA žena koje su u poslednja dva dana podelile #nisamprijavila objavu, pročitaj bar jednu ispovest ponovo i zamisli da ju je napisala tvoja majka, sestra ili ćerka.",bes,2026-03-31T07:39:06.387408+00:00
ff113,19,40,1478098408061685761,1010101 - velika energija. Rispekt za #nisamprijavila i sve što si u vezi sa tim naknadno pokrenula. Top humor,Ne mogu da razumem,2026-03-31T07:39:21.715961+00:00
ff113,19,41,1475233341012164620,знате паскалову опкладу то је оно као 50% су шансе да бог постоји више ти се исплати да живиш живот у складу са тиме да бог постоји па ако не постоји ником ништа а ако постоји добијаш добру позицију у загробном животу е тако ми пролази кроз главу док слушам овај #nisamprijavila,tuga,2026-03-31T07:39:49.201116+00:00
ff113,19,42,1475415993635717123,Ukoliko ne razumete haštag #nisamprijavila onda ste upravo vi razlog zbog čega on postoji.,bes,2026-03-31T07:40:02.421678+00:00
ff113,19,43,1475428354648072193,"A zašto #NisamPrijavila policiji? Kad su došli na uvidjaj nakon pljačke, moju izjavu su pisali u paragon blok, rekli ""pa i nije pametno da cura poput tebe živi sama"", nikad se nisu ni javili niti su ikakav službeni zapisnik sacinili o pljački. Tko mi je kriv što živim sama?",bes,2026-03-31T07:40:21.249548+00:00
ff113,19,44,1475610509797904393,"#NisamPrijavila 1.Seksualno nasilje jos u osnovnoj skoli, kada su me decaci ""hvatali"" za guzu. 2. Emocijalno i fizicko nasilje u vezi dok sam bila srednjoskolac, jer me je bilo strah da priznam. A 3. tokom studija; jesam prijavila, ali on nikada nije odgovarao, jer mu znaju tatu!",bes,2026-03-31T07:40:44.138632+00:00
ff113,19,45,1475039158380945409,"#NisamPrijavila jer mi je bio dečko, pa se to jelte ne računa",bes,2026-03-31T07:40:50.753778+00:00
ff113,19,46,1475790558056665092,"#Nisamprijavila zlostavljanje psihicko na poslu, podmetanje, lazi, iz ciste ljubomore zbog bolesnig mozga koleginice. Ne prenosi informacije, podmece da dajem ulazne cene kupcima,ne daje informacije o carinjenju da bi roba mogla da se isporuci. Drskost, kune se u mrtvog oca da ⤵️",bes,2026-03-31T07:41:19.917397+00:00
ff113,19,47,1475377646452326404,"Јбт ово #NisamPrijavila је страшна прича, некако ми никада неће бити јасно, како ти људи што врше то насиље, не почну о тога, да их је мајка родила, па бар због тога неко поштовање, а тек они који имају сестру, стварно одвратно",gađenje,2026-03-31T07:41:30.276926+00:00
ff113,19,48,1475081101081288707,"#NisamPrijavila kad je on nju tukao, a onda ona mene zato što je sramota iznositi iz kuće, a tata nas voli, samo je nervozan. batine su prestale, ali je zlostavljanje nastavljeno, najčešće je bila lujka. da sam prijavila, možda bi ona bila živa danas, možda se ne bi ubila.",tuga,2026-03-31T07:41:49.432464+00:00
ff113,19,49,1479541501583577091,"Do juče su se zgražavale na priče iz #NisamPrijavila , a danas pišu da je Duško trebao još ranije da počne da bije Karleušu…ŽENA JE ŽENI NAJVEĆI NEPRIJATELJ!!!",bes,2026-03-31T07:42:00.230744+00:00
ff114,19,0,1474883068007747586,"na koju se grejemo beba od mesec dana i mi. 
#nisamprijavila jer nije bilo vidljivo na telu vređanje, finansijska kontrola, ignorisanje (silent treatment) mene danima ako se usudim da kažem nešto što nije po volji. #nisamprijavila jer je u društvu bio nasmejan, veseo, duhovit",tuga,2026-03-31T07:16:12.230439+00:00
ff114,19,1,1475102661431209992,"svaka cast svima koji su imale hrabrosti da prezive i da napisu svoje price🙌🏼❤️bravo❤️  
#NisamPrijavila desilo se skoro i ne zelim da pravim dramu,smatram da je mala stvar i da nece mnogo da se preduzme oko toga i tek ce onda da prodje prica oko celog grada",poverenje,2026-03-31T07:16:59.487922+00:00
ff114,19,2,1475153035525509120,Oprosti mi što #nisamprijavila ja onda kad ti nisi imala snage!,tuga,2026-03-31T07:17:08.93511+00:00
ff114,19,3,1475555273943265280,"I, da, #NisamPrijavila ali to je sad nebitno. Bitno je da sam preživela i ojačala zahvaljujući sličnim sebi, a ima nas previše.",radost,2026-03-31T07:17:27.570918+00:00
ff114,19,4,1475099694674100235,"posebno to što kod sebe imaju oružje (taj deo ""normalnosti"" korišćenja oružja koji usvoje kroz službu je tek posebna tema). 

Glupo je da kažem da je sjajno ovo #nisamprijavila - ali šta ćemo dalje? 

Ja nisam stručna ali evo neka neka nadležna institucija iz tekstova sa",Emocionalno neutralno,2026-03-31T07:17:56.642327+00:00
ff114,19,5,1475298054093910022,"#NisamPrijavila 
... zato što su možda obrasci isti, ali je svačija priča različita.

Dakle, bez mnogo priče dok ne znate priču.",Emocionalno neutralno,2026-03-31T07:18:16.698961+00:00
ff114,19,6,1475108790949318666,Ja jos uvek nisam spremna da napisem sta i zasto #NisamPrijavila ali sam procitala svaki tvit i verujem da svet ostavljamo boljim mestom jer sada znamo sta nije u redu,radost,2026-03-31T07:18:32.825668+00:00
ff114,19,7,1475960829581352967,"@[user] @[user] Ali to ne umanjuje ni značaj ni validnost pokreta. On ne može da umanji poverenje u institucije, jer institucije ne postoje. #nisamprijavila je poziv za stvaranje institucija koje će se brinuti o žrtvama.",poverenje,2026-03-31T07:18:50.049113+00:00
ff114,19,8,1475438864869306375,"""Ich habs nicht gemeldet. Bei uns glauben sie nicht mal den toten Frauen. Den lebendigen schon gar nicht."" Es ist wahr und erschütternd. #NisamPrijavila",Ne mogu da razumem,2026-03-31T07:19:03.38597+00:00
ff114,19,9,1475168300015497223,"@[user] Nažalost, svugdje je tako... Imala sam i ja takvih #NisamPrijavila situacija na bacanje, ali blažih. Čak i ono što sam prijavila dočekano je s ""Ma, izmišljaš gluposti"".",iščekivanje,2026-03-31T07:19:25.041075+00:00
ff114,19,10,1475369912981929985,"#nisamprijavila jer je bilo psihicko maltretiranje,jer sam ga se plasila,jer mi je trebalo vremena da shvatim sta se desava,jer se desavalo u periodu od god dana nakon smrti moje majke i bila sam jako ranjiva,jako tesko sam podnela njen gubitak,nisam prijavila jer znam da ne mogu",strah,2026-03-31T07:19:43.613238+00:00
ff114,19,11,1475582227048280064,ali ovi bolesnici koji na #NisamPrijavila reaguju sa svojim jeftinim šalama i propalim humorom zaslužuju pakao i ništa manje od toga,bes,2026-03-31T07:19:51.773628+00:00
ff114,19,12,1475767866851008514,#nisamprijavila jer je trebalo da prodje 7 godina da prepoznam da je to sto se desilo bilo silovanje. Posle rada sa psihoterapeutom i terapije MDMA-em sam mnogo manje besna i znam da smo svi uzasno propatili od katastrofalne seksualne edukacije iz porno filmova. 1/2,Emocionalno neutralno,2026-03-31T07:20:26.926746+00:00
ff114,19,13,1475515598536904713,"@[user] je prva napravila rupu u toj brani ćutanja. Sledeći je, hiljade su progovorile ili pružile podršku i kao reka probile branu. Ne treba da dozvolimo, da se brana ponovo podigne, zbog onih koje su progovorile #NisamPrijavila i onih koje nisu. Zbog svih nas 💜",radost,2026-03-31T07:20:42.264727+00:00
ff114,19,14,1475786710743142412,Ogromna podrška za sve žene koje su skupile hrabrosti da posle toliko godina obelodane tamu. ❤️ #nisamprijavila,radost,2026-03-31T07:20:51.006402+00:00
ff114,19,15,1475048760778629120,"Čitam sve #Nisamprijavila. Ako niste među njima, zahvalite se Bogu, iščitajte i nemojte nikad, ama nikad, da ne budete podrška nekoj ženi.",poverenje,2026-03-31T07:21:03.162394+00:00
ff114,19,16,1475927395290992641,"numero je detaljan prikaz kako i zlostavljaci imaju baby face, izgledaju otuzno i nevino dok se unutar 4 zida desava kaos.
Nikad mi se netko nije tako brzo zgadio (bio mi je jedan od najdrazih repera u hazzeovom zlatnom vremenu) sad mi se okrece zeludac na njega #NisamPrijavila",gađenje,2026-03-31T07:21:26.768411+00:00
ff114,19,17,1475601987441987590,"Čitam #NisamPrijavila i ono što me najviše brine jeste kultura nasilja koja cveta među devojčicama i dečacima uzrasta 12, 13 i stariji. Ta kultura nasilja dosta je vidljiva na TikToku, a najbolje se ogleda kroz trend muziku. Na primer: “opije, pa dobije šamare, b**a masna” Nucci",strah,2026-03-31T07:21:52.291807+00:00
ff114,19,18,1475069694377926660,#NisamPrijavila jer nisam kome da se obratim. Ćale me savetovao da ako slučajno ostanem trudna da nikako ne smem da abortiram jer posle toga sigurno više neću moći da imam dete.,tuga,2026-03-31T07:22:10.995814+00:00
ff114,19,19,1475828252291878915,"#nisamprijavila
Jer mi je bio dugogodišnji prijatelj. Jer sam se bojala što će drugi reći.
Jer nisam htjela da me itko drukčije gleda zbog toga.
Jer sam bila mlada i nisam mislila da bi mi itko vjerovao.
I dalje šutim, i nikome nisam rekla.",strah,2026-03-31T07:22:27.163009+00:00
ff114,19,20,1475666867222163464,"Prijavila sam, ali poželjela da #NisamPrijavila jer mi je inspektor rekao ""ma to vam se on udvara na jedan poseban način""",gađenje,2026-03-31T07:23:07.707396+00:00
ff114,19,21,1475107918542479363,"Citam #NisamPrijavila i u glavi mi je samo moja baba kako place jer ju je deda maltretirao 50 godina, fizicki a o psihickom da ne pricam. Tolike traume da je dolazila svaki dan uplakana i zalila mi se da ga sanja kako je davi. Spava u drugoj sobi i zakljucava vrata u toku noci.",strah,2026-03-31T07:23:27.284418+00:00
ff114,19,22,1475534095191089152,"#NisamPrijavila je prilika ne samo da se čuje glas žena koje su žrtve, i da svi stanu uz njih, nego i da se skrene pažnja na taj naš model odgajanja muškaraca koji su emotivni balvani.",iščekivanje,2026-03-31T07:23:45.973331+00:00
ff114,19,23,1475151815218020357,#božić Zemljanke se resetovale sa #metoo na #nisamprijavila .,Emocionalno neutralno,2026-03-31T07:23:59.466179+00:00
ff114,19,24,1475522956872888320,"U nastavku #NisamPrijavila serijala, drugovi iz odeljenja koji su nas devojčice ubeđivali da koketiramo sa profesorom ustava i prava građana koji je kasnije i uhapšen zbog pedofilije, kako on ne bi pitao za ocenu.",gađenje,2026-03-31T07:24:34.134464+00:00
ff114,19,25,1475079429684707332,"Strah i stid, sa jedne strane, kombinovan s neznanjem procedure prijave i postupanja, sa druge strane. I eto nas kod ovolikog  broja #NisamPrijavila. Prijavljeni slučajevi samo vrh ledenog brega nasilja.",strah,2026-03-31T07:24:45.971721+00:00
ff114,19,26,1475436359934484485,"Ova priča oko #NisamPrijavila  postaje toliko teška ali potrebna da se pročita i da ljudi, pa i ja među ostalima, shvatimo da je to stvarno i da se dešava u velikom broju.",poverenje,2026-03-31T07:25:14.32833+00:00
ff114,19,27,1475153406847332353,"#NisamPrijavila jer nakon sto sam rekla majci, upitala me jesam li sigurna da me mozda nije samo stipkao. Imala sam samo 12 godina. To mi je bio stric.",gađenje,2026-03-31T07:25:34.785599+00:00
ff114,19,28,1475199587069607942,Imam dvije kćerke i posle čitanja svega na #NisamPrijavila mislim da više ništa neće biti isto... Velika podrška i ljubav za sve vas! 🍀💕,radost,2026-03-31T07:25:55.508592+00:00
ff114,19,29,1475836566002180096,"Potom #nisamprijavila jer me je bilo stid,više nisam bila mala.Nisam jer sam se bojala da će da se sveti.Nisam jer sam u krug imala strah i stid.Nisam jer nisam verovala da postoji zaštita.Dok nisam smogla snage i zauzela se za sebe,sama. No,nisam.Drugi put. Detalja se ne sećam.",strah,2026-03-31T07:26:11.642101+00:00
ff114,19,30,1475762691490951169,Ех да сам добио динар за сваки пут кад су ми рекли #ПаТиСиМушко могао бих из свог џепа да искеширам кампању #NisamPrijavila са све рачуном мале врањанке из мека.,bes,2026-03-31T07:26:44.848845+00:00
ff114,19,31,1475433653341675523,"place mi se dok citam postove #NisamPrijavila i razmisljam koliko devojaka i zena iz manjih mesta i sela, koje ne koriste internet i ne znaju ni sta je tviter, prozivljava zlostavljanje.",tuga,2026-03-31T07:26:54.915332+00:00
ff114,19,32,1475428973937057796,"Jedan od top 3 najdebilnija komentara koja sam videla tokom ovog #NisamPrijavila pokreta je onaj “Niko ne zaslužuje naravno, ali zaboga pa šta si očekivala od lika koji deluje tako i tako..?” Šta je s vama jel ste bolesni?",gađenje,2026-03-31T07:27:07.932104+00:00
ff114,19,33,1475737923953831938,"stav da je #NisamPrijavila obeshrabrivanje žena je nešto najgluplje što sam ovde pročitala. nekoj ženi je dovoljno što može da ispriča svoju priču, da joj se poveruje i da vidi da postoji mreža podrške.",bes,2026-03-31T07:27:22.067949+00:00
ff114,19,34,1475193173802692609,Bojim se da najteže priče sa #NisamPrijavio #NisamPrijavila nikada nećemo pročitati,strah,2026-03-31T07:27:28.532907+00:00
ff114,19,35,1475461047914233861,"@[user] Jel' bolje ovako:
#NisamPrijavila je #nebitno u najčistijoj formi. Zašto feministi ne rešavaju rak koji ubije dnevno 30 žena evo ni sam ne znam. Npr:
#NisamPrijavilaLošeUsloveUBolnici #NisamPrijavilaDoktoraAmatera #NisamPrijavilaKvrgu
#NisamPrijavilaPregled #NisamPrijavilaHPV",Emocionalno neutralno,2026-03-31T07:27:58.064313+00:00
ff114,19,36,1475781708838748164,"@[user] @[user] @[user] Zamisli sta je njen odgovor iznad.
Psihičke bolesti su danas na svakom koraku.
Kao da se takav odnos nece prevesti i van kreveta nego ce samo ostati u njemu.
Posle sledi kukanje #NisamPrijavila",Emocionalno neutralno,2026-03-31T07:28:41.678888+00:00
ff114,19,37,1475341359934590977,"u pričama pod #NisamPrijavila je ispričano puno toga, ali da je tolika stopa incesta i pedofilije... ljudi raspašću se",gađenje,2026-03-31T07:28:50.351749+00:00
ff114,19,38,1475243336692871169,"@[user] Problem nastaje kada sam pametna i sednem u auto sa poznatim momkom, a desi se baš o čemu pričamo ceo ovaj dan. Tužno je što ne shvatate kontekst priče i zbog ovakvih komentara devojke nisu prijavile. #NisamPrijavila",tuga,2026-03-31T07:29:02.987722+00:00
ff114,19,39,1475400656588521479,"ako ti padne na pamet da osudiš neku od skoro DESET HILJADA žena koje su u poslednja dva dana podelile #nisamprijavila objavu, pročitaj bar jednu ispovest ponovo i zamisli da ju je napisala tvoja majka, sestra ili ćerka.",bes,2026-03-31T07:29:14.799302+00:00
ff114,19,40,1478098408061685761,1010101 - velika energija. Rispekt za #nisamprijavila i sve što si u vezi sa tim naknadno pokrenula. Top humor,poverenje,2026-03-31T07:29:23.715285+00:00
ff114,19,41,1475233341012164620,знате паскалову опкладу то је оно као 50% су шансе да бог постоји више ти се исплати да живиш живот у складу са тиме да бог постоји па ако не постоји ником ништа а ако постоји добијаш добру позицију у загробном животу е тако ми пролази кроз главу док слушам овај #nisamprijavila,gađenje,2026-03-31T07:29:51.402562+00:00
ff114,19,42,1475415993635717123,Ukoliko ne razumete haštag #nisamprijavila onda ste upravo vi razlog zbog čega on postoji.,bes,2026-03-31T07:30:06.046713+00:00
ff114,19,43,1475428354648072193,"A zašto #NisamPrijavila policiji? Kad su došli na uvidjaj nakon pljačke, moju izjavu su pisali u paragon blok, rekli ""pa i nije pametno da cura poput tebe živi sama"", nikad se nisu ni javili niti su ikakav službeni zapisnik sacinili o pljački. Tko mi je kriv što živim sama?",bes,2026-03-31T07:30:24.029676+00:00
ff114,19,44,1475610509797904393,"#NisamPrijavila 1.Seksualno nasilje jos u osnovnoj skoli, kada su me decaci ""hvatali"" za guzu. 2. Emocijalno i fizicko nasilje u vezi dok sam bila srednjoskolac, jer me je bilo strah da priznam. A 3. tokom studija; jesam prijavila, ali on nikada nije odgovarao, jer mu znaju tatu!",bes,2026-03-31T07:30:45.30798+00:00
ff114,19,45,1475039158380945409,"#NisamPrijavila jer mi je bio dečko, pa se to jelte ne računa",tuga,2026-03-31T07:30:55.071387+00:00
ff114,19,46,1475790558056665092,"#Nisamprijavila zlostavljanje psihicko na poslu, podmetanje, lazi, iz ciste ljubomore zbog bolesnig mozga koleginice. Ne prenosi informacije, podmece da dajem ulazne cene kupcima,ne daje informacije o carinjenju da bi roba mogla da se isporuci. Drskost, kune se u mrtvog oca da ⤵️",bes,2026-03-31T07:31:20.266687+00:00
ff114,19,47,1475377646452326404,"Јбт ово #NisamPrijavila је страшна прича, некако ми никада неће бити јасно, како ти људи што врше то насиље, не почну о тога, да их је мајка родила, па бар због тога неко поштовање, а тек они који имају сестру, стварно одвратно",gađenje,2026-03-31T07:31:34.493528+00:00
ff114,19,48,1475081101081288707,"#NisamPrijavila kad je on nju tukao, a onda ona mene zato što je sramota iznositi iz kuće, a tata nas voli, samo je nervozan. batine su prestale, ali je zlostavljanje nastavljeno, najčešće je bila lujka. da sam prijavila, možda bi ona bila živa danas, možda se ne bi ubila.",tuga,2026-03-31T07:31:51.666817+00:00
ff114,19,49,1479541501583577091,"Do juče su se zgražavale na priče iz #NisamPrijavila , a danas pišu da je Duško trebao još ranije da počne da bije Karleušu…ŽENA JE ŽENI NAJVEĆI NEPRIJATELJ!!!",bes,2026-03-31T07:32:05.13627+00:00
ff115,20,0,1475553486750240775,"važan je #NisamPrijavila i zbog toga što sa mužem već dva dana pričam kako sve možemo da osnažimo ćerku da nikad ne pomisli da nešto ne treba ili ne sme da nam kaže. ona ima samo 4 godine, ali sve ovo je promenilo njenog i mnoge druge tate.",poverenje,2026-03-31T07:16:28.180378+00:00
ff115,20,1,1475436142443077632,"Uuh,koliko sam ja zapravo jedna srećna žena.
Čitam ove priče #NisamPrijavila i ne mogu da verujem🥺😢

Osnaživanje,kao podrška ženama koje trpe bilo kakvo nasilje treba da dolazi od celokupne zajednice.Porodica,prijatelji,društvo mora da reaguje i obezbedi ženi siguran prostor,⬇️",radost,2026-03-31T07:16:56.50511+00:00
ff115,20,2,1475064010559139840,#NisamPrijavila - hešteg godine,Emocionalno neutralno,2026-03-31T07:17:03.657015+00:00
ff115,20,3,1475260969995677698,"#NisamPrijavila, jer kad se desilo, nisam imala kome.
#NisamPrijavila, jer kada sam imala kome, bojala sam se da mi neće verovati.
#NisamPrijavila i neću ali #NisamZaboravila i neću nikad. 
Mojoj ćerki sam objasnila da, NIKAD, ne dozvoli da joj bilo ko uradi nešto što ne želi!!!",bes,2026-03-31T07:17:17.74361+00:00
ff115,20,4,1475545459565514753,Sve se slazem treba podici nivo svesti #NisamPrijavila ali svi preskacu #DanielaSteinfeld vi ste poverovali njihovom sudu i oslobodili ga,bes,2026-03-31T07:17:29.255914+00:00
ff115,20,5,1475267795302719491,"Išamarajte se dok vam zubi ne ispadnu vi koji mislite da je nečija odjeća legitiman povod za silovanje. 

Puna podrška za #NisamPrijavila.",bes,2026-03-31T07:17:36.873969+00:00
ff115,20,6,1475096340426280966,"#nisamprijavila jutro posle silovanja, jer sam bila slomljena, i njihovo neverovanje i osudu da lažem ne bih preživela. Kada sam progovorila, pa bila prinuđena da učestvujem u predustražnom postupku, uprkos pregršt dokaza, desilo se isto. Samo, sada me ne mogu slomiti. #nisisama",strah,2026-03-31T07:18:00.760272+00:00
ff115,20,7,1475037536984707081,"Ovo sa #NisamPrijavila toliko kopa po najdubljim strahovima i intimi da se ujedno divim svakoj ženi koja to napiše, ali sam i doslovno prestravljen brojem i sadržajem objava. Mogu samo da zamislim kako je tek u onim svetovima bez mreža.",tuga,2026-03-31T07:18:35.299753+00:00
ff115,20,8,1478116057114152965,@[user] A kada si napunila 18. godina? Gde ste sada #NisamPrijavila,gađenje,2026-03-31T07:19:06.581422+00:00
ff115,20,9,1475059272153243648,Čitam ispovesti #NisamPrijavila i ridam.,tuga,2026-03-31T07:19:09.744254+00:00
ff115,20,10,1475239569578733570,"Uh ne mogu vam ja noćas ovo #NisamPrijavila 🥺 pretužna je svaka priča, još tužnije su one koje su prijavile a kao da nijesu, tužno je biti žena na Balkanu oduvijek i zauvijek! Ljubav za sve moje žene na tw. ❤️🥰😘",tuga,2026-03-31T07:19:18.985568+00:00
ff115,20,11,1475091292283674628,"#nisamprijavila kada sam bila izbacena iz kuce, a nisam imala gde da odem jer me je izolovala od svih prijatelja",tuga,2026-03-31T07:19:38.010998+00:00
ff115,20,12,1475161371201441795,"#Nisamprijavila jer u ovom društvu JESI SAMA. 

Podrška svim ženama koje istupaju u ovoj godini boreći se u ime svih za bolje i pravednije društvo!",bes,2026-03-31T07:19:44.752209+00:00
ff115,20,13,1475050071989231622,"čitam ove #nisamprijavila tvitove i grozim se društva kojem je to sve normalno.
nadaš se da nije toliko posvuda. a onda se sjetiš da brišemo murale malog princa da bi nacrtali tenk.
sve je nakrivo ovdje.",gađenje,2026-03-31T07:19:50.378901+00:00
ff115,20,14,1475483501642330116,"Na današnjem meniju otkrijte nasilnike koji se sami prezentuju  kontrakomentarima, osuđivanjima pa čak i podsmijavanjem u postovima #NisamPrijavila",gađenje,2026-03-31T07:19:56.992599+00:00
ff115,20,15,1475139226203209733,"#NisamPrijavila jer sam bila mala da razumem, i i dan danas nikome nisam rekla jer me je bilo sramota da opišem šta mi se tada desilo. Godinama sam trčala od ulaza do stana da ne bih opet doživela isto...",strah,2026-03-31T07:20:04.247832+00:00
ff115,20,16,1475470341438951435,"Drugi put kad čujem ""ne svi muškarci"", odgovorit ću sa ""ne svi morski psi"".

Jer vjerojatnost da te usmrti morski pas (vrsta koju smo kolektivno proglasili opasnom) je 1:3 700 000, a vjerojatnost da kao žena doživiš seksualno zlostavljanje tijekom života je 1:4.

#NisamPrijavila",bes,2026-03-31T07:20:13.495209+00:00
ff115,20,17,1475131195067449358,"#NisamPrijavila Ne, ne sviđa mi se tekst Biljane Srbljanović zbog poslednjeg pasusa jer smatram da je ovu užasnu temu zloubotrebila za politički obračun sa nekom davnom vlašću, a pri tome ni reči o sadašnjoj koja je nasilje uvela i svesno ga podstiče u svakom segmentu društva.",bes,2026-03-31T07:20:23.794904+00:00
ff115,20,18,1475045125764141059,"Pokusala sam u 2 navrata da citam #nisamprijavila ali bukvalno nisam mogla. Taj osjecaj anksioznosti straha, bjesa, nemoci, bola u zelucu, preznajanja koji mi se javlja samo dok citam ovo duplira mi se od pomisli da su ovo stvarne, prozivljene price.",tuga,2026-03-31T07:20:32.282828+00:00
ff115,20,19,1475549965225242627,"@[user] @[user] @[user] Ima, tu su svi tvoji tvitovi s hashtagom #NisamPrijavila!",Ne mogu da razumem,2026-03-31T07:20:38.575465+00:00
ff115,20,20,1475078194269204491,"Zabolelo me je svako 'mislilala sam da sam ja kriva' iz #nisamprijavila tvitova. Ne draga, nisi ti kriva. Mi kao društvo smo krivi. Krivi smo što dozvoljavamo da se devojčice uče 'da su dečaci takvi i da je to normalno'. Odatle počinje.",tuga,2026-03-31T07:20:47.379119+00:00
ff115,20,21,1475156019256905736,"#NisamPrijavila jer sam imala oko 11 godina kada me je čovek u crnom pratio svakoga dana od muzičke škole pa do baleta,u sred dana.Odmah sam rekla roditeljima i od tada je tata dolazio i po mene i po drugarice.Tada su drugarice rekle da se to njima dogadja već neko vreme,",strah,2026-03-31T07:21:02.510212+00:00
ff115,20,22,1475147488021651456,"Treba imati snage... svaka čast i puna podrška za #NisamPrijavila !!!

Neka izgori sve što ionako nije zaslužilo biti više od tog pepela",poverenje,2026-03-31T07:21:25.176675+00:00
ff115,20,23,1475244623249428483,"Svaka cast ovim divnim damama na tw sto su podelile svoju ispovest na temu #nisamprijavila mozda se bar malo nesto pomeri vezano za zastitu zena... Hvala na hrabrosti, treba stisnuti petlju i reci, ne moze ni to svako👏👏👏",radost,2026-03-31T07:21:34.335678+00:00
ff115,20,24,1475529705394683906,@[user] Zahvaljujuci kampanji #NisamPrijavila saznaces. To i jeste cilj.,poverenje,2026-03-31T07:22:12.485265+00:00
ff115,20,25,1475614567980019718,"Danas čovjek u mom rodnom gradu ubio svou ženu sačmaricom pred djetetom, pa onda ubio sebe. Nije se mogao pomiriti s tim da ga je žena htjela ostaviti. Scena se dešavala i ranije ali nije prijavila. #NisamPrijavila",Emocionalno neutralno,2026-03-31T07:22:27.689312+00:00
ff115,20,26,1475173034818420747,"To što ti nijesi imao slična iskustva, ne znači da su priče iz #NisamPrijavila lažne. Budi srećan što nijesi i pruži podršku ovima što jesu",bes,2026-03-31T07:22:35.391555+00:00
ff115,20,27,1475068135673839623,"ujutru je doruckovao sa svima kao da se nista nije dogodilo. ja sam pokupila stvari, otisla kuci, izdvojila se iz tog drustva kompletno i potisnula sve sto se desilo. drugarici sam priznala tek godinama kasnije kada vise nije bila sa tim deckom. #NisamPrijavila",tuga,2026-03-31T07:22:50.027405+00:00
ff115,20,28,1475247295927095298,"#nisamprijavila imala sam 17 godina, on 26.nevina glupa. On na hleb da ga mazes. Naravno krila sam od mame i tate da imam tako starijeg decka. Odlucim da raskinem i tu krecu pretnje kako ce doci na moju adresu ako istog trena ne dodjem u njegov kraj (zima, dva sata voznje)",strah,2026-03-31T07:23:03.420478+00:00
ff115,20,29,1475510423789182984,"Pisala sam ovde par puta svoja #NisamPrijavila 
Samo ću ovaj put dodati, da nismo mnogo pobegli od Nečiste krvi i ako je bila pre 100 god",bes,2026-03-31T07:23:09.754939+00:00
ff115,20,30,1475050144261410819,Razbolela sam se čitajući #nisamprijavila,tuga,2026-03-31T07:23:12.723109+00:00
ff115,20,31,1475052677067386888,"Ovo #NisamPrijavila je tako mučno čitati, da mi se sve prevrće u stomaku.
Ne samo zato što imam ćerku, nego razmišljam jesam li i ja svojim ponašanjem ovako povredio nekog.",tuga,2026-03-31T07:23:22.301033+00:00
ff115,20,32,1475422850295214080,"#NisamPrijavila jer je pobjegao prije nego sam mu uspjela vidjeti lice, jer ne znam tko je.",tuga,2026-03-31T07:23:27.859724+00:00
ff115,20,33,1475374013186818048,"систем не верује ни мртвој жени, а камоли живој жени #NisamPrijavila",bes,2026-03-31T07:23:32.419416+00:00
ff115,20,34,1475159971423821834,"#nisamprijavila jer sam mislila da mogu sama sa njim da se izborim bez mesanja sebi bilskih ljudi. Nisam prijavila jer mi je pretio kako ce te iste meni bliske ljude da maltretira i sikanira. Godine su mi bile potrebne da izadjem iz tog pakla,posledice i dalje osecam...",strah,2026-03-31T07:23:44.2986+00:00
ff115,20,35,1475051403777351683,"sam ušla u taj auto. Moji nikada nisu saznali. Dečko me je ošamario jer sam ga ""iznervirala"" i iz te veze sam se izvukla i naravno #nisamprijavila",strah,2026-03-31T07:23:51.750226+00:00
ff115,20,36,1475549095796301828,"Prijavila sam.
Svaki put.
Nastavnika i profesora fizičkog koji su dirali učenice, nekoliko momaka svojih drugarica, drugaricinog šefa, likove koji su me spopadali kad sam radila u kafani, lika koji me je pipao u autobusu...
Nikog nije bilo briga.
#NisamPrijavila",bes,2026-03-31T07:23:59.825942+00:00
ff115,20,37,1475563482904989701,USKOK i Gabika Žalac takođe podržavaju #NisamPrijavila,Emocionalno neutralno,2026-03-31T07:24:04.363218+00:00
ff115,20,38,1475121835956224005,#NisamPrijavila jer ne znam ni odakle da počnem. Mlađi dani su i dalje bolna tačka i jer tada nisam znala,tuga,2026-03-31T07:24:10.681466+00:00
ff115,20,39,1475493284999016451,"Nakon masovnih, jezivih, ispovesti pod #NisamPrijavila upućujem poziv našim POLICAJCIMA.
Neke od tih žena mogu biti vaše majke ili sestre ili ćerke...
Elem, želim da vas ohrabrim da vi pod npr #NisamReagovao opišete zašto ne radite svoj posao, ko vas plaši-ugrožava. Ako ste časni",bes,2026-03-31T07:24:19.696289+00:00
ff115,20,40,1475349494497779712,#NisamPrijavila znaci naklon do dole na site...,iznenađenje,2026-03-31T07:24:26.603211+00:00
ff115,20,41,1475401192276639745,"@[user] Trenutni tragi-komičan sastav ne može ništa da shvati, osim da ponavljaju kao papagaji naručene floskule #NisamPrijavila A šta ćemo sa bunga-bunga žurkama i Palmom i ostalim učesnicima zabava? Tu aferu bi trebalo pogurati.",Ne mogu da razumem,2026-03-31T07:24:51.179972+00:00
ff115,20,42,1475053233638977537,"#nisamprijavila da me je pokrao i uz to mi i ostao dužan izvjesnu sumu novca,jer me bilo sramota njegove sramote,al sam odmah šutnula raspada ljudskog
A onda sam poslije svega,kao što to obično biva,saznala za iste scenarije s bivšim mu đevojkama,koje su potpuno ok i na mjestu",bes,2026-03-31T07:25:30.414332+00:00
ff115,20,43,1475071218319564801,"Meni je ubedljivo najtužnije sa ovom #NisamPrijavila pričom što i da jesu prijavile institucije verovatno ne bi uradile ništa, i to je najveći poraz ove države. Žene to znaju i zato i ne prijavljuju.",tuga,2026-03-31T07:25:39.711104+00:00
ff115,20,44,1475379633839349763,"Zbog svih ovih #nisamprijavila priča, i zbog sopstvenog iskustva koje #NisamPrijavila jer sam debilu na prvu pokazala zube i poslala ga mami na prevaspitavanje, nikada neću da se udam ili vežem za nekog jer sam prestravljena na kakvu budaletinu mogu da naletim. 👇",bes,2026-03-31T07:25:52.984308+00:00
ff115,20,45,1475626463575658502,"#NisamPrijavila  psihičko maltretiranje koje trpim ceo život manje više od strane kojekakvih  ""mudonja""",gađenje,2026-03-31T07:25:59.96971+00:00
ff115,20,46,1475034666889535490,"Čitamo #NisamPrijavila i kažemo svim ženama da im verujemo, da su veće od traume koje su doživele. Stvorićemo društvo gde su žene bezbedne i slobodne. Jak ženski glas će srušiti ovaj sistem koji nam ne dozvoljava da razvijemo sve svoje kapacitete.",iščekivanje,2026-03-31T07:26:15.184944+00:00
ff115,20,47,1475501422540120064,"#NisamPrijavila jer sam mislila da je ovo normalno. Nisam prijavila jer sam mislila da hoce da mi pomogne.
Nisam prijavila jer sam verovala svojoj porodici.",tuga,2026-03-31T07:26:21.439023+00:00
ff115,20,48,1475159443927142400,#Nisamprijavila me toliko istrigerovao da ne mogu da dočekam sutrašnji termin terapije da izvrištim to iz sebe,bes,2026-03-31T07:26:30.465882+00:00
ff115,20,49,1475450767469387776,"#NisamPrijavila je poraz našeg društva!Žrtve nasilja nemaju povjerenja u institucije, koje bi trebalo da nas štite od nasilja,mali broj žena koje prijavi nasilje izložen je dodatnom institucionalnom nasilju.

Drage žene i djevojke važno je da ste progovorile
#ŠutnjaNasNeŠtiti",bes,2026-03-31T07:26:37.606946+00:00
ff116,20,0,1475553486750240775,"važan je #NisamPrijavila i zbog toga što sa mužem već dva dana pričam kako sve možemo da osnažimo ćerku da nikad ne pomisli da nešto ne treba ili ne sme da nam kaže. ona ima samo 4 godine, ali sve ovo je promenilo njenog i mnoge druge tate.",poverenje,2026-03-31T07:16:25.63199+00:00
ff116,20,1,1475436142443077632,"Uuh,koliko sam ja zapravo jedna srećna žena.
Čitam ove priče #NisamPrijavila i ne mogu da verujem🥺😢

Osnaživanje,kao podrška ženama koje trpe bilo kakvo nasilje treba da dolazi od celokupne zajednice.Porodica,prijatelji,društvo mora da reaguje i obezbedi ženi siguran prostor,⬇️",iznenađenje,2026-03-31T07:16:56.079777+00:00
ff116,20,2,1475064010559139840,#NisamPrijavila - hešteg godine,Emocionalno neutralno,2026-03-31T07:17:02.591655+00:00
ff116,20,3,1475260969995677698,"#NisamPrijavila, jer kad se desilo, nisam imala kome.
#NisamPrijavila, jer kada sam imala kome, bojala sam se da mi neće verovati.
#NisamPrijavila i neću ali #NisamZaboravila i neću nikad. 
Mojoj ćerki sam objasnila da, NIKAD, ne dozvoli da joj bilo ko uradi nešto što ne želi!!!",bes,2026-03-31T07:17:13.897626+00:00
ff116,20,4,1475545459565514753,Sve se slazem treba podici nivo svesti #NisamPrijavila ali svi preskacu #DanielaSteinfeld vi ste poverovali njihovom sudu i oslobodili ga,bes,2026-03-31T07:17:34.562095+00:00
ff116,20,5,1475267795302719491,"Išamarajte se dok vam zubi ne ispadnu vi koji mislite da je nečija odjeća legitiman povod za silovanje. 

Puna podrška za #NisamPrijavila.",bes,2026-03-31T07:17:42.42151+00:00
ff116,20,6,1475096340426280966,"#nisamprijavila jutro posle silovanja, jer sam bila slomljena, i njihovo neverovanje i osudu da lažem ne bih preživela. Kada sam progovorila, pa bila prinuđena da učestvujem u predustražnom postupku, uprkos pregršt dokaza, desilo se isto. Samo, sada me ne mogu slomiti. #nisisama",tuga,2026-03-31T07:18:06.353893+00:00
ff116,20,7,1475037536984707081,"Ovo sa #NisamPrijavila toliko kopa po najdubljim strahovima i intimi da se ujedno divim svakoj ženi koja to napiše, ali sam i doslovno prestravljen brojem i sadržajem objava. Mogu samo da zamislim kako je tek u onim svetovima bez mreža.",tuga,2026-03-31T07:18:37.705214+00:00
ff116,20,8,1478116057114152965,@[user] A kada si napunila 18. godina? Gde ste sada #NisamPrijavila,Ne mogu da razumem,2026-03-31T07:18:56.285279+00:00
ff116,20,9,1475059272153243648,Čitam ispovesti #NisamPrijavila i ridam.,tuga,2026-03-31T07:19:01.086918+00:00
ff116,20,10,1475239569578733570,"Uh ne mogu vam ja noćas ovo #NisamPrijavila 🥺 pretužna je svaka priča, još tužnije su one koje su prijavile a kao da nijesu, tužno je biti žena na Balkanu oduvijek i zauvijek! Ljubav za sve moje žene na tw. ❤️🥰😘",poverenje,2026-03-31T07:19:26.048034+00:00
ff116,20,11,1475091292283674628,"#nisamprijavila kada sam bila izbacena iz kuce, a nisam imala gde da odem jer me je izolovala od svih prijatelja",tuga,2026-03-31T07:19:37.115843+00:00
ff116,20,12,1475161371201441795,"#Nisamprijavila jer u ovom društvu JESI SAMA. 

Podrška svim ženama koje istupaju u ovoj godini boreći se u ime svih za bolje i pravednije društvo!",bes,2026-03-31T07:19:42.64991+00:00
ff116,20,13,1475050071989231622,"čitam ove #nisamprijavila tvitove i grozim se društva kojem je to sve normalno.
nadaš se da nije toliko posvuda. a onda se sjetiš da brišemo murale malog princa da bi nacrtali tenk.
sve je nakrivo ovdje.",gađenje,2026-03-31T07:19:52.352828+00:00
ff116,20,14,1475483501642330116,"Na današnjem meniju otkrijte nasilnike koji se sami prezentuju  kontrakomentarima, osuđivanjima pa čak i podsmijavanjem u postovima #NisamPrijavila",gađenje,2026-03-31T07:20:01.688826+00:00
ff116,20,15,1475139226203209733,"#NisamPrijavila jer sam bila mala da razumem, i i dan danas nikome nisam rekla jer me je bilo sramota da opišem šta mi se tada desilo. Godinama sam trčala od ulaza do stana da ne bih opet doživela isto...",strah,2026-03-31T07:20:10.055542+00:00
ff116,20,16,1475470341438951435,"Drugi put kad čujem ""ne svi muškarci"", odgovorit ću sa ""ne svi morski psi"".

Jer vjerojatnost da te usmrti morski pas (vrsta koju smo kolektivno proglasili opasnom) je 1:3 700 000, a vjerojatnost da kao žena doživiš seksualno zlostavljanje tijekom života je 1:4.

#NisamPrijavila",bes,2026-03-31T07:20:27.991386+00:00
ff116,20,17,1475131195067449358,"#NisamPrijavila Ne, ne sviđa mi se tekst Biljane Srbljanović zbog poslednjeg pasusa jer smatram da je ovu užasnu temu zloubotrebila za politički obračun sa nekom davnom vlašću, a pri tome ni reči o sadašnjoj koja je nasilje uvela i svesno ga podstiče u svakom segmentu društva.",bes,2026-03-31T07:20:46.380114+00:00
ff116,20,18,1475045125764141059,"Pokusala sam u 2 navrata da citam #nisamprijavila ali bukvalno nisam mogla. Taj osjecaj anksioznosti straha, bjesa, nemoci, bola u zelucu, preznajanja koji mi se javlja samo dok citam ovo duplira mi se od pomisli da su ovo stvarne, prozivljene price.",strah,2026-03-31T07:20:56.109384+00:00
ff116,20,19,1475549965225242627,"@[user] @[user] @[user] Ima, tu su svi tvoji tvitovi s hashtagom #NisamPrijavila!",Ne mogu da razumem,2026-03-31T07:21:07.715469+00:00
ff116,20,20,1475078194269204491,"Zabolelo me je svako 'mislilala sam da sam ja kriva' iz #nisamprijavila tvitova. Ne draga, nisi ti kriva. Mi kao društvo smo krivi. Krivi smo što dozvoljavamo da se devojčice uče 'da su dečaci takvi i da je to normalno'. Odatle počinje.",tuga,2026-03-31T07:21:17.558429+00:00
ff116,20,21,1475156019256905736,"#NisamPrijavila jer sam imala oko 11 godina kada me je čovek u crnom pratio svakoga dana od muzičke škole pa do baleta,u sred dana.Odmah sam rekla roditeljima i od tada je tata dolazio i po mene i po drugarice.Tada su drugarice rekle da se to njima dogadja već neko vreme,",poverenje,2026-03-31T07:21:35.112112+00:00
ff116,20,22,1475147488021651456,"Treba imati snage... svaka čast i puna podrška za #NisamPrijavila !!!

Neka izgori sve što ionako nije zaslužilo biti više od tog pepela",gađenje,2026-03-31T07:21:45.807658+00:00
ff116,20,23,1475244623249428483,"Svaka cast ovim divnim damama na tw sto su podelile svoju ispovest na temu #nisamprijavila mozda se bar malo nesto pomeri vezano za zastitu zena... Hvala na hrabrosti, treba stisnuti petlju i reci, ne moze ni to svako👏👏👏",iznenađenje,2026-03-31T07:21:57.373318+00:00
ff116,20,24,1475529705394683906,@[user] Zahvaljujuci kampanji #NisamPrijavila saznaces. To i jeste cilj.,bes,2026-03-31T07:22:08.323327+00:00
ff116,20,25,1475614567980019718,"Danas čovjek u mom rodnom gradu ubio svou ženu sačmaricom pred djetetom, pa onda ubio sebe. Nije se mogao pomiriti s tim da ga je žena htjela ostaviti. Scena se dešavala i ranije ali nije prijavila. #NisamPrijavila",Emocionalno neutralno,2026-03-31T07:22:25.529103+00:00
ff116,20,26,1475173034818420747,"To što ti nijesi imao slična iskustva, ne znači da su priče iz #NisamPrijavila lažne. Budi srećan što nijesi i pruži podršku ovima što jesu",bes,2026-03-31T07:22:32.514535+00:00
ff116,20,27,1475068135673839623,"ujutru je doruckovao sa svima kao da se nista nije dogodilo. ja sam pokupila stvari, otisla kuci, izdvojila se iz tog drustva kompletno i potisnula sve sto se desilo. drugarici sam priznala tek godinama kasnije kada vise nije bila sa tim deckom. #NisamPrijavila",tuga,2026-03-31T07:22:45.004532+00:00
ff116,20,28,1475247295927095298,"#nisamprijavila imala sam 17 godina, on 26.nevina glupa. On na hleb da ga mazes. Naravno krila sam od mame i tate da imam tako starijeg decka. Odlucim da raskinem i tu krecu pretnje kako ce doci na moju adresu ako istog trena ne dodjem u njegov kraj (zima, dva sata voznje)",strah,2026-03-31T07:23:01.282147+00:00
ff116,20,29,1475510423789182984,"Pisala sam ovde par puta svoja #NisamPrijavila 
Samo ću ovaj put dodati, da nismo mnogo pobegli od Nečiste krvi i ako je bila pre 100 god",gađenje,2026-03-31T07:23:09.433972+00:00
ff116,20,30,1475050144261410819,Razbolela sam se čitajući #nisamprijavila,tuga,2026-03-31T07:23:13.974851+00:00
ff116,20,31,1475052677067386888,"Ovo #NisamPrijavila je tako mučno čitati, da mi se sve prevrće u stomaku.
Ne samo zato što imam ćerku, nego razmišljam jesam li i ja svojim ponašanjem ovako povredio nekog.",strah,2026-03-31T07:23:22.065505+00:00
ff116,20,32,1475422850295214080,"#NisamPrijavila jer je pobjegao prije nego sam mu uspjela vidjeti lice, jer ne znam tko je.",Emocionalno neutralno,2026-03-31T07:23:28.936096+00:00
ff116,20,33,1475374013186818048,"систем не верује ни мртвој жени, а камоли живој жени #NisamPrijavila",bes,2026-03-31T07:23:35.144756+00:00
ff116,20,34,1475159971423821834,"#nisamprijavila jer sam mislila da mogu sama sa njim da se izborim bez mesanja sebi bilskih ljudi. Nisam prijavila jer mi je pretio kako ce te iste meni bliske ljude da maltretira i sikanira. Godine su mi bile potrebne da izadjem iz tog pakla,posledice i dalje osecam...",strah,2026-03-31T07:23:46.365521+00:00
ff116,20,35,1475051403777351683,"sam ušla u taj auto. Moji nikada nisu saznali. Dečko me je ošamario jer sam ga ""iznervirala"" i iz te veze sam se izvukla i naravno #nisamprijavila",tuga,2026-03-31T07:23:58.544818+00:00
ff116,20,36,1475549095796301828,"Prijavila sam.
Svaki put.
Nastavnika i profesora fizičkog koji su dirali učenice, nekoliko momaka svojih drugarica, drugaricinog šefa, likove koji su me spopadali kad sam radila u kafani, lika koji me je pipao u autobusu...
Nikog nije bilo briga.
#NisamPrijavila",bes,2026-03-31T07:24:10.287477+00:00
ff116,20,37,1475563482904989701,USKOK i Gabika Žalac takođe podržavaju #NisamPrijavila,Emocionalno neutralno,2026-03-31T07:24:15.84212+00:00
ff116,20,38,1475121835956224005,#NisamPrijavila jer ne znam ni odakle da počnem. Mlađi dani su i dalje bolna tačka i jer tada nisam znala,tuga,2026-03-31T07:24:22.880499+00:00
ff116,20,39,1475493284999016451,"Nakon masovnih, jezivih, ispovesti pod #NisamPrijavila upućujem poziv našim POLICAJCIMA.
Neke od tih žena mogu biti vaše majke ili sestre ili ćerke...
Elem, želim da vas ohrabrim da vi pod npr #NisamReagovao opišete zašto ne radite svoj posao, ko vas plaši-ugrožava. Ako ste časni",gađenje,2026-03-31T07:24:35.354551+00:00
ff116,20,40,1475349494497779712,#NisamPrijavila znaci naklon do dole na site...,iznenađenje,2026-03-31T07:24:42.865708+00:00
ff116,20,41,1475401192276639745,"@[user] Trenutni tragi-komičan sastav ne može ništa da shvati, osim da ponavljaju kao papagaji naručene floskule #NisamPrijavila A šta ćemo sa bunga-bunga žurkama i Palmom i ostalim učesnicima zabava? Tu aferu bi trebalo pogurati.",bes,2026-03-31T07:24:56.203322+00:00
ff116,20,42,1475053233638977537,"#nisamprijavila da me je pokrao i uz to mi i ostao dužan izvjesnu sumu novca,jer me bilo sramota njegove sramote,al sam odmah šutnula raspada ljudskog
A onda sam poslije svega,kao što to obično biva,saznala za iste scenarije s bivšim mu đevojkama,koje su potpuno ok i na mjestu",bes,2026-03-31T07:25:07.563416+00:00
ff116,20,43,1475071218319564801,"Meni je ubedljivo najtužnije sa ovom #NisamPrijavila pričom što i da jesu prijavile institucije verovatno ne bi uradile ništa, i to je najveći poraz ove države. Žene to znaju i zato i ne prijavljuju.",tuga,2026-03-31T07:25:17.702086+00:00
ff116,20,44,1475379633839349763,"Zbog svih ovih #nisamprijavila priča, i zbog sopstvenog iskustva koje #NisamPrijavila jer sam debilu na prvu pokazala zube i poslala ga mami na prevaspitavanje, nikada neću da se udam ili vežem za nekog jer sam prestravljena na kakvu budaletinu mogu da naletim. 👇",gađenje,2026-03-31T07:25:32.128996+00:00
ff116,20,45,1475626463575658502,"#NisamPrijavila  psihičko maltretiranje koje trpim ceo život manje više od strane kojekakvih  ""mudonja""",Emocionalno neutralno,2026-03-31T07:25:43.506493+00:00
ff116,20,46,1475034666889535490,"Čitamo #NisamPrijavila i kažemo svim ženama da im verujemo, da su veće od traume koje su doživele. Stvorićemo društvo gde su žene bezbedne i slobodne. Jak ženski glas će srušiti ovaj sistem koji nam ne dozvoljava da razvijemo sve svoje kapacitete.",iščekivanje,2026-03-31T07:26:07.906534+00:00
ff116,20,47,1475501422540120064,"#NisamPrijavila jer sam mislila da je ovo normalno. Nisam prijavila jer sam mislila da hoce da mi pomogne.
Nisam prijavila jer sam verovala svojoj porodici.",tuga,2026-03-31T07:26:14.620872+00:00
ff116,20,48,1475159443927142400,#Nisamprijavila me toliko istrigerovao da ne mogu da dočekam sutrašnji termin terapije da izvrištim to iz sebe,strah,2026-03-31T07:26:23.775481+00:00
ff116,20,49,1475450767469387776,"#NisamPrijavila je poraz našeg društva!Žrtve nasilja nemaju povjerenja u institucije, koje bi trebalo da nas štite od nasilja,mali broj žena koje prijavi nasilje izložen je dodatnom institucionalnom nasilju.

Drage žene i djevojke važno je da ste progovorile
#ŠutnjaNasNeŠtiti",gađenje,2026-03-31T07:26:32.786246+00:00
ff117,20,0,1475553486750240775,"važan je #NisamPrijavila i zbog toga što sa mužem već dva dana pričam kako sve možemo da osnažimo ćerku da nikad ne pomisli da nešto ne treba ili ne sme da nam kaže. ona ima samo 4 godine, ali sve ovo je promenilo njenog i mnoge druge tate.",Ne mogu da razumem,2026-03-31T07:17:29.931917+00:00
ff117,20,1,1475436142443077632,"Uuh,koliko sam ja zapravo jedna srećna žena.
Čitam ove priče #NisamPrijavila i ne mogu da verujem🥺😢

Osnaživanje,kao podrška ženama koje trpe bilo kakvo nasilje treba da dolazi od celokupne zajednice.Porodica,prijatelji,društvo mora da reaguje i obezbedi ženi siguran prostor,⬇️",iznenađenje,2026-03-31T07:18:08.163979+00:00
ff117,20,2,1475064010559139840,#NisamPrijavila - hešteg godine,Emocionalno neutralno,2026-03-31T07:18:25.708394+00:00
ff117,20,3,1475260969995677698,"#NisamPrijavila, jer kad se desilo, nisam imala kome.
#NisamPrijavila, jer kada sam imala kome, bojala sam se da mi neće verovati.
#NisamPrijavila i neću ali #NisamZaboravila i neću nikad. 
Mojoj ćerki sam objasnila da, NIKAD, ne dozvoli da joj bilo ko uradi nešto što ne želi!!!",bes,2026-03-31T07:18:53.376116+00:00
ff117,20,4,1475545459565514753,Sve se slazem treba podici nivo svesti #NisamPrijavila ali svi preskacu #DanielaSteinfeld vi ste poverovali njihovom sudu i oslobodili ga,bes,2026-03-31T07:19:06.000307+00:00
ff117,20,5,1475267795302719491,"Išamarajte se dok vam zubi ne ispadnu vi koji mislite da je nečija odjeća legitiman povod za silovanje. 

Puna podrška za #NisamPrijavila.",bes,2026-03-31T07:19:14.277082+00:00
ff117,20,6,1475096340426280966,"#nisamprijavila jutro posle silovanja, jer sam bila slomljena, i njihovo neverovanje i osudu da lažem ne bih preživela. Kada sam progovorila, pa bila prinuđena da učestvujem u predustražnom postupku, uprkos pregršt dokaza, desilo se isto. Samo, sada me ne mogu slomiti. #nisisama",Ne mogu da razumem,2026-03-31T07:19:44.405386+00:00
ff117,20,7,1475037536984707081,"Ovo sa #NisamPrijavila toliko kopa po najdubljim strahovima i intimi da se ujedno divim svakoj ženi koja to napiše, ali sam i doslovno prestravljen brojem i sadržajem objava. Mogu samo da zamislim kako je tek u onim svetovima bez mreža.",strah,2026-03-31T07:20:00.877725+00:00
ff117,20,8,1478116057114152965,@[user] A kada si napunila 18. godina? Gde ste sada #NisamPrijavila,Ne mogu da razumem,2026-03-31T07:20:15.668599+00:00
ff117,20,9,1475059272153243648,Čitam ispovesti #NisamPrijavila i ridam.,tuga,2026-03-31T07:20:20.894727+00:00
ff117,20,10,1475239569578733570,"Uh ne mogu vam ja noćas ovo #NisamPrijavila 🥺 pretužna je svaka priča, još tužnije su one koje su prijavile a kao da nijesu, tužno je biti žena na Balkanu oduvijek i zauvijek! Ljubav za sve moje žene na tw. ❤️🥰😘",tuga,2026-03-31T07:20:41.918987+00:00
ff117,20,11,1475091292283674628,"#nisamprijavila kada sam bila izbacena iz kuce, a nisam imala gde da odem jer me je izolovala od svih prijatelja",tuga,2026-03-31T07:20:56.097738+00:00
ff117,20,12,1475161371201441795,"#Nisamprijavila jer u ovom društvu JESI SAMA. 

Podrška svim ženama koje istupaju u ovoj godini boreći se u ime svih za bolje i pravednije društvo!",Ne mogu da razumem,2026-03-31T07:21:23.168427+00:00
ff117,20,13,1475050071989231622,"čitam ove #nisamprijavila tvitove i grozim se društva kojem je to sve normalno.
nadaš se da nije toliko posvuda. a onda se sjetiš da brišemo murale malog princa da bi nacrtali tenk.
sve je nakrivo ovdje.",gađenje,2026-03-31T07:21:45.846171+00:00
ff117,20,14,1475483501642330116,"Na današnjem meniju otkrijte nasilnike koji se sami prezentuju  kontrakomentarima, osuđivanjima pa čak i podsmijavanjem u postovima #NisamPrijavila",bes,2026-03-31T07:22:11.439552+00:00
ff117,20,15,1475139226203209733,"#NisamPrijavila jer sam bila mala da razumem, i i dan danas nikome nisam rekla jer me je bilo sramota da opišem šta mi se tada desilo. Godinama sam trčala od ulaza do stana da ne bih opet doživela isto...",tuga,2026-03-31T07:22:28.918259+00:00
ff117,20,16,1475470341438951435,"Drugi put kad čujem ""ne svi muškarci"", odgovorit ću sa ""ne svi morski psi"".

Jer vjerojatnost da te usmrti morski pas (vrsta koju smo kolektivno proglasili opasnom) je 1:3 700 000, a vjerojatnost da kao žena doživiš seksualno zlostavljanje tijekom života je 1:4.

#NisamPrijavila",bes,2026-03-31T07:22:52.076638+00:00
ff117,20,17,1475131195067449358,"#NisamPrijavila Ne, ne sviđa mi se tekst Biljane Srbljanović zbog poslednjeg pasusa jer smatram da je ovu užasnu temu zloubotrebila za politički obračun sa nekom davnom vlašću, a pri tome ni reči o sadašnjoj koja je nasilje uvela i svesno ga podstiče u svakom segmentu društva.",bes,2026-03-31T07:23:19.867814+00:00
ff117,20,18,1475045125764141059,"Pokusala sam u 2 navrata da citam #nisamprijavila ali bukvalno nisam mogla. Taj osjecaj anksioznosti straha, bjesa, nemoci, bola u zelucu, preznajanja koji mi se javlja samo dok citam ovo duplira mi se od pomisli da su ovo stvarne, prozivljene price.",tuga,2026-03-31T07:23:42.276883+00:00
ff117,20,19,1475549965225242627,"@[user] @[user] @[user] Ima, tu su svi tvoji tvitovi s hashtagom #NisamPrijavila!",Emocionalno neutralno,2026-03-31T07:23:49.992601+00:00
ff117,20,20,1475078194269204491,"Zabolelo me je svako 'mislilala sam da sam ja kriva' iz #nisamprijavila tvitova. Ne draga, nisi ti kriva. Mi kao društvo smo krivi. Krivi smo što dozvoljavamo da se devojčice uče 'da su dečaci takvi i da je to normalno'. Odatle počinje.",tuga,2026-03-31T07:24:04.905035+00:00
ff117,20,21,1475156019256905736,"#NisamPrijavila jer sam imala oko 11 godina kada me je čovek u crnom pratio svakoga dana od muzičke škole pa do baleta,u sred dana.Odmah sam rekla roditeljima i od tada je tata dolazio i po mene i po drugarice.Tada su drugarice rekle da se to njima dogadja već neko vreme,",strah,2026-03-31T07:24:46.691908+00:00
ff117,20,22,1475147488021651456,"Treba imati snage... svaka čast i puna podrška za #NisamPrijavila !!!

Neka izgori sve što ionako nije zaslužilo biti više od tog pepela",bes,2026-03-31T07:24:56.165803+00:00
ff117,20,23,1475244623249428483,"Svaka cast ovim divnim damama na tw sto su podelile svoju ispovest na temu #nisamprijavila mozda se bar malo nesto pomeri vezano za zastitu zena... Hvala na hrabrosti, treba stisnuti petlju i reci, ne moze ni to svako👏👏👏",iščekivanje,2026-03-31T07:25:09.151418+00:00
ff117,20,24,1475529705394683906,@[user] Zahvaljujuci kampanji #NisamPrijavila saznaces. To i jeste cilj.,Emocionalno neutralno,2026-03-31T07:25:19.733459+00:00
ff117,20,25,1475614567980019718,"Danas čovjek u mom rodnom gradu ubio svou ženu sačmaricom pred djetetom, pa onda ubio sebe. Nije se mogao pomiriti s tim da ga je žena htjela ostaviti. Scena se dešavala i ranije ali nije prijavila. #NisamPrijavila",tuga,2026-03-31T07:25:38.213018+00:00
ff117,20,26,1475173034818420747,"To što ti nijesi imao slična iskustva, ne znači da su priče iz #NisamPrijavila lažne. Budi srećan što nijesi i pruži podršku ovima što jesu",Ne mogu da razumem,2026-03-31T07:25:54.220252+00:00
ff117,20,27,1475068135673839623,"ujutru je doruckovao sa svima kao da se nista nije dogodilo. ja sam pokupila stvari, otisla kuci, izdvojila se iz tog drustva kompletno i potisnula sve sto se desilo. drugarici sam priznala tek godinama kasnije kada vise nije bila sa tim deckom. #NisamPrijavila",tuga,2026-03-31T07:26:14.006864+00:00
ff117,20,28,1475247295927095298,"#nisamprijavila imala sam 17 godina, on 26.nevina glupa. On na hleb da ga mazes. Naravno krila sam od mame i tate da imam tako starijeg decka. Odlucim da raskinem i tu krecu pretnje kako ce doci na moju adresu ako istog trena ne dodjem u njegov kraj (zima, dva sata voznje)",strah,2026-03-31T07:26:45.611246+00:00
ff117,20,29,1475510423789182984,"Pisala sam ovde par puta svoja #NisamPrijavila 
Samo ću ovaj put dodati, da nismo mnogo pobegli od Nečiste krvi i ako je bila pre 100 god",Ne mogu da razumem,2026-03-31T07:27:01.07842+00:00
ff117,20,30,1475050144261410819,Razbolela sam se čitajući #nisamprijavila,gađenje,2026-03-31T07:27:04.924433+00:00
ff117,20,31,1475052677067386888,"Ovo #NisamPrijavila je tako mučno čitati, da mi se sve prevrće u stomaku.
Ne samo zato što imam ćerku, nego razmišljam jesam li i ja svojim ponašanjem ovako povredio nekog.",tuga,2026-03-31T07:27:21.770423+00:00
ff117,20,32,1475422850295214080,"#NisamPrijavila jer je pobjegao prije nego sam mu uspjela vidjeti lice, jer ne znam tko je.",Ne mogu da razumem,2026-03-31T07:27:30.733565+00:00
ff117,20,33,1475374013186818048,"систем не верује ни мртвој жени, а камоли живој жени #NisamPrijavila",bes,2026-03-31T07:27:36.501235+00:00
ff117,20,34,1475159971423821834,"#nisamprijavila jer sam mislila da mogu sama sa njim da se izborim bez mesanja sebi bilskih ljudi. Nisam prijavila jer mi je pretio kako ce te iste meni bliske ljude da maltretira i sikanira. Godine su mi bile potrebne da izadjem iz tog pakla,posledice i dalje osecam...",tuga,2026-03-31T07:27:53.585043+00:00
ff117,20,35,1475051403777351683,"sam ušla u taj auto. Moji nikada nisu saznali. Dečko me je ošamario jer sam ga ""iznervirala"" i iz te veze sam se izvukla i naravno #nisamprijavila",tuga,2026-03-31T07:28:12.756465+00:00
ff117,20,36,1475549095796301828,"Prijavila sam.
Svaki put.
Nastavnika i profesora fizičkog koji su dirali učenice, nekoliko momaka svojih drugarica, drugaricinog šefa, likove koji su me spopadali kad sam radila u kafani, lika koji me je pipao u autobusu...
Nikog nije bilo briga.
#NisamPrijavila",tuga,2026-03-31T07:28:31.568562+00:00
ff117,20,37,1475563482904989701,USKOK i Gabika Žalac takođe podržavaju #NisamPrijavila,Emocionalno neutralno,2026-03-31T07:28:40.051722+00:00
ff117,20,38,1475121835956224005,#NisamPrijavila jer ne znam ni odakle da počnem. Mlađi dani su i dalje bolna tačka i jer tada nisam znala,tuga,2026-03-31T07:28:49.445967+00:00
ff117,20,39,1475493284999016451,"Nakon masovnih, jezivih, ispovesti pod #NisamPrijavila upućujem poziv našim POLICAJCIMA.
Neke od tih žena mogu biti vaše majke ili sestre ili ćerke...
Elem, želim da vas ohrabrim da vi pod npr #NisamReagovao opišete zašto ne radite svoj posao, ko vas plaši-ugrožava. Ako ste časni",bes,2026-03-31T07:29:04.786773+00:00
ff117,20,40,1475349494497779712,#NisamPrijavila znaci naklon do dole na site...,Ne mogu da razumem,2026-03-31T07:29:17.961745+00:00
ff117,20,41,1475401192276639745,"@[user] Trenutni tragi-komičan sastav ne može ništa da shvati, osim da ponavljaju kao papagaji naručene floskule #NisamPrijavila A šta ćemo sa bunga-bunga žurkama i Palmom i ostalim učesnicima zabava? Tu aferu bi trebalo pogurati.",Ne mogu da razumem,2026-03-31T07:29:32.663915+00:00
ff117,20,42,1475053233638977537,"#nisamprijavila da me je pokrao i uz to mi i ostao dužan izvjesnu sumu novca,jer me bilo sramota njegove sramote,al sam odmah šutnula raspada ljudskog
A onda sam poslije svega,kao što to obično biva,saznala za iste scenarije s bivšim mu đevojkama,koje su potpuno ok i na mjestu",bes,2026-03-31T07:29:54.233405+00:00
ff117,20,43,1475071218319564801,"Meni je ubedljivo najtužnije sa ovom #NisamPrijavila pričom što i da jesu prijavile institucije verovatno ne bi uradile ništa, i to je najveći poraz ove države. Žene to znaju i zato i ne prijavljuju.",tuga,2026-03-31T07:30:05.143351+00:00
ff117,20,44,1475379633839349763,"Zbog svih ovih #nisamprijavila priča, i zbog sopstvenog iskustva koje #NisamPrijavila jer sam debilu na prvu pokazala zube i poslala ga mami na prevaspitavanje, nikada neću da se udam ili vežem za nekog jer sam prestravljena na kakvu budaletinu mogu da naletim. 👇",bes,2026-03-31T07:30:20.7759+00:00
ff117,20,45,1475626463575658502,"#NisamPrijavila  psihičko maltretiranje koje trpim ceo život manje više od strane kojekakvih  ""mudonja""",bes,2026-03-31T07:30:30.938223+00:00
ff117,20,46,1475034666889535490,"Čitamo #NisamPrijavila i kažemo svim ženama da im verujemo, da su veće od traume koje su doživele. Stvorićemo društvo gde su žene bezbedne i slobodne. Jak ženski glas će srušiti ovaj sistem koji nam ne dozvoljava da razvijemo sve svoje kapacitete.",Ne mogu da razumem,2026-03-31T07:30:48.727996+00:00
ff117,20,47,1475501422540120064,"#NisamPrijavila jer sam mislila da je ovo normalno. Nisam prijavila jer sam mislila da hoce da mi pomogne.
Nisam prijavila jer sam verovala svojoj porodici.",tuga,2026-03-31T07:30:58.028283+00:00
ff117,20,48,1475159443927142400,#Nisamprijavila me toliko istrigerovao da ne mogu da dočekam sutrašnji termin terapije da izvrištim to iz sebe,bes,2026-03-31T07:31:07.127663+00:00
ff117,20,49,1475450767469387776,"#NisamPrijavila je poraz našeg društva!Žrtve nasilja nemaju povjerenja u institucije, koje bi trebalo da nas štite od nasilja,mali broj žena koje prijavi nasilje izložen je dodatnom institucionalnom nasilju.

Drage žene i djevojke važno je da ste progovorile
#ŠutnjaNasNeŠtiti",bes,2026-03-31T07:31:26.850489+00:00
ff118,20,0,1475553486750240775,"važan je #NisamPrijavila i zbog toga što sa mužem već dva dana pričam kako sve možemo da osnažimo ćerku da nikad ne pomisli da nešto ne treba ili ne sme da nam kaže. ona ima samo 4 godine, ali sve ovo je promenilo njenog i mnoge druge tate.",radost,2026-03-31T07:16:34.902507+00:00
ff118,20,1,1475436142443077632,"Uuh,koliko sam ja zapravo jedna srećna žena.
Čitam ove priče #NisamPrijavila i ne mogu da verujem🥺😢

Osnaživanje,kao podrška ženama koje trpe bilo kakvo nasilje treba da dolazi od celokupne zajednice.Porodica,prijatelji,društvo mora da reaguje i obezbedi ženi siguran prostor,⬇️",tuga,2026-03-31T07:16:55.689403+00:00
ff118,20,2,1475064010559139840,#NisamPrijavila - hešteg godine,poverenje,2026-03-31T07:17:05.932109+00:00
ff118,20,3,1475260969995677698,"#NisamPrijavila, jer kad se desilo, nisam imala kome.
#NisamPrijavila, jer kada sam imala kome, bojala sam se da mi neće verovati.
#NisamPrijavila i neću ali #NisamZaboravila i neću nikad. 
Mojoj ćerki sam objasnila da, NIKAD, ne dozvoli da joj bilo ko uradi nešto što ne želi!!!",bes,2026-03-31T07:17:30.351393+00:00
ff118,20,4,1475545459565514753,Sve se slazem treba podici nivo svesti #NisamPrijavila ali svi preskacu #DanielaSteinfeld vi ste poverovali njihovom sudu i oslobodili ga,bes,2026-03-31T07:17:45.23575+00:00
ff118,20,5,1475267795302719491,"Išamarajte se dok vam zubi ne ispadnu vi koji mislite da je nečija odjeća legitiman povod za silovanje. 

Puna podrška za #NisamPrijavila.",bes,2026-03-31T07:17:49.614849+00:00
ff118,20,6,1475096340426280966,"#nisamprijavila jutro posle silovanja, jer sam bila slomljena, i njihovo neverovanje i osudu da lažem ne bih preživela. Kada sam progovorila, pa bila prinuđena da učestvujem u predustražnom postupku, uprkos pregršt dokaza, desilo se isto. Samo, sada me ne mogu slomiti. #nisisama",tuga,2026-03-31T07:18:01.866465+00:00
ff118,20,7,1475037536984707081,"Ovo sa #NisamPrijavila toliko kopa po najdubljim strahovima i intimi da se ujedno divim svakoj ženi koja to napiše, ali sam i doslovno prestravljen brojem i sadržajem objava. Mogu samo da zamislim kako je tek u onim svetovima bez mreža.",tuga,2026-03-31T07:18:10.679363+00:00
ff118,20,8,1478116057114152965,@[user] A kada si napunila 18. godina? Gde ste sada #NisamPrijavila,Emocionalno neutralno,2026-03-31T07:18:20.600101+00:00
ff118,20,9,1475059272153243648,Čitam ispovesti #NisamPrijavila i ridam.,tuga,2026-03-31T07:18:23.628654+00:00
ff118,20,10,1475239569578733570,"Uh ne mogu vam ja noćas ovo #NisamPrijavila 🥺 pretužna je svaka priča, još tužnije su one koje su prijavile a kao da nijesu, tužno je biti žena na Balkanu oduvijek i zauvijek! Ljubav za sve moje žene na tw. ❤️🥰😘",tuga,2026-03-31T07:18:33.981857+00:00
ff118,20,11,1475091292283674628,"#nisamprijavila kada sam bila izbacena iz kuce, a nisam imala gde da odem jer me je izolovala od svih prijatelja",tuga,2026-03-31T07:18:47.301406+00:00
ff118,20,12,1475161371201441795,"#Nisamprijavila jer u ovom društvu JESI SAMA. 

Podrška svim ženama koje istupaju u ovoj godini boreći se u ime svih za bolje i pravednije društvo!",bes,2026-03-31T07:18:55.187344+00:00
ff118,20,13,1475050071989231622,"čitam ove #nisamprijavila tvitove i grozim se društva kojem je to sve normalno.
nadaš se da nije toliko posvuda. a onda se sjetiš da brišemo murale malog princa da bi nacrtali tenk.
sve je nakrivo ovdje.",gađenje,2026-03-31T07:19:04.114959+00:00
ff118,20,14,1475483501642330116,"Na današnjem meniju otkrijte nasilnike koji se sami prezentuju  kontrakomentarima, osuđivanjima pa čak i podsmijavanjem u postovima #NisamPrijavila",bes,2026-03-31T07:19:18.07438+00:00
ff118,20,15,1475139226203209733,"#NisamPrijavila jer sam bila mala da razumem, i i dan danas nikome nisam rekla jer me je bilo sramota da opišem šta mi se tada desilo. Godinama sam trčala od ulaza do stana da ne bih opet doživela isto...",strah,2026-03-31T07:19:26.05703+00:00
ff118,20,16,1475470341438951435,"Drugi put kad čujem ""ne svi muškarci"", odgovorit ću sa ""ne svi morski psi"".

Jer vjerojatnost da te usmrti morski pas (vrsta koju smo kolektivno proglasili opasnom) je 1:3 700 000, a vjerojatnost da kao žena doživiš seksualno zlostavljanje tijekom života je 1:4.

#NisamPrijavila",Emocionalno neutralno,2026-03-31T07:19:36.588709+00:00
ff118,20,17,1475131195067449358,"#NisamPrijavila Ne, ne sviđa mi se tekst Biljane Srbljanović zbog poslednjeg pasusa jer smatram da je ovu užasnu temu zloubotrebila za politički obračun sa nekom davnom vlašću, a pri tome ni reči o sadašnjoj koja je nasilje uvela i svesno ga podstiče u svakom segmentu društva.",bes,2026-03-31T07:20:01.291359+00:00
ff118,20,18,1475045125764141059,"Pokusala sam u 2 navrata da citam #nisamprijavila ali bukvalno nisam mogla. Taj osjecaj anksioznosti straha, bjesa, nemoci, bola u zelucu, preznajanja koji mi se javlja samo dok citam ovo duplira mi se od pomisli da su ovo stvarne, prozivljene price.",bes,2026-03-31T07:20:14.932986+00:00
ff118,20,19,1475549965225242627,"@[user] @[user] @[user] Ima, tu su svi tvoji tvitovi s hashtagom #NisamPrijavila!",Ne mogu da razumem,2026-03-31T07:20:24.021968+00:00
ff118,20,20,1475078194269204491,"Zabolelo me je svako 'mislilala sam da sam ja kriva' iz #nisamprijavila tvitova. Ne draga, nisi ti kriva. Mi kao društvo smo krivi. Krivi smo što dozvoljavamo da se devojčice uče 'da su dečaci takvi i da je to normalno'. Odatle počinje.",tuga,2026-03-31T07:20:30.909502+00:00
ff118,20,21,1475156019256905736,"#NisamPrijavila jer sam imala oko 11 godina kada me je čovek u crnom pratio svakoga dana od muzičke škole pa do baleta,u sred dana.Odmah sam rekla roditeljima i od tada je tata dolazio i po mene i po drugarice.Tada su drugarice rekle da se to njima dogadja već neko vreme,",Emocionalno neutralno,2026-03-31T07:20:41.745102+00:00
ff118,20,22,1475147488021651456,"Treba imati snage... svaka čast i puna podrška za #NisamPrijavila !!!

Neka izgori sve što ionako nije zaslužilo biti više od tog pepela",poverenje,2026-03-31T07:20:52.458988+00:00
ff118,20,23,1475244623249428483,"Svaka cast ovim divnim damama na tw sto su podelile svoju ispovest na temu #nisamprijavila mozda se bar malo nesto pomeri vezano za zastitu zena... Hvala na hrabrosti, treba stisnuti petlju i reci, ne moze ni to svako👏👏👏",poverenje,2026-03-31T07:20:58.534092+00:00
ff118,20,24,1475529705394683906,@[user] Zahvaljujuci kampanji #NisamPrijavila saznaces. To i jeste cilj.,poverenje,2026-03-31T07:21:01.841174+00:00
ff118,20,25,1475614567980019718,"Danas čovjek u mom rodnom gradu ubio svou ženu sačmaricom pred djetetom, pa onda ubio sebe. Nije se mogao pomiriti s tim da ga je žena htjela ostaviti. Scena se dešavala i ranije ali nije prijavila. #NisamPrijavila",Emocionalno neutralno,2026-03-31T07:21:15.635688+00:00
ff118,20,26,1475173034818420747,"To što ti nijesi imao slična iskustva, ne znači da su priče iz #NisamPrijavila lažne. Budi srećan što nijesi i pruži podršku ovima što jesu",poverenje,2026-03-31T07:21:24.4092+00:00
ff118,20,27,1475068135673839623,"ujutru je doruckovao sa svima kao da se nista nije dogodilo. ja sam pokupila stvari, otisla kuci, izdvojila se iz tog drustva kompletno i potisnula sve sto se desilo. drugarici sam priznala tek godinama kasnije kada vise nije bila sa tim deckom. #NisamPrijavila",Emocionalno neutralno,2026-03-31T07:21:38.08592+00:00
ff118,20,28,1475247295927095298,"#nisamprijavila imala sam 17 godina, on 26.nevina glupa. On na hleb da ga mazes. Naravno krila sam od mame i tate da imam tako starijeg decka. Odlucim da raskinem i tu krecu pretnje kako ce doci na moju adresu ako istog trena ne dodjem u njegov kraj (zima, dva sata voznje)",strah,2026-03-31T07:21:50.429939+00:00
ff118,20,29,1475510423789182984,"Pisala sam ovde par puta svoja #NisamPrijavila 
Samo ću ovaj put dodati, da nismo mnogo pobegli od Nečiste krvi i ako je bila pre 100 god",gađenje,2026-03-31T07:21:57.387371+00:00
ff118,20,30,1475050144261410819,Razbolela sam se čitajući #nisamprijavila,tuga,2026-03-31T07:22:00.439108+00:00
ff118,20,31,1475052677067386888,"Ovo #NisamPrijavila je tako mučno čitati, da mi se sve prevrće u stomaku.
Ne samo zato što imam ćerku, nego razmišljam jesam li i ja svojim ponašanjem ovako povredio nekog.",gađenje,2026-03-31T07:22:11.445928+00:00
ff118,20,32,1475422850295214080,"#NisamPrijavila jer je pobjegao prije nego sam mu uspjela vidjeti lice, jer ne znam tko je.",strah,2026-03-31T07:22:23.973022+00:00
ff118,20,33,1475374013186818048,"систем не верује ни мртвој жени, а камоли живој жени #NisamPrijavila",gađenje,2026-03-31T07:22:30.660497+00:00
ff118,20,34,1475159971423821834,"#nisamprijavila jer sam mislila da mogu sama sa njim da se izborim bez mesanja sebi bilskih ljudi. Nisam prijavila jer mi je pretio kako ce te iste meni bliske ljude da maltretira i sikanira. Godine su mi bile potrebne da izadjem iz tog pakla,posledice i dalje osecam...",strah,2026-03-31T07:22:40.087708+00:00
ff118,20,35,1475051403777351683,"sam ušla u taj auto. Moji nikada nisu saznali. Dečko me je ošamario jer sam ga ""iznervirala"" i iz te veze sam se izvukla i naravno #nisamprijavila",Emocionalno neutralno,2026-03-31T07:22:48.477143+00:00
ff118,20,36,1475549095796301828,"Prijavila sam.
Svaki put.
Nastavnika i profesora fizičkog koji su dirali učenice, nekoliko momaka svojih drugarica, drugaricinog šefa, likove koji su me spopadali kad sam radila u kafani, lika koji me je pipao u autobusu...
Nikog nije bilo briga.
#NisamPrijavila",gađenje,2026-03-31T07:22:57.48555+00:00
ff118,20,37,1475563482904989701,USKOK i Gabika Žalac takođe podržavaju #NisamPrijavila,Ne mogu da razumem,2026-03-31T07:23:08.09376+00:00
ff118,20,38,1475121835956224005,#NisamPrijavila jer ne znam ni odakle da počnem. Mlađi dani su i dalje bolna tačka i jer tada nisam znala,tuga,2026-03-31T07:23:14.215957+00:00
ff118,20,39,1475493284999016451,"Nakon masovnih, jezivih, ispovesti pod #NisamPrijavila upućujem poziv našim POLICAJCIMA.
Neke od tih žena mogu biti vaše majke ili sestre ili ćerke...
Elem, želim da vas ohrabrim da vi pod npr #NisamReagovao opišete zašto ne radite svoj posao, ko vas plaši-ugrožava. Ako ste časni",iščekivanje,2026-03-31T07:23:28.920989+00:00
ff118,20,40,1475349494497779712,#NisamPrijavila znaci naklon do dole na site...,poverenje,2026-03-31T07:23:34.88279+00:00
ff118,20,41,1475401192276639745,"@[user] Trenutni tragi-komičan sastav ne može ništa da shvati, osim da ponavljaju kao papagaji naručene floskule #NisamPrijavila A šta ćemo sa bunga-bunga žurkama i Palmom i ostalim učesnicima zabava? Tu aferu bi trebalo pogurati.",Ne mogu da razumem,2026-03-31T07:23:42.527481+00:00
ff118,20,42,1475053233638977537,"#nisamprijavila da me je pokrao i uz to mi i ostao dužan izvjesnu sumu novca,jer me bilo sramota njegove sramote,al sam odmah šutnula raspada ljudskog
A onda sam poslije svega,kao što to obično biva,saznala za iste scenarije s bivšim mu đevojkama,koje su potpuno ok i na mjestu",gađenje,2026-03-31T07:23:57.30115+00:00
ff118,20,43,1475071218319564801,"Meni je ubedljivo najtužnije sa ovom #NisamPrijavila pričom što i da jesu prijavile institucije verovatno ne bi uradile ništa, i to je najveći poraz ove države. Žene to znaju i zato i ne prijavljuju.",tuga,2026-03-31T07:24:01.982875+00:00
ff118,20,44,1475379633839349763,"Zbog svih ovih #nisamprijavila priča, i zbog sopstvenog iskustva koje #NisamPrijavila jer sam debilu na prvu pokazala zube i poslala ga mami na prevaspitavanje, nikada neću da se udam ili vežem za nekog jer sam prestravljena na kakvu budaletinu mogu da naletim. 👇",strah,2026-03-31T07:24:19.955113+00:00
ff118,20,45,1475626463575658502,"#NisamPrijavila  psihičko maltretiranje koje trpim ceo život manje više od strane kojekakvih  ""mudonja""",bes,2026-03-31T07:24:27.318469+00:00
ff118,20,46,1475034666889535490,"Čitamo #NisamPrijavila i kažemo svim ženama da im verujemo, da su veće od traume koje su doživele. Stvorićemo društvo gde su žene bezbedne i slobodne. Jak ženski glas će srušiti ovaj sistem koji nam ne dozvoljava da razvijemo sve svoje kapacitete.",poverenje,2026-03-31T07:24:37.123919+00:00
ff118,20,47,1475501422540120064,"#NisamPrijavila jer sam mislila da je ovo normalno. Nisam prijavila jer sam mislila da hoce da mi pomogne.
Nisam prijavila jer sam verovala svojoj porodici.",tuga,2026-03-31T07:24:43.749186+00:00
ff118,20,48,1475159443927142400,#Nisamprijavila me toliko istrigerovao da ne mogu da dočekam sutrašnji termin terapije da izvrištim to iz sebe,strah,2026-03-31T07:24:56.521658+00:00
ff118,20,49,1475450767469387776,"#NisamPrijavila je poraz našeg društva!Žrtve nasilja nemaju povjerenja u institucije, koje bi trebalo da nas štite od nasilja,mali broj žena koje prijavi nasilje izložen je dodatnom institucionalnom nasilju.

Drage žene i djevojke važno je da ste progovorile
#ŠutnjaNasNeŠtiti",gađenje,2026-03-31T07:25:05.947778+00:00
ff119,20,0,1475553486750240775,"važan je #NisamPrijavila i zbog toga što sa mužem već dva dana pričam kako sve možemo da osnažimo ćerku da nikad ne pomisli da nešto ne treba ili ne sme da nam kaže. ona ima samo 4 godine, ali sve ovo je promenilo njenog i mnoge druge tate.",iščekivanje,2026-03-31T07:17:03.284388+00:00
ff119,20,1,1475436142443077632,"Uuh,koliko sam ja zapravo jedna srećna žena.
Čitam ove priče #NisamPrijavila i ne mogu da verujem🥺😢

Osnaživanje,kao podrška ženama koje trpe bilo kakvo nasilje treba da dolazi od celokupne zajednice.Porodica,prijatelji,društvo mora da reaguje i obezbedi ženi siguran prostor,⬇️",poverenje,2026-03-31T07:17:30.953489+00:00
ff119,20,2,1475064010559139840,#NisamPrijavila - hešteg godine,Emocionalno neutralno,2026-03-31T07:17:39.580173+00:00
ff119,20,3,1475260969995677698,"#NisamPrijavila, jer kad se desilo, nisam imala kome.
#NisamPrijavila, jer kada sam imala kome, bojala sam se da mi neće verovati.
#NisamPrijavila i neću ali #NisamZaboravila i neću nikad. 
Mojoj ćerki sam objasnila da, NIKAD, ne dozvoli da joj bilo ko uradi nešto što ne želi!!!",tuga,2026-03-31T07:18:13.784757+00:00
ff119,20,4,1475545459565514753,Sve se slazem treba podici nivo svesti #NisamPrijavila ali svi preskacu #DanielaSteinfeld vi ste poverovali njihovom sudu i oslobodili ga,bes,2026-03-31T07:18:28.699906+00:00
ff119,20,5,1475267795302719491,"Išamarajte se dok vam zubi ne ispadnu vi koji mislite da je nečija odjeća legitiman povod za silovanje. 

Puna podrška za #NisamPrijavila.",bes,2026-03-31T07:18:36.722533+00:00
ff119,20,6,1475096340426280966,"#nisamprijavila jutro posle silovanja, jer sam bila slomljena, i njihovo neverovanje i osudu da lažem ne bih preživela. Kada sam progovorila, pa bila prinuđena da učestvujem u predustražnom postupku, uprkos pregršt dokaza, desilo se isto. Samo, sada me ne mogu slomiti. #nisisama",bes,2026-03-31T07:19:04.957849+00:00
ff119,20,7,1475037536984707081,"Ovo sa #NisamPrijavila toliko kopa po najdubljim strahovima i intimi da se ujedno divim svakoj ženi koja to napiše, ali sam i doslovno prestravljen brojem i sadržajem objava. Mogu samo da zamislim kako je tek u onim svetovima bez mreža.",tuga,2026-03-31T07:19:27.925016+00:00
ff119,20,8,1478116057114152965,@[user] A kada si napunila 18. godina? Gde ste sada #NisamPrijavila,Ne mogu da razumem,2026-03-31T07:19:49.896981+00:00
ff119,20,9,1475059272153243648,Čitam ispovesti #NisamPrijavila i ridam.,tuga,2026-03-31T07:19:54.379135+00:00
ff119,20,10,1475239569578733570,"Uh ne mogu vam ja noćas ovo #NisamPrijavila 🥺 pretužna je svaka priča, još tužnije su one koje su prijavile a kao da nijesu, tužno je biti žena na Balkanu oduvijek i zauvijek! Ljubav za sve moje žene na tw. ❤️🥰😘",tuga,2026-03-31T07:20:04.640983+00:00
ff119,20,11,1475091292283674628,"#nisamprijavila kada sam bila izbacena iz kuce, a nisam imala gde da odem jer me je izolovala od svih prijatelja",tuga,2026-03-31T07:20:24.525033+00:00
ff119,20,12,1475161371201441795,"#Nisamprijavila jer u ovom društvu JESI SAMA. 

Podrška svim ženama koje istupaju u ovoj godini boreći se u ime svih za bolje i pravednije društvo!",iščekivanje,2026-03-31T07:20:43.52134+00:00
ff119,20,13,1475050071989231622,"čitam ove #nisamprijavila tvitove i grozim se društva kojem je to sve normalno.
nadaš se da nije toliko posvuda. a onda se sjetiš da brišemo murale malog princa da bi nacrtali tenk.
sve je nakrivo ovdje.",gađenje,2026-03-31T07:20:54.024474+00:00
ff119,20,14,1475483501642330116,"Na današnjem meniju otkrijte nasilnike koji se sami prezentuju  kontrakomentarima, osuđivanjima pa čak i podsmijavanjem u postovima #NisamPrijavila",bes,2026-03-31T07:21:04.666478+00:00
ff119,20,15,1475139226203209733,"#NisamPrijavila jer sam bila mala da razumem, i i dan danas nikome nisam rekla jer me je bilo sramota da opišem šta mi se tada desilo. Godinama sam trčala od ulaza do stana da ne bih opet doživela isto...",tuga,2026-03-31T07:21:36.48737+00:00
ff119,20,16,1475470341438951435,"Drugi put kad čujem ""ne svi muškarci"", odgovorit ću sa ""ne svi morski psi"".

Jer vjerojatnost da te usmrti morski pas (vrsta koju smo kolektivno proglasili opasnom) je 1:3 700 000, a vjerojatnost da kao žena doživiš seksualno zlostavljanje tijekom života je 1:4.

#NisamPrijavila",bes,2026-03-31T07:21:54.74077+00:00
ff119,20,17,1475131195067449358,"#NisamPrijavila Ne, ne sviđa mi se tekst Biljane Srbljanović zbog poslednjeg pasusa jer smatram da je ovu užasnu temu zloubotrebila za politički obračun sa nekom davnom vlašću, a pri tome ni reči o sadašnjoj koja je nasilje uvela i svesno ga podstiče u svakom segmentu društva.",bes,2026-03-31T07:22:09.779248+00:00
ff119,20,18,1475045125764141059,"Pokusala sam u 2 navrata da citam #nisamprijavila ali bukvalno nisam mogla. Taj osjecaj anksioznosti straha, bjesa, nemoci, bola u zelucu, preznajanja koji mi se javlja samo dok citam ovo duplira mi se od pomisli da su ovo stvarne, prozivljene price.",tuga,2026-03-31T07:22:32.515471+00:00
ff119,20,19,1475549965225242627,"@[user] @[user] @[user] Ima, tu su svi tvoji tvitovi s hashtagom #NisamPrijavila!",Emocionalno neutralno,2026-03-31T07:22:40.339788+00:00
ff119,20,20,1475078194269204491,"Zabolelo me je svako 'mislilala sam da sam ja kriva' iz #nisamprijavila tvitova. Ne draga, nisi ti kriva. Mi kao društvo smo krivi. Krivi smo što dozvoljavamo da se devojčice uče 'da su dečaci takvi i da je to normalno'. Odatle počinje.",bes,2026-03-31T07:23:33.01824+00:00
ff119,20,21,1475156019256905736,"#NisamPrijavila jer sam imala oko 11 godina kada me je čovek u crnom pratio svakoga dana od muzičke škole pa do baleta,u sred dana.Odmah sam rekla roditeljima i od tada je tata dolazio i po mene i po drugarice.Tada su drugarice rekle da se to njima dogadja već neko vreme,",poverenje,2026-03-31T07:23:44.673466+00:00
ff119,20,22,1475147488021651456,"Treba imati snage... svaka čast i puna podrška za #NisamPrijavila !!!

Neka izgori sve što ionako nije zaslužilo biti više od tog pepela",bes,2026-03-31T07:23:54.740647+00:00
ff119,20,23,1475244623249428483,"Svaka cast ovim divnim damama na tw sto su podelile svoju ispovest na temu #nisamprijavila mozda se bar malo nesto pomeri vezano za zastitu zena... Hvala na hrabrosti, treba stisnuti petlju i reci, ne moze ni to svako👏👏👏",iščekivanje,2026-03-31T07:24:02.910076+00:00
ff119,20,24,1475529705394683906,@[user] Zahvaljujuci kampanji #NisamPrijavila saznaces. To i jeste cilj.,Emocionalno neutralno,2026-03-31T07:24:08.21522+00:00
ff119,20,25,1475614567980019718,"Danas čovjek u mom rodnom gradu ubio svou ženu sačmaricom pred djetetom, pa onda ubio sebe. Nije se mogao pomiriti s tim da ga je žena htjela ostaviti. Scena se dešavala i ranije ali nije prijavila. #NisamPrijavila",Emocionalno neutralno,2026-03-31T07:24:43.201728+00:00
ff119,20,26,1475173034818420747,"To što ti nijesi imao slična iskustva, ne znači da su priče iz #NisamPrijavila lažne. Budi srećan što nijesi i pruži podršku ovima što jesu",bes,2026-03-31T07:25:03.424122+00:00
ff119,20,27,1475068135673839623,"ujutru je doruckovao sa svima kao da se nista nije dogodilo. ja sam pokupila stvari, otisla kuci, izdvojila se iz tog drustva kompletno i potisnula sve sto se desilo. drugarici sam priznala tek godinama kasnije kada vise nije bila sa tim deckom. #NisamPrijavila",Ne mogu da razumem,2026-03-31T07:26:00.904795+00:00
ff119,20,28,1475247295927095298,"#nisamprijavila imala sam 17 godina, on 26.nevina glupa. On na hleb da ga mazes. Naravno krila sam od mame i tate da imam tako starijeg decka. Odlucim da raskinem i tu krecu pretnje kako ce doci na moju adresu ako istog trena ne dodjem u njegov kraj (zima, dva sata voznje)",strah,2026-03-31T07:26:17.008278+00:00
ff119,20,29,1475510423789182984,"Pisala sam ovde par puta svoja #NisamPrijavila 
Samo ću ovaj put dodati, da nismo mnogo pobegli od Nečiste krvi i ako je bila pre 100 god",Emocionalno neutralno,2026-03-31T07:26:29.128447+00:00
ff119,20,30,1475050144261410819,Razbolela sam se čitajući #nisamprijavila,tuga,2026-03-31T07:26:31.970637+00:00
ff119,20,31,1475052677067386888,"Ovo #NisamPrijavila je tako mučno čitati, da mi se sve prevrće u stomaku.
Ne samo zato što imam ćerku, nego razmišljam jesam li i ja svojim ponašanjem ovako povredio nekog.",tuga,2026-03-31T07:26:47.911525+00:00
ff119,20,32,1475422850295214080,"#NisamPrijavila jer je pobjegao prije nego sam mu uspjela vidjeti lice, jer ne znam tko je.",Emocionalno neutralno,2026-03-31T07:27:02.362277+00:00
ff119,20,33,1475374013186818048,"систем не верује ни мртвој жени, а камоли живој жени #NisamPrijavila",bes,2026-03-31T07:27:05.550037+00:00
ff119,20,34,1475159971423821834,"#nisamprijavila jer sam mislila da mogu sama sa njim da se izborim bez mesanja sebi bilskih ljudi. Nisam prijavila jer mi je pretio kako ce te iste meni bliske ljude da maltretira i sikanira. Godine su mi bile potrebne da izadjem iz tog pakla,posledice i dalje osecam...",strah,2026-03-31T07:27:16.543981+00:00
ff119,20,35,1475051403777351683,"sam ušla u taj auto. Moji nikada nisu saznali. Dečko me je ošamario jer sam ga ""iznervirala"" i iz te veze sam se izvukla i naravno #nisamprijavila",Ne mogu da razumem,2026-03-31T07:27:33.463959+00:00
ff119,20,36,1475549095796301828,"Prijavila sam.
Svaki put.
Nastavnika i profesora fizičkog koji su dirali učenice, nekoliko momaka svojih drugarica, drugaricinog šefa, likove koji su me spopadali kad sam radila u kafani, lika koji me je pipao u autobusu...
Nikog nije bilo briga.
#NisamPrijavila",bes,2026-03-31T07:27:47.734533+00:00
ff119,20,37,1475563482904989701,USKOK i Gabika Žalac takođe podržavaju #NisamPrijavila,Emocionalno neutralno,2026-03-31T07:27:53.762267+00:00
ff119,20,38,1475121835956224005,#NisamPrijavila jer ne znam ni odakle da počnem. Mlađi dani su i dalje bolna tačka i jer tada nisam znala,tuga,2026-03-31T07:28:01.407854+00:00
ff119,20,39,1475493284999016451,"Nakon masovnih, jezivih, ispovesti pod #NisamPrijavila upućujem poziv našim POLICAJCIMA.
Neke od tih žena mogu biti vaše majke ili sestre ili ćerke...
Elem, želim da vas ohrabrim da vi pod npr #NisamReagovao opišete zašto ne radite svoj posao, ko vas plaši-ugrožava. Ako ste časni",bes,2026-03-31T07:28:12.993602+00:00
ff119,20,40,1475349494497779712,#NisamPrijavila znaci naklon do dole na site...,Ne mogu da razumem,2026-03-31T07:28:25.767293+00:00
ff119,20,41,1475401192276639745,"@[user] Trenutni tragi-komičan sastav ne može ništa da shvati, osim da ponavljaju kao papagaji naručene floskule #NisamPrijavila A šta ćemo sa bunga-bunga žurkama i Palmom i ostalim učesnicima zabava? Tu aferu bi trebalo pogurati.",bes,2026-03-31T07:28:40.322681+00:00
ff119,20,42,1475053233638977537,"#nisamprijavila da me je pokrao i uz to mi i ostao dužan izvjesnu sumu novca,jer me bilo sramota njegove sramote,al sam odmah šutnula raspada ljudskog
A onda sam poslije svega,kao što to obično biva,saznala za iste scenarije s bivšim mu đevojkama,koje su potpuno ok i na mjestu",Ne mogu da razumem,2026-03-31T07:29:15.447886+00:00
ff119,20,43,1475071218319564801,"Meni je ubedljivo najtužnije sa ovom #NisamPrijavila pričom što i da jesu prijavile institucije verovatno ne bi uradile ništa, i to je najveći poraz ove države. Žene to znaju i zato i ne prijavljuju.",bes,2026-03-31T07:29:33.521786+00:00
ff119,20,44,1475379633839349763,"Zbog svih ovih #nisamprijavila priča, i zbog sopstvenog iskustva koje #NisamPrijavila jer sam debilu na prvu pokazala zube i poslala ga mami na prevaspitavanje, nikada neću da se udam ili vežem za nekog jer sam prestravljena na kakvu budaletinu mogu da naletim. 👇",bes,2026-03-31T07:29:48.417265+00:00
ff119,20,45,1475626463575658502,"#NisamPrijavila  psihičko maltretiranje koje trpim ceo život manje više od strane kojekakvih  ""mudonja""",bes,2026-03-31T07:30:02.565934+00:00
ff119,20,46,1475034666889535490,"Čitamo #NisamPrijavila i kažemo svim ženama da im verujemo, da su veće od traume koje su doživele. Stvorićemo društvo gde su žene bezbedne i slobodne. Jak ženski glas će srušiti ovaj sistem koji nam ne dozvoljava da razvijemo sve svoje kapacitete.",iščekivanje,2026-03-31T07:30:14.104437+00:00
ff119,20,47,1475501422540120064,"#NisamPrijavila jer sam mislila da je ovo normalno. Nisam prijavila jer sam mislila da hoce da mi pomogne.
Nisam prijavila jer sam verovala svojoj porodici.",tuga,2026-03-31T07:30:26.208824+00:00
ff119,20,48,1475159443927142400,#Nisamprijavila me toliko istrigerovao da ne mogu da dočekam sutrašnji termin terapije da izvrištim to iz sebe,bes,2026-03-31T07:30:33.247354+00:00
ff119,20,49,1475450767469387776,"#NisamPrijavila je poraz našeg društva!Žrtve nasilja nemaju povjerenja u institucije, koje bi trebalo da nas štite od nasilja,mali broj žena koje prijavi nasilje izložen je dodatnom institucionalnom nasilju.

Drage žene i djevojke važno je da ste progovorile
#ŠutnjaNasNeŠtiti",bes,2026-03-31T07:31:10.429641+00:00
ff120,20,0,1475553486750240775,"važan je #NisamPrijavila i zbog toga što sa mužem već dva dana pričam kako sve možemo da osnažimo ćerku da nikad ne pomisli da nešto ne treba ili ne sme da nam kaže. ona ima samo 4 godine, ali sve ovo je promenilo njenog i mnoge druge tate.",poverenje,2026-03-31T07:16:28.770518+00:00
ff120,20,1,1475436142443077632,"Uuh,koliko sam ja zapravo jedna srećna žena.
Čitam ove priče #NisamPrijavila i ne mogu da verujem🥺😢

Osnaživanje,kao podrška ženama koje trpe bilo kakvo nasilje treba da dolazi od celokupne zajednice.Porodica,prijatelji,društvo mora da reaguje i obezbedi ženi siguran prostor,⬇️",iznenađenje,2026-03-31T07:17:02.928656+00:00
ff120,20,2,1475064010559139840,#NisamPrijavila - hešteg godine,Emocionalno neutralno,2026-03-31T07:17:14.860994+00:00
ff120,20,3,1475260969995677698,"#NisamPrijavila, jer kad se desilo, nisam imala kome.
#NisamPrijavila, jer kada sam imala kome, bojala sam se da mi neće verovati.
#NisamPrijavila i neću ali #NisamZaboravila i neću nikad. 
Mojoj ćerki sam objasnila da, NIKAD, ne dozvoli da joj bilo ko uradi nešto što ne želi!!!",bes,2026-03-31T07:17:34.089495+00:00
ff120,20,4,1475545459565514753,Sve se slazem treba podici nivo svesti #NisamPrijavila ali svi preskacu #DanielaSteinfeld vi ste poverovali njihovom sudu i oslobodili ga,gađenje,2026-03-31T07:17:46.784528+00:00
ff120,20,5,1475267795302719491,"Išamarajte se dok vam zubi ne ispadnu vi koji mislite da je nečija odjeća legitiman povod za silovanje. 

Puna podrška za #NisamPrijavila.",radost,2026-03-31T07:18:17.15038+00:00
ff120,20,6,1475096340426280966,"#nisamprijavila jutro posle silovanja, jer sam bila slomljena, i njihovo neverovanje i osudu da lažem ne bih preživela. Kada sam progovorila, pa bila prinuđena da učestvujem u predustražnom postupku, uprkos pregršt dokaza, desilo se isto. Samo, sada me ne mogu slomiti. #nisisama",strah,2026-03-31T07:18:36.498231+00:00
ff120,20,7,1475037536984707081,"Ovo sa #NisamPrijavila toliko kopa po najdubljim strahovima i intimi da se ujedno divim svakoj ženi koja to napiše, ali sam i doslovno prestravljen brojem i sadržajem objava. Mogu samo da zamislim kako je tek u onim svetovima bez mreža.",tuga,2026-03-31T07:18:53.021006+00:00
ff120,20,8,1478116057114152965,@[user] A kada si napunila 18. godina? Gde ste sada #NisamPrijavila,gađenje,2026-03-31T07:19:05.223567+00:00
ff120,20,9,1475059272153243648,Čitam ispovesti #NisamPrijavila i ridam.,tuga,2026-03-31T07:19:12.78341+00:00
ff120,20,10,1475239569578733570,"Uh ne mogu vam ja noćas ovo #NisamPrijavila 🥺 pretužna je svaka priča, još tužnije su one koje su prijavile a kao da nijesu, tužno je biti žena na Balkanu oduvijek i zauvijek! Ljubav za sve moje žene na tw. ❤️🥰😘",radost,2026-03-31T07:19:30.180787+00:00
ff120,20,11,1475091292283674628,"#nisamprijavila kada sam bila izbacena iz kuce, a nisam imala gde da odem jer me je izolovala od svih prijatelja",iznenađenje,2026-03-31T07:19:40.923112+00:00
ff120,20,12,1475161371201441795,"#Nisamprijavila jer u ovom društvu JESI SAMA. 

Podrška svim ženama koje istupaju u ovoj godini boreći se u ime svih za bolje i pravednije društvo!",poverenje,2026-03-31T07:19:54.380871+00:00
ff120,20,13,1475050071989231622,"čitam ove #nisamprijavila tvitove i grozim se društva kojem je to sve normalno.
nadaš se da nije toliko posvuda. a onda se sjetiš da brišemo murale malog princa da bi nacrtali tenk.
sve je nakrivo ovdje.",gađenje,2026-03-31T07:20:09.479738+00:00
ff120,20,14,1475483501642330116,"Na današnjem meniju otkrijte nasilnike koji se sami prezentuju  kontrakomentarima, osuđivanjima pa čak i podsmijavanjem u postovima #NisamPrijavila",gađenje,2026-03-31T07:20:26.923338+00:00
ff120,20,15,1475139226203209733,"#NisamPrijavila jer sam bila mala da razumem, i i dan danas nikome nisam rekla jer me je bilo sramota da opišem šta mi se tada desilo. Godinama sam trčala od ulaza do stana da ne bih opet doživela isto...",strah,2026-03-31T07:20:51.024912+00:00
ff120,20,16,1475470341438951435,"Drugi put kad čujem ""ne svi muškarci"", odgovorit ću sa ""ne svi morski psi"".

Jer vjerojatnost da te usmrti morski pas (vrsta koju smo kolektivno proglasili opasnom) je 1:3 700 000, a vjerojatnost da kao žena doživiš seksualno zlostavljanje tijekom života je 1:4.

#NisamPrijavila",bes,2026-03-31T07:21:10.085277+00:00
ff120,20,17,1475131195067449358,"#NisamPrijavila Ne, ne sviđa mi se tekst Biljane Srbljanović zbog poslednjeg pasusa jer smatram da je ovu užasnu temu zloubotrebila za politički obračun sa nekom davnom vlašću, a pri tome ni reči o sadašnjoj koja je nasilje uvela i svesno ga podstiče u svakom segmentu društva.",gađenje,2026-03-31T07:21:30.172054+00:00
ff120,20,18,1475045125764141059,"Pokusala sam u 2 navrata da citam #nisamprijavila ali bukvalno nisam mogla. Taj osjecaj anksioznosti straha, bjesa, nemoci, bola u zelucu, preznajanja koji mi se javlja samo dok citam ovo duplira mi se od pomisli da su ovo stvarne, prozivljene price.",tuga,2026-03-31T07:21:55.342426+00:00
ff120,20,19,1475549965225242627,"@[user] @[user] @[user] Ima, tu su svi tvoji tvitovi s hashtagom #NisamPrijavila!",Ne mogu da razumem,2026-03-31T07:22:06.061694+00:00
ff120,20,20,1475078194269204491,"Zabolelo me je svako 'mislilala sam da sam ja kriva' iz #nisamprijavila tvitova. Ne draga, nisi ti kriva. Mi kao društvo smo krivi. Krivi smo što dozvoljavamo da se devojčice uče 'da su dečaci takvi i da je to normalno'. Odatle počinje.",poverenje,2026-03-31T07:22:28.252007+00:00
ff120,20,21,1475156019256905736,"#NisamPrijavila jer sam imala oko 11 godina kada me je čovek u crnom pratio svakoga dana od muzičke škole pa do baleta,u sred dana.Odmah sam rekla roditeljima i od tada je tata dolazio i po mene i po drugarice.Tada su drugarice rekle da se to njima dogadja već neko vreme,",poverenje,2026-03-31T07:22:44.212486+00:00
ff120,20,22,1475147488021651456,"Treba imati snage... svaka čast i puna podrška za #NisamPrijavila !!!

Neka izgori sve što ionako nije zaslužilo biti više od tog pepela",iščekivanje,2026-03-31T07:22:54.853296+00:00
ff120,20,23,1475244623249428483,"Svaka cast ovim divnim damama na tw sto su podelile svoju ispovest na temu #nisamprijavila mozda se bar malo nesto pomeri vezano za zastitu zena... Hvala na hrabrosti, treba stisnuti petlju i reci, ne moze ni to svako👏👏👏",radost,2026-03-31T07:23:09.08932+00:00
ff120,20,24,1475529705394683906,@[user] Zahvaljujuci kampanji #NisamPrijavila saznaces. To i jeste cilj.,Emocionalno neutralno,2026-03-31T07:23:17.289957+00:00
ff120,20,25,1475614567980019718,"Danas čovjek u mom rodnom gradu ubio svou ženu sačmaricom pred djetetom, pa onda ubio sebe. Nije se mogao pomiriti s tim da ga je žena htjela ostaviti. Scena se dešavala i ranije ali nije prijavila. #NisamPrijavila",iznenađenje,2026-03-31T07:23:33.684186+00:00
ff120,20,26,1475173034818420747,"To što ti nijesi imao slična iskustva, ne znači da su priče iz #NisamPrijavila lažne. Budi srećan što nijesi i pruži podršku ovima što jesu",gađenje,2026-03-31T07:23:47.464436+00:00
ff120,20,27,1475068135673839623,"ujutru je doruckovao sa svima kao da se nista nije dogodilo. ja sam pokupila stvari, otisla kuci, izdvojila se iz tog drustva kompletno i potisnula sve sto se desilo. drugarici sam priznala tek godinama kasnije kada vise nije bila sa tim deckom. #NisamPrijavila",strah,2026-03-31T07:24:09.439521+00:00
ff120,20,28,1475247295927095298,"#nisamprijavila imala sam 17 godina, on 26.nevina glupa. On na hleb da ga mazes. Naravno krila sam od mame i tate da imam tako starijeg decka. Odlucim da raskinem i tu krecu pretnje kako ce doci na moju adresu ako istog trena ne dodjem u njegov kraj (zima, dva sata voznje)",tuga,2026-03-31T07:24:36.163136+00:00
ff120,20,29,1475510423789182984,"Pisala sam ovde par puta svoja #NisamPrijavila 
Samo ću ovaj put dodati, da nismo mnogo pobegli od Nečiste krvi i ako je bila pre 100 god",bes,2026-03-31T07:24:54.495002+00:00
ff120,20,30,1475050144261410819,Razbolela sam se čitajući #nisamprijavila,Ne mogu da razumem,2026-03-31T07:25:01.126543+00:00
ff120,20,31,1475052677067386888,"Ovo #NisamPrijavila je tako mučno čitati, da mi se sve prevrće u stomaku.
Ne samo zato što imam ćerku, nego razmišljam jesam li i ja svojim ponašanjem ovako povredio nekog.",iznenađenje,2026-03-31T07:25:16.050911+00:00
ff120,20,32,1475422850295214080,"#NisamPrijavila jer je pobjegao prije nego sam mu uspjela vidjeti lice, jer ne znam tko je.",strah,2026-03-31T07:25:23.745712+00:00
ff120,20,33,1475374013186818048,"систем не верује ни мртвој жени, а камоли живој жени #NisamPrijavila",gađenje,2026-03-31T07:25:29.932674+00:00
ff120,20,34,1475159971423821834,"#nisamprijavila jer sam mislila da mogu sama sa njim da se izborim bez mesanja sebi bilskih ljudi. Nisam prijavila jer mi je pretio kako ce te iste meni bliske ljude da maltretira i sikanira. Godine su mi bile potrebne da izadjem iz tog pakla,posledice i dalje osecam...",iščekivanje,2026-03-31T07:25:46.478529+00:00
ff120,20,35,1475051403777351683,"sam ušla u taj auto. Moji nikada nisu saznali. Dečko me je ošamario jer sam ga ""iznervirala"" i iz te veze sam se izvukla i naravno #nisamprijavila",strah,2026-03-31T07:26:02.189284+00:00
ff120,20,36,1475549095796301828,"Prijavila sam.
Svaki put.
Nastavnika i profesora fizičkog koji su dirali učenice, nekoliko momaka svojih drugarica, drugaricinog šefa, likove koji su me spopadali kad sam radila u kafani, lika koji me je pipao u autobusu...
Nikog nije bilo briga.
#NisamPrijavila",tuga,2026-03-31T07:26:22.617124+00:00
ff120,20,37,1475563482904989701,USKOK i Gabika Žalac takođe podržavaju #NisamPrijavila,Emocionalno neutralno,2026-03-31T07:26:29.750244+00:00
ff120,20,38,1475121835956224005,#NisamPrijavila jer ne znam ni odakle da počnem. Mlađi dani su i dalje bolna tačka i jer tada nisam znala,poverenje,2026-03-31T07:26:46.014265+00:00
ff120,20,39,1475493284999016451,"Nakon masovnih, jezivih, ispovesti pod #NisamPrijavila upućujem poziv našim POLICAJCIMA.
Neke od tih žena mogu biti vaše majke ili sestre ili ćerke...
Elem, želim da vas ohrabrim da vi pod npr #NisamReagovao opišete zašto ne radite svoj posao, ko vas plaši-ugrožava. Ako ste časni",bes,2026-03-31T07:27:03.711045+00:00
ff120,20,40,1475349494497779712,#NisamPrijavila znaci naklon do dole na site...,Ne mogu da razumem,2026-03-31T07:27:11.131776+00:00
ff120,20,41,1475401192276639745,"@[user] Trenutni tragi-komičan sastav ne može ništa da shvati, osim da ponavljaju kao papagaji naručene floskule #NisamPrijavila A šta ćemo sa bunga-bunga žurkama i Palmom i ostalim učesnicima zabava? Tu aferu bi trebalo pogurati.",gađenje,2026-03-31T07:27:30.173507+00:00
ff120,20,42,1475053233638977537,"#nisamprijavila da me je pokrao i uz to mi i ostao dužan izvjesnu sumu novca,jer me bilo sramota njegove sramote,al sam odmah šutnula raspada ljudskog
A onda sam poslije svega,kao što to obično biva,saznala za iste scenarije s bivšim mu đevojkama,koje su potpuno ok i na mjestu",bes,2026-03-31T07:27:54.47728+00:00
ff120,20,43,1475071218319564801,"Meni je ubedljivo najtužnije sa ovom #NisamPrijavila pričom što i da jesu prijavile institucije verovatno ne bi uradile ništa, i to je najveći poraz ove države. Žene to znaju i zato i ne prijavljuju.",tuga,2026-03-31T07:28:08.295938+00:00
ff120,20,44,1475379633839349763,"Zbog svih ovih #nisamprijavila priča, i zbog sopstvenog iskustva koje #NisamPrijavila jer sam debilu na prvu pokazala zube i poslala ga mami na prevaspitavanje, nikada neću da se udam ili vežem za nekog jer sam prestravljena na kakvu budaletinu mogu da naletim. 👇",poverenje,2026-03-31T07:28:29.463228+00:00
ff120,20,45,1475626463575658502,"#NisamPrijavila  psihičko maltretiranje koje trpim ceo život manje više od strane kojekakvih  ""mudonja""",bes,2026-03-31T07:28:48.623897+00:00
ff120,20,46,1475034666889535490,"Čitamo #NisamPrijavila i kažemo svim ženama da im verujemo, da su veće od traume koje su doživele. Stvorićemo društvo gde su žene bezbedne i slobodne. Jak ženski glas će srušiti ovaj sistem koji nam ne dozvoljava da razvijemo sve svoje kapacitete.",iščekivanje,2026-03-31T07:28:59.36831+00:00
ff120,20,47,1475501422540120064,"#NisamPrijavila jer sam mislila da je ovo normalno. Nisam prijavila jer sam mislila da hoce da mi pomogne.
Nisam prijavila jer sam verovala svojoj porodici.",iznenađenje,2026-03-31T07:29:08.533815+00:00
ff120,20,48,1475159443927142400,#Nisamprijavila me toliko istrigerovao da ne mogu da dočekam sutrašnji termin terapije da izvrištim to iz sebe,poverenje,2026-03-31T07:29:20.261041+00:00
ff120,20,49,1475450767469387776,"#NisamPrijavila je poraz našeg društva!Žrtve nasilja nemaju povjerenja u institucije, koje bi trebalo da nas štite od nasilja,mali broj žena koje prijavi nasilje izložen je dodatnom institucionalnom nasilju.

Drage žene i djevojke važno je da ste progovorile
#ŠutnjaNasNeŠtiti",iznenađenje,2026-03-31T07:29:34.671242+00:00
ff121,20,0,1475553486750240775,"važan je #NisamPrijavila i zbog toga što sa mužem već dva dana pričam kako sve možemo da osnažimo ćerku da nikad ne pomisli da nešto ne treba ili ne sme da nam kaže. ona ima samo 4 godine, ali sve ovo je promenilo njenog i mnoge druge tate.",poverenje,2026-03-31T07:16:54.300265+00:00
ff121,20,1,1475436142443077632,"Uuh,koliko sam ja zapravo jedna srećna žena.
Čitam ove priče #NisamPrijavila i ne mogu da verujem🥺😢

Osnaživanje,kao podrška ženama koje trpe bilo kakvo nasilje treba da dolazi od celokupne zajednice.Porodica,prijatelji,društvo mora da reaguje i obezbedi ženi siguran prostor,⬇️",poverenje,2026-03-31T07:17:19.591624+00:00
ff121,20,2,1475064010559139840,#NisamPrijavila - hešteg godine,Ne mogu da razumem,2026-03-31T07:17:24.021794+00:00
ff121,20,3,1475260969995677698,"#NisamPrijavila, jer kad se desilo, nisam imala kome.
#NisamPrijavila, jer kada sam imala kome, bojala sam se da mi neće verovati.
#NisamPrijavila i neću ali #NisamZaboravila i neću nikad. 
Mojoj ćerki sam objasnila da, NIKAD, ne dozvoli da joj bilo ko uradi nešto što ne želi!!!",strah,2026-03-31T07:17:50.500743+00:00
ff121,20,4,1475545459565514753,Sve se slazem treba podici nivo svesti #NisamPrijavila ali svi preskacu #DanielaSteinfeld vi ste poverovali njihovom sudu i oslobodili ga,Ne mogu da razumem,2026-03-31T07:18:06.969262+00:00
ff121,20,5,1475267795302719491,"Išamarajte se dok vam zubi ne ispadnu vi koji mislite da je nečija odjeća legitiman povod za silovanje. 

Puna podrška za #NisamPrijavila.",bes,2026-03-31T07:18:17.340896+00:00
ff121,20,6,1475096340426280966,"#nisamprijavila jutro posle silovanja, jer sam bila slomljena, i njihovo neverovanje i osudu da lažem ne bih preživela. Kada sam progovorila, pa bila prinuđena da učestvujem u predustražnom postupku, uprkos pregršt dokaza, desilo se isto. Samo, sada me ne mogu slomiti. #nisisama",strah,2026-03-31T07:18:47.882412+00:00
ff121,20,7,1475037536984707081,"Ovo sa #NisamPrijavila toliko kopa po najdubljim strahovima i intimi da se ujedno divim svakoj ženi koja to napiše, ali sam i doslovno prestravljen brojem i sadržajem objava. Mogu samo da zamislim kako je tek u onim svetovima bez mreža.",strah,2026-03-31T07:19:11.925414+00:00
ff121,20,8,1478116057114152965,@[user] A kada si napunila 18. godina? Gde ste sada #NisamPrijavila,Ne mogu da razumem,2026-03-31T07:19:15.690695+00:00
ff121,20,9,1475059272153243648,Čitam ispovesti #NisamPrijavila i ridam.,tuga,2026-03-31T07:19:22.792982+00:00
ff121,20,10,1475239569578733570,"Uh ne mogu vam ja noćas ovo #NisamPrijavila 🥺 pretužna je svaka priča, još tužnije su one koje su prijavile a kao da nijesu, tužno je biti žena na Balkanu oduvijek i zauvijek! Ljubav za sve moje žene na tw. ❤️🥰😘",tuga,2026-03-31T07:19:35.002154+00:00
ff121,20,11,1475091292283674628,"#nisamprijavila kada sam bila izbacena iz kuce, a nisam imala gde da odem jer me je izolovala od svih prijatelja",tuga,2026-03-31T07:19:46.180665+00:00
ff121,20,12,1475161371201441795,"#Nisamprijavila jer u ovom društvu JESI SAMA. 

Podrška svim ženama koje istupaju u ovoj godini boreći se u ime svih za bolje i pravednije društvo!",bes,2026-03-31T07:19:54.016376+00:00
ff121,20,13,1475050071989231622,"čitam ove #nisamprijavila tvitove i grozim se društva kojem je to sve normalno.
nadaš se da nije toliko posvuda. a onda se sjetiš da brišemo murale malog princa da bi nacrtali tenk.
sve je nakrivo ovdje.",gađenje,2026-03-31T07:20:10.392231+00:00
ff121,20,14,1475483501642330116,"Na današnjem meniju otkrijte nasilnike koji se sami prezentuju  kontrakomentarima, osuđivanjima pa čak i podsmijavanjem u postovima #NisamPrijavila",gađenje,2026-03-31T07:20:21.407724+00:00
ff121,20,15,1475139226203209733,"#NisamPrijavila jer sam bila mala da razumem, i i dan danas nikome nisam rekla jer me je bilo sramota da opišem šta mi se tada desilo. Godinama sam trčala od ulaza do stana da ne bih opet doživela isto...",strah,2026-03-31T07:20:33.037745+00:00
ff121,20,16,1475470341438951435,"Drugi put kad čujem ""ne svi muškarci"", odgovorit ću sa ""ne svi morski psi"".

Jer vjerojatnost da te usmrti morski pas (vrsta koju smo kolektivno proglasili opasnom) je 1:3 700 000, a vjerojatnost da kao žena doživiš seksualno zlostavljanje tijekom života je 1:4.

#NisamPrijavila",bes,2026-03-31T07:20:48.070085+00:00
ff121,20,17,1475131195067449358,"#NisamPrijavila Ne, ne sviđa mi se tekst Biljane Srbljanović zbog poslednjeg pasusa jer smatram da je ovu užasnu temu zloubotrebila za politički obračun sa nekom davnom vlašću, a pri tome ni reči o sadašnjoj koja je nasilje uvela i svesno ga podstiče u svakom segmentu društva.",bes,2026-03-31T07:21:01.476402+00:00
ff121,20,18,1475045125764141059,"Pokusala sam u 2 navrata da citam #nisamprijavila ali bukvalno nisam mogla. Taj osjecaj anksioznosti straha, bjesa, nemoci, bola u zelucu, preznajanja koji mi se javlja samo dok citam ovo duplira mi se od pomisli da su ovo stvarne, prozivljene price.",strah,2026-03-31T07:21:23.136094+00:00
ff121,20,19,1475549965225242627,"@[user] @[user] @[user] Ima, tu su svi tvoji tvitovi s hashtagom #NisamPrijavila!",Ne mogu da razumem,2026-03-31T07:21:30.157229+00:00
ff121,20,20,1475078194269204491,"Zabolelo me je svako 'mislilala sam da sam ja kriva' iz #nisamprijavila tvitova. Ne draga, nisi ti kriva. Mi kao društvo smo krivi. Krivi smo što dozvoljavamo da se devojčice uče 'da su dečaci takvi i da je to normalno'. Odatle počinje.",tuga,2026-03-31T07:21:49.3746+00:00
ff121,20,21,1475156019256905736,"#NisamPrijavila jer sam imala oko 11 godina kada me je čovek u crnom pratio svakoga dana od muzičke škole pa do baleta,u sred dana.Odmah sam rekla roditeljima i od tada je tata dolazio i po mene i po drugarice.Tada su drugarice rekle da se to njima dogadja već neko vreme,",Emocionalno neutralno,2026-03-31T07:22:14.289039+00:00
ff121,20,22,1475147488021651456,"Treba imati snage... svaka čast i puna podrška za #NisamPrijavila !!!

Neka izgori sve što ionako nije zaslužilo biti više od tog pepela",bes,2026-03-31T07:22:22.11612+00:00
ff121,20,23,1475244623249428483,"Svaka cast ovim divnim damama na tw sto su podelile svoju ispovest na temu #nisamprijavila mozda se bar malo nesto pomeri vezano za zastitu zena... Hvala na hrabrosti, treba stisnuti petlju i reci, ne moze ni to svako👏👏👏",Ne mogu da razumem,2026-03-31T07:22:43.610396+00:00
ff121,20,24,1475529705394683906,@[user] Zahvaljujuci kampanji #NisamPrijavila saznaces. To i jeste cilj.,Ne mogu da razumem,2026-03-31T07:22:47.174908+00:00
ff121,20,25,1475614567980019718,"Danas čovjek u mom rodnom gradu ubio svou ženu sačmaricom pred djetetom, pa onda ubio sebe. Nije se mogao pomiriti s tim da ga je žena htjela ostaviti. Scena se dešavala i ranije ali nije prijavila. #NisamPrijavila",Ne mogu da razumem,2026-03-31T07:23:08.852002+00:00
ff121,20,26,1475173034818420747,"To što ti nijesi imao slična iskustva, ne znači da su priče iz #NisamPrijavila lažne. Budi srećan što nijesi i pruži podršku ovima što jesu",bes,2026-03-31T07:23:17.31669+00:00
ff121,20,27,1475068135673839623,"ujutru je doruckovao sa svima kao da se nista nije dogodilo. ja sam pokupila stvari, otisla kuci, izdvojila se iz tog drustva kompletno i potisnula sve sto se desilo. drugarici sam priznala tek godinama kasnije kada vise nije bila sa tim deckom. #NisamPrijavila",Ne mogu da razumem,2026-03-31T07:23:35.139112+00:00
ff121,20,28,1475247295927095298,"#nisamprijavila imala sam 17 godina, on 26.nevina glupa. On na hleb da ga mazes. Naravno krila sam od mame i tate da imam tako starijeg decka. Odlucim da raskinem i tu krecu pretnje kako ce doci na moju adresu ako istog trena ne dodjem u njegov kraj (zima, dva sata voznje)",strah,2026-03-31T07:23:54.41374+00:00
ff121,20,29,1475510423789182984,"Pisala sam ovde par puta svoja #NisamPrijavila 
Samo ću ovaj put dodati, da nismo mnogo pobegli od Nečiste krvi i ako je bila pre 100 god",tuga,2026-03-31T07:24:14.657119+00:00
ff121,20,30,1475050144261410819,Razbolela sam se čitajući #nisamprijavila,tuga,2026-03-31T07:24:18.620498+00:00
ff121,20,31,1475052677067386888,"Ovo #NisamPrijavila je tako mučno čitati, da mi se sve prevrće u stomaku.
Ne samo zato što imam ćerku, nego razmišljam jesam li i ja svojim ponašanjem ovako povredio nekog.",gađenje,2026-03-31T07:24:30.809839+00:00
ff121,20,32,1475422850295214080,"#NisamPrijavila jer je pobjegao prije nego sam mu uspjela vidjeti lice, jer ne znam tko je.",Emocionalno neutralno,2026-03-31T07:24:38.361112+00:00
ff121,20,33,1475374013186818048,"систем не верује ни мртвој жени, а камоли живој жени #NisamPrijavila",gađenje,2026-03-31T07:24:48.167408+00:00
ff121,20,34,1475159971423821834,"#nisamprijavila jer sam mislila da mogu sama sa njim da se izborim bez mesanja sebi bilskih ljudi. Nisam prijavila jer mi je pretio kako ce te iste meni bliske ljude da maltretira i sikanira. Godine su mi bile potrebne da izadjem iz tog pakla,posledice i dalje osecam...",strah,2026-03-31T07:24:58.935363+00:00
ff121,20,35,1475051403777351683,"sam ušla u taj auto. Moji nikada nisu saznali. Dečko me je ošamario jer sam ga ""iznervirala"" i iz te veze sam se izvukla i naravno #nisamprijavila",Ne mogu da razumem,2026-03-31T07:25:14.745571+00:00
ff121,20,36,1475549095796301828,"Prijavila sam.
Svaki put.
Nastavnika i profesora fizičkog koji su dirali učenice, nekoliko momaka svojih drugarica, drugaricinog šefa, likove koji su me spopadali kad sam radila u kafani, lika koji me je pipao u autobusu...
Nikog nije bilo briga.
#NisamPrijavila",tuga,2026-03-31T07:25:37.793103+00:00
ff121,20,37,1475563482904989701,USKOK i Gabika Žalac takođe podržavaju #NisamPrijavila,Ne mogu da razumem,2026-03-31T07:25:42.719637+00:00
ff121,20,38,1475121835956224005,#NisamPrijavila jer ne znam ni odakle da počnem. Mlađi dani su i dalje bolna tačka i jer tada nisam znala,tuga,2026-03-31T07:25:49.130975+00:00
ff121,20,39,1475493284999016451,"Nakon masovnih, jezivih, ispovesti pod #NisamPrijavila upućujem poziv našim POLICAJCIMA.
Neke od tih žena mogu biti vaše majke ili sestre ili ćerke...
Elem, želim da vas ohrabrim da vi pod npr #NisamReagovao opišete zašto ne radite svoj posao, ko vas plaši-ugrožava. Ako ste časni",bes,2026-03-31T07:26:04.477819+00:00
ff121,20,40,1475349494497779712,#NisamPrijavila znaci naklon do dole na site...,Ne mogu da razumem,2026-03-31T07:26:09.355098+00:00
ff121,20,41,1475401192276639745,"@[user] Trenutni tragi-komičan sastav ne može ništa da shvati, osim da ponavljaju kao papagaji naručene floskule #NisamPrijavila A šta ćemo sa bunga-bunga žurkama i Palmom i ostalim učesnicima zabava? Tu aferu bi trebalo pogurati.",Ne mogu da razumem,2026-03-31T07:26:20.474177+00:00
ff121,20,42,1475053233638977537,"#nisamprijavila da me je pokrao i uz to mi i ostao dužan izvjesnu sumu novca,jer me bilo sramota njegove sramote,al sam odmah šutnula raspada ljudskog
A onda sam poslije svega,kao što to obično biva,saznala za iste scenarije s bivšim mu đevojkama,koje su potpuno ok i na mjestu",bes,2026-03-31T07:26:37.355553+00:00
ff121,20,43,1475071218319564801,"Meni je ubedljivo najtužnije sa ovom #NisamPrijavila pričom što i da jesu prijavile institucije verovatno ne bi uradile ništa, i to je najveći poraz ove države. Žene to znaju i zato i ne prijavljuju.",tuga,2026-03-31T07:26:47.393279+00:00
ff121,20,44,1475379633839349763,"Zbog svih ovih #nisamprijavila priča, i zbog sopstvenog iskustva koje #NisamPrijavila jer sam debilu na prvu pokazala zube i poslala ga mami na prevaspitavanje, nikada neću da se udam ili vežem za nekog jer sam prestravljena na kakvu budaletinu mogu da naletim. 👇",bes,2026-03-31T07:27:05.960449+00:00
ff121,20,45,1475626463575658502,"#NisamPrijavila  psihičko maltretiranje koje trpim ceo život manje više od strane kojekakvih  ""mudonja""",Emocionalno neutralno,2026-03-31T07:27:11.793534+00:00
ff121,20,46,1475034666889535490,"Čitamo #NisamPrijavila i kažemo svim ženama da im verujemo, da su veće od traume koje su doživele. Stvorićemo društvo gde su žene bezbedne i slobodne. Jak ženski glas će srušiti ovaj sistem koji nam ne dozvoljava da razvijemo sve svoje kapacitete.",poverenje,2026-03-31T07:27:26.019219+00:00
ff121,20,47,1475501422540120064,"#NisamPrijavila jer sam mislila da je ovo normalno. Nisam prijavila jer sam mislila da hoce da mi pomogne.
Nisam prijavila jer sam verovala svojoj porodici.",iznenađenje,2026-03-31T07:27:38.869254+00:00
ff121,20,48,1475159443927142400,#Nisamprijavila me toliko istrigerovao da ne mogu da dočekam sutrašnji termin terapije da izvrištim to iz sebe,bes,2026-03-31T07:28:05.348557+00:00
ff121,20,49,1475450767469387776,"#NisamPrijavila je poraz našeg društva!Žrtve nasilja nemaju povjerenja u institucije, koje bi trebalo da nas štite od nasilja,mali broj žena koje prijavi nasilje izložen je dodatnom institucionalnom nasilju.

Drage žene i djevojke važno je da ste progovorile
#ŠutnjaNasNeŠtiti",bes,2026-03-31T07:28:25.325409+00:00
ff122,21,0,1475100434650263557,"Читам #nisamprijavila ознаку, подсећам се колико психопата, манијака чучи у наизглед допадљивим, пријатним, успешним људима
Језиво...",iznenađenje,2026-03-31T07:16:19.646075+00:00
ff122,21,1,1475369498953891842,"#NisamPrijavila kada je nastavnik iz srpskog u 7. osnovne izvređao nas, devojčice, a nekima lupio i šamare jer smo imale kratku kosu i repiće pozadi i sa strane. Jednoj je i odsekao repić na času. Ta devojčica je nakon toga promenila školu. Nama, ostalima, je to bilo normalno.",gađenje,2026-03-31T07:17:01.098292+00:00
ff122,21,2,1475355789011398660,"Vec sam jednom pisala ovde o tome, #NisamPrijavila jer me je bilo sramota. Komsija, ugledan clan drustva koji voli da dodiruje tinejdzerke.",bes,2026-03-31T07:17:29.46889+00:00
ff122,21,3,1475174625520852994,"Žene koje nemate šta da prijavite, ipak podržite #nisamprijavila jer ako nisi ti doživela otkud znaš da nije tvoja mama, baba, sestra, kuma, ćerka. Otkud znaš da neće? 
A ove koje lajkaju morone, nećete se udati jadne ako ih podržavate. Naučite se na bolje.",gađenje,2026-03-31T07:17:59.484512+00:00
ff122,21,4,1475487121725140998,Cekali su me to vece na stanici Novi Beograd i istog momenta odveli u policiju…i hvala im zauvek na tome jer podrska roditelja je navaznija u tim godinama…A on je bio kondukter u vozu Novi Sad-Beograd i mislim da cu se uvek secati tog straha….#NisamPrijavila,poverenje,2026-03-31T07:18:19.219262+00:00
ff122,21,5,1479540201236189189,@[user] Citam i ne verujem sta citam. A uglavnom to pisu isti oni koji su nedavno pisali sasvim suprotno uz #nisamprijavila Glavni argument im je i ona je maltretirala i pljuvala mnoge. Pa uglavnom nesrecni ljudi tako i lece svoje frustracije. Da ne verujes sta ljudi pisu.,gađenje,2026-03-31T07:18:46.723596+00:00
ff122,21,6,1479114014793764868,"@[user] Dačo svaka ti je kao u Njegoša. Mislio sam baš da idem na proteste ali me nekako više boli #nisamprijavila, Igor Jurić i šta rade njegovom pokojnom detetu, Rio Tinto, i tako u nedogled...",tuga,2026-03-31T07:19:18.332995+00:00
ff122,21,7,1475483842744143875,"Svi ovi #NisamPrijavila tvitovi i stvari zbog kojih ni majka ni ja nismo prijavile su mi vetar u leđa da završim studije i, nadam se, donesem malo pravde ženama i ovoj mučenoj zemlji
Do tad samo acab",iščekivanje,2026-03-31T07:19:32.134895+00:00
ff122,21,8,1475180108021485568,"#NisamPrijavila jer mi je mama rekla da nema novca da se odvojimo od nasilnog oca, jer je rekla da će moja baka i moj deka biti razočarani i tužni čak i ako su znali za sve, jer sam bila uplašena, jer sam bila još ""dete koje ništa ne zna""...",strah,2026-03-31T07:19:46.513753+00:00
ff122,21,9,1475164455147380745,#NisamPrijavila jer sam policajac. Žene policajce valjda muževi ne tuku. Ili samo u to ni jedna institucija u ovoj zemlji ne veruje.,tuga,2026-03-31T07:20:15.164423+00:00
ff122,21,10,1475107204919353347,"@[user] Vreme je da prijavimo, makar na hashtagu #nisamprijavila kako bi se video obim ovog problema. Mnogi na #caosvima su anonimni, vecinom zene, tako da ko zeli moze da ovde da prijavi. Da otvorim svojom pricom 👇👇",iščekivanje,2026-03-31T07:20:42.904996+00:00
ff122,21,11,1475047002086035459,Ako nakon pokretanja #NisamPrijavila ne usledi naše preispitivanje zašto #NisamPrimetio i zašto institucije #NisuReagovale onda je definitivno problem u nama.,gađenje,2026-03-31T07:21:06.264669+00:00
ff122,21,12,1475076604158226435,toliko se divim svim ženama koje su tvitovale #NisamPrijavila,iščekivanje,2026-03-31T07:21:13.728008+00:00
ff122,21,13,1475119675386249221,#NisamPrijavila jer mi je bilo 8 godina i on je bio moj otac.,tuga,2026-03-31T07:21:20.533789+00:00
ff122,21,14,1475510636553641986,"#NisamPrijavila jer se desilo kad san bila dosta mala, 5-6 godina. Nisan imala pojma sta se tad desilo, meni se činilo da je to sta mi je on (didov rođak, sad vec mrtav možda 10-ak god.) napravija normalno. On mi je na katu u sobi nešto u početku pokaziva, dok su moja mater i /",tuga,2026-03-31T07:21:46.736829+00:00
ff122,21,15,1475393481086574598,"#NisamPrijavila Bila je noć, kafana, malo se popilo. Igrala sam sa njegovim drugom, sela, povukao me za kosu, na kvarno udario u vilicu. Ustao i ko pička pobegao. Otišla sam kući, popričala sa prijateljima. Otišla na pregled, prijavila ga. Dobio zabranu prilaska",bes,2026-03-31T07:22:09.570493+00:00
ff122,21,16,1476734211876958218,@[user] Retaaard kad je napisao pre par dana #nisamprijavila nisam mogla da verujem sta poredi budaletina!! Teraj to u kurac bolesnik!,bes,2026-03-31T07:22:22.131516+00:00
ff122,21,17,1475251300161961994,"@[user] Pitam se samo odakle pravo da se ukljucuju na #NisamPrijavila svi oni koji su po medijima razvlacili glumice koje su prijavile “uticajne” likove…
Dvojni moral bez morala!",gađenje,2026-03-31T07:22:44.630865+00:00
ff122,21,18,1477776149988225025,"Veceras smo culi dosta korisnih saveta, drugaciji je spejs bio od prethodnog. Nastavicemo da se bavimo ovom temom i dalje. Hvala svima koji su ucestvovali, podelili svoju pricu, savet ili samo slusali.
#NisamPrijavila
#nisisama",poverenje,2026-03-31T07:22:57.98557+00:00
ff122,21,19,1475490333278576641,@[user] @[user] Nažalost ovo je jedini način jer da se nije oglasila sestra ove devojke i ona bi bila samo još jedna u nizu #nisamprijavila ....,poverenje,2026-03-31T07:23:14.231931+00:00
ff122,21,20,1475270232625319937,#NisamPrijavila jer nisam prepoznala seksualno zlostavljanje,iznenađenje,2026-03-31T07:23:20.679321+00:00
ff122,21,21,1475526091896991750,"Nikada #NisamPrijavila psihičko zlostavljanje od strane mog zeta kada sam imala svega 8 godina, a kasnije kada sam bila u pubertetu komentariao moje noge. Koji je moju sestru nasilno odvojio od naše porodice, za kog smo čuli da ju je maltretirao.",tuga,2026-03-31T07:23:51.324214+00:00
ff122,21,22,1475172397473013760,upravo citam #NisamPrijavila i ne mogu da vjerujem kroz sta zene prolaze divim se svakoj ikad❤️,radost,2026-03-31T07:24:00.212184+00:00
ff122,21,23,1475536725531320321,"#nisamprijavila razmišljam koliko je žena ovde iskusilo i videlo dečake u osnovnoj školi kako savatavaju devojčice/zadižu im suknje, majice. Koliko ih je bilo kažnjeno? Koliko su čule ""to su dečaci, proći će ih"" i ""ne bi te dirali da nisi lepa"" tokom odrastanja.
Učimo dečake da",gađenje,2026-03-31T07:24:22.372366+00:00
ff122,21,24,1476606761104814091,"Nije pitanje zasto #NisamPrijavila, nego je pitanje ima li itko dobro iskustvo s prijavom da bar jednom cujemo da se isplatila. Svaka cast žene!",radost,2026-03-31T07:24:36.587269+00:00
ff122,21,25,1475184248520949761,"#NisamPrijavila 
Čitam tvitove, šokiran sam i besan. Ali onda naletim na trule priče gde je neko nekog ružno gledao u busu itd. Nemojte čisto da biste nešto napisali da pišete gluposti i time jebeno obesmišljavate ceo ovaj pokret. Ovo je ozbiljno i zna se na šta se ovo odnosi.",bes,2026-03-31T07:25:07.796941+00:00
ff122,21,26,1475416141090758664,"Postoji li jedna iskrena inicijativa, kojoh je cilj samo pomoć/korist za neku grupaciju i ne sadrži direktan napad na Srbiju i/ili SPC,
a da je u njoj učestvovala Staša #NisamPrijavila Zajević?",bes,2026-03-31T07:25:36.872304+00:00
ff122,21,27,1475439922043572229,"#NisamPrijavila bezbroj puta, ali JESAM PRIJAVILA nedavno ljigave nasilno-seksističke komentare na radnom mjestu.  Uz malo oklijevanja, oformljena je komisija i ljigavcu izrečena opomena i naloženo da mi se izvini - primjereno nedjelu.  MEĐUTIM, u zapisnik komisije uvrštene su...",poverenje,2026-03-31T07:26:04.901207+00:00
ff122,21,28,1475036401125236736,@[user] Prvi tvit za #NisamPrijavila je postavljen pre manje od 24h. Još gore.,tuga,2026-03-31T07:26:19.131991+00:00
ff122,21,29,1475112441210146816,"@[user] @[user] #NisamPrijavila  dečka s kojim sam bila 3 godine (17-20) Psihički me zlostavljao, vrijeđao, kontrolirao.. kad sam napokon skupila snage i hrabrosti da odem uhvatio me toliko jako za ruke da su mi ostale modrice, samo da ne odem, sigurna sam da sam da bi me i udario da sam ostala.",strah,2026-03-31T07:26:38.597036+00:00
ff122,21,30,1475018934101417985,"#nisamprijavila Savet muškarcima: čitajte, ali nemojte da se pretvarate da ste razumeli. Niste. Nekoliko hiljada godina smo učeni da ne razumemo. Ne postavljajmo glupa i suvišna pitanja, samo im pružimo podršku uvek i svugde.",poverenje,2026-03-31T07:26:59.7134+00:00
ff122,21,31,1475462058686750724,"Vidim da se #nisamprijavila u kratkom roku pretvorilo dobrim delom u ,,kulturni rat"" - diskusije o srpstvu, patrijarhatu, kakav je profil onih koji relativizuju ili propagiraju hešteg, bla bla bla. Svaka čast na potpunom promšaju poente, stvarno. A da se fokusiramo na bitne",bes,2026-03-31T07:27:23.67793+00:00
ff122,21,32,1475160096221052928,"Važne su kampanje #NisamPrijavila, ali one su kratkog daha. Treba svaki dan hrabro ići kroz život, ne dati na sebe, prijavljivati nasilje, bodriti zastrašene i uplašene. Svaki dan je prilika da budemo ljudi.",iščekivanje,2026-03-31T07:27:38.212806+00:00
ff122,21,33,1475241591631720450,"čitajući #nisamprijavila iskustva i zbog same činjenice da su mnogobrojna, poželim apsolutnu izolaciju od dodira ostatak života",gađenje,2026-03-31T07:27:53.060759+00:00
ff122,21,34,1475748993569275906,"@[user] Strašno je kad između #prijavilasam i #NisamPrijavila...gotovo da nema razlike. E, to je opasno.",tuga,2026-03-31T07:28:02.748398+00:00
ff122,21,35,1476286311971622915,@[user] Ovo je uzas na kugli zemaljskoj. 😔  #NisamPrijavila,tuga,2026-03-31T07:28:09.587872+00:00
ff122,21,36,1475044982021136384,"#NisamPrijavila prijavljujte sve, jer Vaše prijave znače mnogo!",iščekivanje,2026-03-31T07:28:17.916109+00:00
ff122,21,37,1475360693897605123,"#NisamPrijavila jer su mi rekli da nemam pravo, jer sam sigurno necim sama izazvala, jer je to tako bilo oduvijek, jer samo luda osoba zeli unistit obitelj covjeku, jer sam krivo shvatila,..
#NisamPrijavila jer zivim u Hrvatskoj u 21. stoljecu.",bes,2026-03-31T07:28:34.949315+00:00
ff122,21,38,1475553974879203330,"I dalje se ježim na #nisamprijavila tvitove.

Svoj ne smem ni da napišem!",gađenje,2026-03-31T07:28:41.680224+00:00
ff122,21,39,1475121148463562752,"@[user] Sa svakim novim #nisamprijavila tvitom raste bes u meni, bes što nisam bio u prilici da sprečim, bes zbog nemoći da pomognem. Želim da se više nikome ne dogodi, i da podrška nikad ne izostane, i ako nešto znači, želim da znaš da više nisi sama, sad imaš nas. Srce i podrška!❤❤❤",poverenje,2026-03-31T07:28:55.568118+00:00
ff122,21,40,1475715261072396292,"Zašto žene čekaju?
""Žene ne čekaju, naša kultura ih ne čuje""  A.M.

#NisamPrijavila",bes,2026-03-31T07:29:04.30803+00:00
ff122,21,41,1475204685355270149,bože čitam #nisamprijavila i plačem,tuga,2026-03-31T07:29:07.093689+00:00
ff122,21,42,1476236288810496009,"Kasno uveče čujem kako je sa jedne strane sobe vuče na drugu. Ona zapomaže sa poda, čujem jer je tik uz plafon, u ćošku. Nije prvi put da policija izlazi na teren. Sve komšije čuju. Prijavila sam, ali ništa....
#NisamPrijavila",tuga,2026-03-31T07:29:20.847911+00:00
ff122,21,43,1475219214956994562,"#NisamPrijavila kad me oženjeni kum moje drugarice napao u kolima posle njihove slave. Vozio nas troje kući, ja ostala poslednja  (jbg Jerković). Dok mi je gurao glavu ka svom međunožju, lupila ga štiklom među oči i pobegla. Otišla kući hramajući preko Plavog mosta bez cipele.",gađenje,2026-03-31T07:29:43.426549+00:00
ff122,21,44,1479450491213996038,"@[user] licemerno je što su do pre dve nedelje podržavali #nisamprijavila, a sad odjednom krive ženu samo zato što je poznata ličnost koju ne vole",bes,2026-03-31T07:29:58.909528+00:00
ff122,21,45,1475062935504531461,"#NisamPrijavila - sa posledicama trauma,  preživele/i seksualnog nasilja nose se godinama. Obezbediti sistemsku podršku, uključujući i širenje mreže psihosocijalne podrške u zajednici, od krucijalne je važnosti. 
#mentalnozdravlje #podrška #nisisama #nisisam",poverenje,2026-03-31T07:30:09.402616+00:00
ff122,21,46,1475437184572444677,"#NisamPrijavila jer je manipulator koji uvijek pričom pridobije ljude na svoju stranu. Ili jer su mu roditelji važni ljudi u gradu.
Šutila sam jer kad zamislim da moja majka zna osjetim koliko bi je bolilo. Uz sve probleme u životu koje ima, ja sam pred njom uvijek bila sretna...",strah,2026-03-31T07:30:24.285179+00:00
ff122,21,47,1475196040055824384,"Kada jesam prijavila, prvo pitanje u policiji je bilo “A čime ste ga izazvali, nemoguće da je iz čista mira!?” Zato, #NisamPrijavila jeste uobičajeno kod nas, ali i jako poražavajuće. Moj problem je bio majušan u odnosu na ovo što sada isplivava. Tužan smo mi narod. I glup. 😞",bes,2026-03-31T07:30:38.153708+00:00
ff122,21,48,1475163274358538246,пуни љубави шаљем мојим девојкама. #NisamPrijavila ❤️,radost,2026-03-31T07:30:44.590585+00:00
ff122,21,49,1475172336580108296,"Dok čitam sve ove  #NisamPrijavila priče, prisećam se prošlosti, za koju mi je trebalo dosta vremena da je potisnem negde, saosećam se sa svim devojkama/ženama, ali isto tako i muškarcima koji prolaze kroz bilo kakvo nasilje, bilo to fizičko ili psihičko isto je!❤️",tuga,2026-03-31T07:30:52.276313+00:00
ff123,21,0,1475100434650263557,"Читам #nisamprijavila ознаку, подсећам се колико психопата, манијака чучи у наизглед допадљивим, пријатним, успешним људима
Језиво...",strah,2026-03-31T07:16:19.97392+00:00
ff123,21,1,1475369498953891842,"#NisamPrijavila kada je nastavnik iz srpskog u 7. osnovne izvređao nas, devojčice, a nekima lupio i šamare jer smo imale kratku kosu i repiće pozadi i sa strane. Jednoj je i odsekao repić na času. Ta devojčica je nakon toga promenila školu. Nama, ostalima, je to bilo normalno.",Ne mogu da razumem,2026-03-31T07:17:30.637169+00:00
ff123,21,2,1475355789011398660,"Vec sam jednom pisala ovde o tome, #NisamPrijavila jer me je bilo sramota. Komsija, ugledan clan drustva koji voli da dodiruje tinejdzerke.",strah,2026-03-31T07:18:10.31391+00:00
ff123,21,3,1475174625520852994,"Žene koje nemate šta da prijavite, ipak podržite #nisamprijavila jer ako nisi ti doživela otkud znaš da nije tvoja mama, baba, sestra, kuma, ćerka. Otkud znaš da neće? 
A ove koje lajkaju morone, nećete se udati jadne ako ih podržavate. Naučite se na bolje.",gađenje,2026-03-31T07:18:44.942208+00:00
ff123,21,4,1475487121725140998,Cekali su me to vece na stanici Novi Beograd i istog momenta odveli u policiju…i hvala im zauvek na tome jer podrska roditelja je navaznija u tim godinama…A on je bio kondukter u vozu Novi Sad-Beograd i mislim da cu se uvek secati tog straha….#NisamPrijavila,poverenje,2026-03-31T07:19:07.901408+00:00
ff123,21,5,1479540201236189189,@[user] Citam i ne verujem sta citam. A uglavnom to pisu isti oni koji su nedavno pisali sasvim suprotno uz #nisamprijavila Glavni argument im je i ona je maltretirala i pljuvala mnoge. Pa uglavnom nesrecni ljudi tako i lece svoje frustracije. Da ne verujes sta ljudi pisu.,iznenađenje,2026-03-31T07:19:41.280375+00:00
ff123,21,6,1479114014793764868,"@[user] Dačo svaka ti je kao u Njegoša. Mislio sam baš da idem na proteste ali me nekako više boli #nisamprijavila, Igor Jurić i šta rade njegovom pokojnom detetu, Rio Tinto, i tako u nedogled...",tuga,2026-03-31T07:19:52.568783+00:00
ff123,21,7,1475483842744143875,"Svi ovi #NisamPrijavila tvitovi i stvari zbog kojih ni majka ni ja nismo prijavile su mi vetar u leđa da završim studije i, nadam se, donesem malo pravde ženama i ovoj mučenoj zemlji
Do tad samo acab",iščekivanje,2026-03-31T07:20:03.171013+00:00
ff123,21,8,1475180108021485568,"#NisamPrijavila jer mi je mama rekla da nema novca da se odvojimo od nasilnog oca, jer je rekla da će moja baka i moj deka biti razočarani i tužni čak i ako su znali za sve, jer sam bila uplašena, jer sam bila još ""dete koje ništa ne zna""...",strah,2026-03-31T07:20:18.803325+00:00
ff123,21,9,1475164455147380745,#NisamPrijavila jer sam policajac. Žene policajce valjda muževi ne tuku. Ili samo u to ni jedna institucija u ovoj zemlji ne veruje.,strah,2026-03-31T07:20:27.564106+00:00
ff123,21,10,1475107204919353347,"@[user] Vreme je da prijavimo, makar na hashtagu #nisamprijavila kako bi se video obim ovog problema. Mnogi na #caosvima su anonimni, vecinom zene, tako da ko zeli moze da ovde da prijavi. Da otvorim svojom pricom 👇👇",iščekivanje,2026-03-31T07:20:49.89087+00:00
ff123,21,11,1475047002086035459,Ako nakon pokretanja #NisamPrijavila ne usledi naše preispitivanje zašto #NisamPrimetio i zašto institucije #NisuReagovale onda je definitivno problem u nama.,bes,2026-03-31T07:21:11.394152+00:00
ff123,21,12,1475076604158226435,toliko se divim svim ženama koje su tvitovale #NisamPrijavila,radost,2026-03-31T07:21:29.559926+00:00
ff123,21,13,1475119675386249221,#NisamPrijavila jer mi je bilo 8 godina i on je bio moj otac.,strah,2026-03-31T07:21:39.943786+00:00
ff123,21,14,1475510636553641986,"#NisamPrijavila jer se desilo kad san bila dosta mala, 5-6 godina. Nisan imala pojma sta se tad desilo, meni se činilo da je to sta mi je on (didov rođak, sad vec mrtav možda 10-ak god.) napravija normalno. On mi je na katu u sobi nešto u početku pokaziva, dok su moja mater i /",Ne mogu da razumem,2026-03-31T07:22:21.433993+00:00
ff123,21,15,1475393481086574598,"#NisamPrijavila Bila je noć, kafana, malo se popilo. Igrala sam sa njegovim drugom, sela, povukao me za kosu, na kvarno udario u vilicu. Ustao i ko pička pobegao. Otišla sam kući, popričala sa prijateljima. Otišla na pregled, prijavila ga. Dobio zabranu prilaska",gađenje,2026-03-31T07:22:41.685535+00:00
ff123,21,16,1476734211876958218,@[user] Retaaard kad je napisao pre par dana #nisamprijavila nisam mogla da verujem sta poredi budaletina!! Teraj to u kurac bolesnik!,bes,2026-03-31T07:22:56.824109+00:00
ff123,21,17,1475251300161961994,"@[user] Pitam se samo odakle pravo da se ukljucuju na #NisamPrijavila svi oni koji su po medijima razvlacili glumice koje su prijavile “uticajne” likove…
Dvojni moral bez morala!",gađenje,2026-03-31T07:23:10.122523+00:00
ff123,21,18,1477776149988225025,"Veceras smo culi dosta korisnih saveta, drugaciji je spejs bio od prethodnog. Nastavicemo da se bavimo ovom temom i dalje. Hvala svima koji su ucestvovali, podelili svoju pricu, savet ili samo slusali.
#NisamPrijavila
#nisisama",poverenje,2026-03-31T07:23:23.087099+00:00
ff123,21,19,1475490333278576641,@[user] @[user] Nažalost ovo je jedini način jer da se nije oglasila sestra ove devojke i ona bi bila samo još jedna u nizu #nisamprijavila ....,tuga,2026-03-31T07:23:37.04321+00:00
ff123,21,20,1475270232625319937,#NisamPrijavila jer nisam prepoznala seksualno zlostavljanje,Ne mogu da razumem,2026-03-31T07:23:43.323437+00:00
ff123,21,21,1475526091896991750,"Nikada #NisamPrijavila psihičko zlostavljanje od strane mog zeta kada sam imala svega 8 godina, a kasnije kada sam bila u pubertetu komentariao moje noge. Koji je moju sestru nasilno odvojio od naše porodice, za kog smo čuli da ju je maltretirao.",Ne mogu da razumem,2026-03-31T07:24:07.463464+00:00
ff123,21,22,1475172397473013760,upravo citam #NisamPrijavila i ne mogu da vjerujem kroz sta zene prolaze divim se svakoj ikad❤️,iznenađenje,2026-03-31T07:24:15.571818+00:00
ff123,21,23,1475536725531320321,"#nisamprijavila razmišljam koliko je žena ovde iskusilo i videlo dečake u osnovnoj školi kako savatavaju devojčice/zadižu im suknje, majice. Koliko ih je bilo kažnjeno? Koliko su čule ""to su dečaci, proći će ih"" i ""ne bi te dirali da nisi lepa"" tokom odrastanja.
Učimo dečake da",gađenje,2026-03-31T07:24:36.186248+00:00
ff123,21,24,1476606761104814091,"Nije pitanje zasto #NisamPrijavila, nego je pitanje ima li itko dobro iskustvo s prijavom da bar jednom cujemo da se isplatila. Svaka cast žene!",strah,2026-03-31T07:24:46.689764+00:00
ff123,21,25,1475184248520949761,"#NisamPrijavila 
Čitam tvitove, šokiran sam i besan. Ali onda naletim na trule priče gde je neko nekog ružno gledao u busu itd. Nemojte čisto da biste nešto napisali da pišete gluposti i time jebeno obesmišljavate ceo ovaj pokret. Ovo je ozbiljno i zna se na šta se ovo odnosi.",bes,2026-03-31T07:25:13.16811+00:00
ff123,21,26,1475416141090758664,"Postoji li jedna iskrena inicijativa, kojoh je cilj samo pomoć/korist za neku grupaciju i ne sadrži direktan napad na Srbiju i/ili SPC,
a da je u njoj učestvovala Staša #NisamPrijavila Zajević?",Emocionalno neutralno,2026-03-31T07:25:27.529868+00:00
ff123,21,27,1475439922043572229,"#NisamPrijavila bezbroj puta, ali JESAM PRIJAVILA nedavno ljigave nasilno-seksističke komentare na radnom mjestu.  Uz malo oklijevanja, oformljena je komisija i ljigavcu izrečena opomena i naloženo da mi se izvini - primjereno nedjelu.  MEĐUTIM, u zapisnik komisije uvrštene su...",bes,2026-03-31T07:26:51.01384+00:00
ff123,21,28,1475036401125236736,@[user] Prvi tvit za #NisamPrijavila je postavljen pre manje od 24h. Još gore.,Ne mogu da razumem,2026-03-31T07:27:00.560748+00:00
ff123,21,29,1475112441210146816,"@[user] @[user] #NisamPrijavila  dečka s kojim sam bila 3 godine (17-20) Psihički me zlostavljao, vrijeđao, kontrolirao.. kad sam napokon skupila snage i hrabrosti da odem uhvatio me toliko jako za ruke da su mi ostale modrice, samo da ne odem, sigurna sam da sam da bi me i udario da sam ostala.",strah,2026-03-31T07:27:37.951225+00:00
ff123,21,30,1475018934101417985,"#nisamprijavila Savet muškarcima: čitajte, ali nemojte da se pretvarate da ste razumeli. Niste. Nekoliko hiljada godina smo učeni da ne razumemo. Ne postavljajmo glupa i suvišna pitanja, samo im pružimo podršku uvek i svugde.",poverenje,2026-03-31T07:27:53.594428+00:00
ff123,21,31,1475462058686750724,"Vidim da se #nisamprijavila u kratkom roku pretvorilo dobrim delom u ,,kulturni rat"" - diskusije o srpstvu, patrijarhatu, kakav je profil onih koji relativizuju ili propagiraju hešteg, bla bla bla. Svaka čast na potpunom promšaju poente, stvarno. A da se fokusiramo na bitne",bes,2026-03-31T07:28:18.156966+00:00
ff123,21,32,1475160096221052928,"Važne su kampanje #NisamPrijavila, ali one su kratkog daha. Treba svaki dan hrabro ići kroz život, ne dati na sebe, prijavljivati nasilje, bodriti zastrašene i uplašene. Svaki dan je prilika da budemo ljudi.",iščekivanje,2026-03-31T07:28:35.573351+00:00
ff123,21,33,1475241591631720450,"čitajući #nisamprijavila iskustva i zbog same činjenice da su mnogobrojna, poželim apsolutnu izolaciju od dodira ostatak života",strah,2026-03-31T07:28:49.851621+00:00
ff123,21,34,1475748993569275906,"@[user] Strašno je kad između #prijavilasam i #NisamPrijavila...gotovo da nema razlike. E, to je opasno.",strah,2026-03-31T07:28:55.961035+00:00
ff123,21,35,1476286311971622915,@[user] Ovo je uzas na kugli zemaljskoj. 😔  #NisamPrijavila,tuga,2026-03-31T07:29:06.400194+00:00
ff123,21,36,1475044982021136384,"#NisamPrijavila prijavljujte sve, jer Vaše prijave znače mnogo!",iščekivanje,2026-03-31T07:29:14.00866+00:00
ff123,21,37,1475360693897605123,"#NisamPrijavila jer su mi rekli da nemam pravo, jer sam sigurno necim sama izazvala, jer je to tako bilo oduvijek, jer samo luda osoba zeli unistit obitelj covjeku, jer sam krivo shvatila,..
#NisamPrijavila jer zivim u Hrvatskoj u 21. stoljecu.",strah,2026-03-31T07:29:41.048105+00:00
ff123,21,38,1475553974879203330,"I dalje se ježim na #nisamprijavila tvitove.

Svoj ne smem ni da napišem!",strah,2026-03-31T07:29:43.832356+00:00
ff123,21,39,1475121148463562752,"@[user] Sa svakim novim #nisamprijavila tvitom raste bes u meni, bes što nisam bio u prilici da sprečim, bes zbog nemoći da pomognem. Želim da se više nikome ne dogodi, i da podrška nikad ne izostane, i ako nešto znači, želim da znaš da više nisi sama, sad imaš nas. Srce i podrška!❤❤❤",bes,2026-03-31T07:29:52.113242+00:00
ff123,21,40,1475715261072396292,"Zašto žene čekaju?
""Žene ne čekaju, naša kultura ih ne čuje""  A.M.

#NisamPrijavila",bes,2026-03-31T07:30:00.769504+00:00
ff123,21,41,1475204685355270149,bože čitam #nisamprijavila i plačem,tuga,2026-03-31T07:30:03.342262+00:00
ff123,21,42,1476236288810496009,"Kasno uveče čujem kako je sa jedne strane sobe vuče na drugu. Ona zapomaže sa poda, čujem jer je tik uz plafon, u ćošku. Nije prvi put da policija izlazi na teren. Sve komšije čuju. Prijavila sam, ali ništa....
#NisamPrijavila",gađenje,2026-03-31T07:30:28.297456+00:00
ff123,21,43,1475219214956994562,"#NisamPrijavila kad me oženjeni kum moje drugarice napao u kolima posle njihove slave. Vozio nas troje kući, ja ostala poslednja  (jbg Jerković). Dok mi je gurao glavu ka svom međunožju, lupila ga štiklom među oči i pobegla. Otišla kući hramajući preko Plavog mosta bez cipele.",strah,2026-03-31T07:30:48.112583+00:00
ff123,21,44,1479450491213996038,"@[user] licemerno je što su do pre dve nedelje podržavali #nisamprijavila, a sad odjednom krive ženu samo zato što je poznata ličnost koju ne vole",gađenje,2026-03-31T07:31:02.46252+00:00
ff123,21,45,1475062935504531461,"#NisamPrijavila - sa posledicama trauma,  preživele/i seksualnog nasilja nose se godinama. Obezbediti sistemsku podršku, uključujući i širenje mreže psihosocijalne podrške u zajednici, od krucijalne je važnosti. 
#mentalnozdravlje #podrška #nisisama #nisisam",iščekivanje,2026-03-31T07:31:10.450514+00:00
ff123,21,46,1475437184572444677,"#NisamPrijavila jer je manipulator koji uvijek pričom pridobije ljude na svoju stranu. Ili jer su mu roditelji važni ljudi u gradu.
Šutila sam jer kad zamislim da moja majka zna osjetim koliko bi je bolilo. Uz sve probleme u životu koje ima, ja sam pred njom uvijek bila sretna...",strah,2026-03-31T07:31:27.28534+00:00
ff123,21,47,1475196040055824384,"Kada jesam prijavila, prvo pitanje u policiji je bilo “A čime ste ga izazvali, nemoguće da je iz čista mira!?” Zato, #NisamPrijavila jeste uobičajeno kod nas, ali i jako poražavajuće. Moj problem je bio majušan u odnosu na ovo što sada isplivava. Tužan smo mi narod. I glup. 😞",tuga,2026-03-31T07:31:38.72935+00:00
ff123,21,48,1475163274358538246,пуни љубави шаљем мојим девојкама. #NisamPrijavila ❤️,poverenje,2026-03-31T07:31:44.483629+00:00
ff123,21,49,1475172336580108296,"Dok čitam sve ove  #NisamPrijavila priče, prisećam se prošlosti, za koju mi je trebalo dosta vremena da je potisnem negde, saosećam se sa svim devojkama/ženama, ali isto tako i muškarcima koji prolaze kroz bilo kakvo nasilje, bilo to fizičko ili psihičko isto je!❤️",poverenje,2026-03-31T07:32:00.866546+00:00
ff124,21,0,1475100434650263557,"Читам #nisamprijavila ознаку, подсећам се колико психопата, манијака чучи у наизглед допадљивим, пријатним, успешним људима
Језиво...",gađenje,2026-03-31T07:15:57.611454+00:00
ff124,21,1,1475369498953891842,"#NisamPrijavila kada je nastavnik iz srpskog u 7. osnovne izvređao nas, devojčice, a nekima lupio i šamare jer smo imale kratku kosu i repiće pozadi i sa strane. Jednoj je i odsekao repić na času. Ta devojčica je nakon toga promenila školu. Nama, ostalima, je to bilo normalno.",strah,2026-03-31T07:16:18.980536+00:00
ff124,21,2,1475355789011398660,"Vec sam jednom pisala ovde o tome, #NisamPrijavila jer me je bilo sramota. Komsija, ugledan clan drustva koji voli da dodiruje tinejdzerke.",strah,2026-03-31T07:16:43.824612+00:00
ff124,21,3,1475174625520852994,"Žene koje nemate šta da prijavite, ipak podržite #nisamprijavila jer ako nisi ti doživela otkud znaš da nije tvoja mama, baba, sestra, kuma, ćerka. Otkud znaš da neće? 
A ove koje lajkaju morone, nećete se udati jadne ako ih podržavate. Naučite se na bolje.",bes,2026-03-31T07:16:59.265487+00:00
ff124,21,4,1475487121725140998,Cekali su me to vece na stanici Novi Beograd i istog momenta odveli u policiju…i hvala im zauvek na tome jer podrska roditelja je navaznija u tim godinama…A on je bio kondukter u vozu Novi Sad-Beograd i mislim da cu se uvek secati tog straha….#NisamPrijavila,strah,2026-03-31T07:17:11.734338+00:00
ff124,21,5,1479540201236189189,@[user] Citam i ne verujem sta citam. A uglavnom to pisu isti oni koji su nedavno pisali sasvim suprotno uz #nisamprijavila Glavni argument im je i ona je maltretirala i pljuvala mnoge. Pa uglavnom nesrecni ljudi tako i lece svoje frustracije. Da ne verujes sta ljudi pisu.,iznenađenje,2026-03-31T07:17:33.5765+00:00
ff124,21,6,1479114014793764868,"@[user] Dačo svaka ti je kao u Njegoša. Mislio sam baš da idem na proteste ali me nekako više boli #nisamprijavila, Igor Jurić i šta rade njegovom pokojnom detetu, Rio Tinto, i tako u nedogled...",tuga,2026-03-31T07:17:47.678403+00:00
ff124,21,7,1475483842744143875,"Svi ovi #NisamPrijavila tvitovi i stvari zbog kojih ni majka ni ja nismo prijavile su mi vetar u leđa da završim studije i, nadam se, donesem malo pravde ženama i ovoj mučenoj zemlji
Do tad samo acab",iščekivanje,2026-03-31T07:18:04.373465+00:00
ff124,21,8,1475180108021485568,"#NisamPrijavila jer mi je mama rekla da nema novca da se odvojimo od nasilnog oca, jer je rekla da će moja baka i moj deka biti razočarani i tužni čak i ako su znali za sve, jer sam bila uplašena, jer sam bila još ""dete koje ništa ne zna""...",strah,2026-03-31T07:18:14.516001+00:00
ff124,21,9,1475164455147380745,#NisamPrijavila jer sam policajac. Žene policajce valjda muževi ne tuku. Ili samo u to ni jedna institucija u ovoj zemlji ne veruje.,Ne mogu da razumem,2026-03-31T07:18:35.778933+00:00
ff124,21,10,1475107204919353347,"@[user] Vreme je da prijavimo, makar na hashtagu #nisamprijavila kako bi se video obim ovog problema. Mnogi na #caosvima su anonimni, vecinom zene, tako da ko zeli moze da ovde da prijavi. Da otvorim svojom pricom 👇👇",Emocionalno neutralno,2026-03-31T07:18:51.640987+00:00
ff124,21,11,1475047002086035459,Ako nakon pokretanja #NisamPrijavila ne usledi naše preispitivanje zašto #NisamPrimetio i zašto institucije #NisuReagovale onda je definitivno problem u nama.,Ne mogu da razumem,2026-03-31T07:19:17.593221+00:00
ff124,21,12,1475076604158226435,toliko se divim svim ženama koje su tvitovale #NisamPrijavila,radost,2026-03-31T07:19:30.549285+00:00
ff124,21,13,1475119675386249221,#NisamPrijavila jer mi je bilo 8 godina i on je bio moj otac.,Emocionalno neutralno,2026-03-31T07:19:39.058904+00:00
ff124,21,14,1475510636553641986,"#NisamPrijavila jer se desilo kad san bila dosta mala, 5-6 godina. Nisan imala pojma sta se tad desilo, meni se činilo da je to sta mi je on (didov rođak, sad vec mrtav možda 10-ak god.) napravija normalno. On mi je na katu u sobi nešto u početku pokaziva, dok su moja mater i /",Ne mogu da razumem,2026-03-31T07:20:00.570885+00:00
ff124,21,15,1475393481086574598,"#NisamPrijavila Bila je noć, kafana, malo se popilo. Igrala sam sa njegovim drugom, sela, povukao me za kosu, na kvarno udario u vilicu. Ustao i ko pička pobegao. Otišla sam kući, popričala sa prijateljima. Otišla na pregled, prijavila ga. Dobio zabranu prilaska",Emocionalno neutralno,2026-03-31T07:20:16.072335+00:00
ff124,21,16,1476734211876958218,@[user] Retaaard kad je napisao pre par dana #nisamprijavila nisam mogla da verujem sta poredi budaletina!! Teraj to u kurac bolesnik!,bes,2026-03-31T07:20:22.465679+00:00
ff124,21,17,1475251300161961994,"@[user] Pitam se samo odakle pravo da se ukljucuju na #NisamPrijavila svi oni koji su po medijima razvlacili glumice koje su prijavile “uticajne” likove…
Dvojni moral bez morala!",bes,2026-03-31T07:20:31.387861+00:00
ff124,21,18,1477776149988225025,"Veceras smo culi dosta korisnih saveta, drugaciji je spejs bio od prethodnog. Nastavicemo da se bavimo ovom temom i dalje. Hvala svima koji su ucestvovali, podelili svoju pricu, savet ili samo slusali.
#NisamPrijavila
#nisisama",radost,2026-03-31T07:20:48.076441+00:00
ff124,21,19,1475490333278576641,@[user] @[user] Nažalost ovo je jedini način jer da se nije oglasila sestra ove devojke i ona bi bila samo još jedna u nizu #nisamprijavila ....,tuga,2026-03-31T07:21:03.542203+00:00
ff124,21,20,1475270232625319937,#NisamPrijavila jer nisam prepoznala seksualno zlostavljanje,Emocionalno neutralno,2026-03-31T07:21:14.706435+00:00
ff124,21,21,1475526091896991750,"Nikada #NisamPrijavila psihičko zlostavljanje od strane mog zeta kada sam imala svega 8 godina, a kasnije kada sam bila u pubertetu komentariao moje noge. Koji je moju sestru nasilno odvojio od naše porodice, za kog smo čuli da ju je maltretirao.",Emocionalno neutralno,2026-03-31T07:21:33.260623+00:00
ff124,21,22,1475172397473013760,upravo citam #NisamPrijavila i ne mogu da vjerujem kroz sta zene prolaze divim se svakoj ikad❤️,radost,2026-03-31T07:21:39.564229+00:00
ff124,21,23,1475536725531320321,"#nisamprijavila razmišljam koliko je žena ovde iskusilo i videlo dečake u osnovnoj školi kako savatavaju devojčice/zadižu im suknje, majice. Koliko ih je bilo kažnjeno? Koliko su čule ""to su dečaci, proći će ih"" i ""ne bi te dirali da nisi lepa"" tokom odrastanja.
Učimo dečake da",bes,2026-03-31T07:22:07.725098+00:00
ff124,21,24,1476606761104814091,"Nije pitanje zasto #NisamPrijavila, nego je pitanje ima li itko dobro iskustvo s prijavom da bar jednom cujemo da se isplatila. Svaka cast žene!",Ne mogu da razumem,2026-03-31T07:22:33.406845+00:00
ff124,21,25,1475184248520949761,"#NisamPrijavila 
Čitam tvitove, šokiran sam i besan. Ali onda naletim na trule priče gde je neko nekog ružno gledao u busu itd. Nemojte čisto da biste nešto napisali da pišete gluposti i time jebeno obesmišljavate ceo ovaj pokret. Ovo je ozbiljno i zna se na šta se ovo odnosi.",bes,2026-03-31T07:22:41.962494+00:00
ff124,21,26,1475416141090758664,"Postoji li jedna iskrena inicijativa, kojoh je cilj samo pomoć/korist za neku grupaciju i ne sadrži direktan napad na Srbiju i/ili SPC,
a da je u njoj učestvovala Staša #NisamPrijavila Zajević?",bes,2026-03-31T07:22:55.396706+00:00
ff124,21,27,1475439922043572229,"#NisamPrijavila bezbroj puta, ali JESAM PRIJAVILA nedavno ljigave nasilno-seksističke komentare na radnom mjestu.  Uz malo oklijevanja, oformljena je komisija i ljigavcu izrečena opomena i naloženo da mi se izvini - primjereno nedjelu.  MEĐUTIM, u zapisnik komisije uvrštene su...",bes,2026-03-31T07:23:12.165296+00:00
ff124,21,28,1475036401125236736,@[user] Prvi tvit za #NisamPrijavila je postavljen pre manje od 24h. Još gore.,Ne mogu da razumem,2026-03-31T07:23:25.510641+00:00
ff124,21,29,1475112441210146816,"@[user] @[user] #NisamPrijavila  dečka s kojim sam bila 3 godine (17-20) Psihički me zlostavljao, vrijeđao, kontrolirao.. kad sam napokon skupila snage i hrabrosti da odem uhvatio me toliko jako za ruke da su mi ostale modrice, samo da ne odem, sigurna sam da sam da bi me i udario da sam ostala.",strah,2026-03-31T07:23:35.943606+00:00
ff124,21,30,1475018934101417985,"#nisamprijavila Savet muškarcima: čitajte, ali nemojte da se pretvarate da ste razumeli. Niste. Nekoliko hiljada godina smo učeni da ne razumemo. Ne postavljajmo glupa i suvišna pitanja, samo im pružimo podršku uvek i svugde.",bes,2026-03-31T07:23:47.203927+00:00
ff124,21,31,1475462058686750724,"Vidim da se #nisamprijavila u kratkom roku pretvorilo dobrim delom u ,,kulturni rat"" - diskusije o srpstvu, patrijarhatu, kakav je profil onih koji relativizuju ili propagiraju hešteg, bla bla bla. Svaka čast na potpunom promšaju poente, stvarno. A da se fokusiramo na bitne",gađenje,2026-03-31T07:23:59.263105+00:00
ff124,21,32,1475160096221052928,"Važne su kampanje #NisamPrijavila, ali one su kratkog daha. Treba svaki dan hrabro ići kroz život, ne dati na sebe, prijavljivati nasilje, bodriti zastrašene i uplašene. Svaki dan je prilika da budemo ljudi.",poverenje,2026-03-31T07:24:17.407214+00:00
ff124,21,33,1475241591631720450,"čitajući #nisamprijavila iskustva i zbog same činjenice da su mnogobrojna, poželim apsolutnu izolaciju od dodira ostatak života",strah,2026-03-31T07:24:25.632227+00:00
ff124,21,34,1475748993569275906,"@[user] Strašno je kad između #prijavilasam i #NisamPrijavila...gotovo da nema razlike. E, to je opasno.",iznenađenje,2026-03-31T07:24:57.425189+00:00
ff124,21,35,1476286311971622915,@[user] Ovo je uzas na kugli zemaljskoj. 😔  #NisamPrijavila,tuga,2026-03-31T07:25:04.142032+00:00
ff124,21,36,1475044982021136384,"#NisamPrijavila prijavljujte sve, jer Vaše prijave znače mnogo!",iščekivanje,2026-03-31T07:25:13.244779+00:00
ff124,21,37,1475360693897605123,"#NisamPrijavila jer su mi rekli da nemam pravo, jer sam sigurno necim sama izazvala, jer je to tako bilo oduvijek, jer samo luda osoba zeli unistit obitelj covjeku, jer sam krivo shvatila,..
#NisamPrijavila jer zivim u Hrvatskoj u 21. stoljecu.",bes,2026-03-31T07:25:27.521395+00:00
ff124,21,38,1475553974879203330,"I dalje se ježim na #nisamprijavila tvitove.

Svoj ne smem ni da napišem!",strah,2026-03-31T07:25:32.911871+00:00
ff124,21,39,1475121148463562752,"@[user] Sa svakim novim #nisamprijavila tvitom raste bes u meni, bes što nisam bio u prilici da sprečim, bes zbog nemoći da pomognem. Želim da se više nikome ne dogodi, i da podrška nikad ne izostane, i ako nešto znači, želim da znaš da više nisi sama, sad imaš nas. Srce i podrška!❤❤❤",poverenje,2026-03-31T07:25:58.670623+00:00
ff124,21,40,1475715261072396292,"Zašto žene čekaju?
""Žene ne čekaju, naša kultura ih ne čuje""  A.M.

#NisamPrijavila",Ne mogu da razumem,2026-03-31T07:26:12.029975+00:00
ff124,21,41,1475204685355270149,bože čitam #nisamprijavila i plačem,tuga,2026-03-31T07:26:15.591542+00:00
ff124,21,42,1476236288810496009,"Kasno uveče čujem kako je sa jedne strane sobe vuče na drugu. Ona zapomaže sa poda, čujem jer je tik uz plafon, u ćošku. Nije prvi put da policija izlazi na teren. Sve komšije čuju. Prijavila sam, ali ništa....
#NisamPrijavila",iščekivanje,2026-03-31T07:26:30.782896+00:00
ff124,21,43,1475219214956994562,"#NisamPrijavila kad me oženjeni kum moje drugarice napao u kolima posle njihove slave. Vozio nas troje kući, ja ostala poslednja  (jbg Jerković). Dok mi je gurao glavu ka svom međunožju, lupila ga štiklom među oči i pobegla. Otišla kući hramajući preko Plavog mosta bez cipele.",strah,2026-03-31T07:27:09.366188+00:00
ff124,21,44,1479450491213996038,"@[user] licemerno je što su do pre dve nedelje podržavali #nisamprijavila, a sad odjednom krive ženu samo zato što je poznata ličnost koju ne vole",gađenje,2026-03-31T07:27:21.775717+00:00
ff124,21,45,1475062935504531461,"#NisamPrijavila - sa posledicama trauma,  preživele/i seksualnog nasilja nose se godinama. Obezbediti sistemsku podršku, uključujući i širenje mreže psihosocijalne podrške u zajednici, od krucijalne je važnosti. 
#mentalnozdravlje #podrška #nisisama #nisisam",poverenje,2026-03-31T07:27:34.059583+00:00
ff124,21,46,1475437184572444677,"#NisamPrijavila jer je manipulator koji uvijek pričom pridobije ljude na svoju stranu. Ili jer su mu roditelji važni ljudi u gradu.
Šutila sam jer kad zamislim da moja majka zna osjetim koliko bi je bolilo. Uz sve probleme u životu koje ima, ja sam pred njom uvijek bila sretna...",strah,2026-03-31T07:27:45.221623+00:00
ff124,21,47,1475196040055824384,"Kada jesam prijavila, prvo pitanje u policiji je bilo “A čime ste ga izazvali, nemoguće da je iz čista mira!?” Zato, #NisamPrijavila jeste uobičajeno kod nas, ali i jako poražavajuće. Moj problem je bio majušan u odnosu na ovo što sada isplivava. Tužan smo mi narod. I glup. 😞",bes,2026-03-31T07:27:53.047314+00:00
ff124,21,48,1475163274358538246,пуни љубави шаљем мојим девојкама. #NisamPrijavila ❤️,poverenje,2026-03-31T07:28:08.044757+00:00
ff124,21,49,1475172336580108296,"Dok čitam sve ove  #NisamPrijavila priče, prisećam se prošlosti, za koju mi je trebalo dosta vremena da je potisnem negde, saosećam se sa svim devojkama/ženama, ali isto tako i muškarcima koji prolaze kroz bilo kakvo nasilje, bilo to fizičko ili psihičko isto je!❤️",radost,2026-03-31T07:28:21.552728+00:00
ff125,21,0,1475100434650263557,"Читам #nisamprijavila ознаку, подсећам се колико психопата, манијака чучи у наизглед допадљивим, пријатним, успешним људима
Језиво...",iznenađenje,2026-03-31T07:18:50.403114+00:00
ff125,21,1,1475369498953891842,"#NisamPrijavila kada je nastavnik iz srpskog u 7. osnovne izvređao nas, devojčice, a nekima lupio i šamare jer smo imale kratku kosu i repiće pozadi i sa strane. Jednoj je i odsekao repić na času. Ta devojčica je nakon toga promenila školu. Nama, ostalima, je to bilo normalno.",strah,2026-03-31T07:19:25.677912+00:00
ff125,21,2,1475355789011398660,"Vec sam jednom pisala ovde o tome, #NisamPrijavila jer me je bilo sramota. Komsija, ugledan clan drustva koji voli da dodiruje tinejdzerke.",gađenje,2026-03-31T07:19:40.507368+00:00
ff125,21,3,1475174625520852994,"Žene koje nemate šta da prijavite, ipak podržite #nisamprijavila jer ako nisi ti doživela otkud znaš da nije tvoja mama, baba, sestra, kuma, ćerka. Otkud znaš da neće? 
A ove koje lajkaju morone, nećete se udati jadne ako ih podržavate. Naučite se na bolje.",bes,2026-03-31T07:19:57.719528+00:00
ff125,21,4,1475487121725140998,Cekali su me to vece na stanici Novi Beograd i istog momenta odveli u policiju…i hvala im zauvek na tome jer podrska roditelja je navaznija u tim godinama…A on je bio kondukter u vozu Novi Sad-Beograd i mislim da cu se uvek secati tog straha….#NisamPrijavila,strah,2026-03-31T07:20:09.733993+00:00
ff125,21,5,1479540201236189189,@[user] Citam i ne verujem sta citam. A uglavnom to pisu isti oni koji su nedavno pisali sasvim suprotno uz #nisamprijavila Glavni argument im je i ona je maltretirala i pljuvala mnoge. Pa uglavnom nesrecni ljudi tako i lece svoje frustracije. Da ne verujes sta ljudi pisu.,iznenađenje,2026-03-31T07:20:25.45521+00:00
ff125,21,6,1479114014793764868,"@[user] Dačo svaka ti je kao u Njegoša. Mislio sam baš da idem na proteste ali me nekako više boli #nisamprijavila, Igor Jurić i šta rade njegovom pokojnom detetu, Rio Tinto, i tako u nedogled...",tuga,2026-03-31T07:20:37.733548+00:00
ff125,21,7,1475483842744143875,"Svi ovi #NisamPrijavila tvitovi i stvari zbog kojih ni majka ni ja nismo prijavile su mi vetar u leđa da završim studije i, nadam se, donesem malo pravde ženama i ovoj mučenoj zemlji
Do tad samo acab",tuga,2026-03-31T07:20:42.752632+00:00
ff125,21,8,1475180108021485568,"#NisamPrijavila jer mi je mama rekla da nema novca da se odvojimo od nasilnog oca, jer je rekla da će moja baka i moj deka biti razočarani i tužni čak i ako su znali za sve, jer sam bila uplašena, jer sam bila još ""dete koje ništa ne zna""...",strah,2026-03-31T07:21:00.92505+00:00
ff125,21,9,1475164455147380745,#NisamPrijavila jer sam policajac. Žene policajce valjda muževi ne tuku. Ili samo u to ni jedna institucija u ovoj zemlji ne veruje.,Emocionalno neutralno,2026-03-31T07:21:34.893362+00:00
ff125,21,10,1475107204919353347,"@[user] Vreme je da prijavimo, makar na hashtagu #nisamprijavila kako bi se video obim ovog problema. Mnogi na #caosvima su anonimni, vecinom zene, tako da ko zeli moze da ovde da prijavi. Da otvorim svojom pricom 👇👇",poverenje,2026-03-31T07:22:06.791672+00:00
ff125,21,11,1475047002086035459,Ako nakon pokretanja #NisamPrijavila ne usledi naše preispitivanje zašto #NisamPrimetio i zašto institucije #NisuReagovale onda je definitivno problem u nama.,iščekivanje,2026-03-31T07:22:14.049421+00:00
ff125,21,12,1475076604158226435,toliko se divim svim ženama koje su tvitovale #NisamPrijavila,radost,2026-03-31T07:22:19.168648+00:00
ff125,21,13,1475119675386249221,#NisamPrijavila jer mi je bilo 8 godina i on je bio moj otac.,tuga,2026-03-31T07:22:34.968342+00:00
ff125,21,14,1475510636553641986,"#NisamPrijavila jer se desilo kad san bila dosta mala, 5-6 godina. Nisan imala pojma sta se tad desilo, meni se činilo da je to sta mi je on (didov rođak, sad vec mrtav možda 10-ak god.) napravija normalno. On mi je na katu u sobi nešto u početku pokaziva, dok su moja mater i /",tuga,2026-03-31T07:22:54.231766+00:00
ff125,21,15,1475393481086574598,"#NisamPrijavila Bila je noć, kafana, malo se popilo. Igrala sam sa njegovim drugom, sela, povukao me za kosu, na kvarno udario u vilicu. Ustao i ko pička pobegao. Otišla sam kući, popričala sa prijateljima. Otišla na pregled, prijavila ga. Dobio zabranu prilaska",radost,2026-03-31T07:24:00.231937+00:00
ff125,21,16,1476734211876958218,@[user] Retaaard kad je napisao pre par dana #nisamprijavila nisam mogla da verujem sta poredi budaletina!! Teraj to u kurac bolesnik!,bes,2026-03-31T07:24:08.827316+00:00
ff125,21,17,1475251300161961994,"@[user] Pitam se samo odakle pravo da se ukljucuju na #NisamPrijavila svi oni koji su po medijima razvlacili glumice koje su prijavile “uticajne” likove…
Dvojni moral bez morala!",bes,2026-03-31T07:24:22.002081+00:00
ff125,21,18,1477776149988225025,"Veceras smo culi dosta korisnih saveta, drugaciji je spejs bio od prethodnog. Nastavicemo da se bavimo ovom temom i dalje. Hvala svima koji su ucestvovali, podelili svoju pricu, savet ili samo slusali.
#NisamPrijavila
#nisisama",poverenje,2026-03-31T07:24:31.741545+00:00
ff125,21,19,1475490333278576641,@[user] @[user] Nažalost ovo je jedini način jer da se nije oglasila sestra ove devojke i ona bi bila samo još jedna u nizu #nisamprijavila ....,tuga,2026-03-31T07:24:45.718274+00:00
ff125,21,20,1475270232625319937,#NisamPrijavila jer nisam prepoznala seksualno zlostavljanje,tuga,2026-03-31T07:24:53.951126+00:00
ff125,21,21,1475526091896991750,"Nikada #NisamPrijavila psihičko zlostavljanje od strane mog zeta kada sam imala svega 8 godina, a kasnije kada sam bila u pubertetu komentariao moje noge. Koji je moju sestru nasilno odvojio od naše porodice, za kog smo čuli da ju je maltretirao.",tuga,2026-03-31T07:25:08.326428+00:00
ff125,21,22,1475172397473013760,upravo citam #NisamPrijavila i ne mogu da vjerujem kroz sta zene prolaze divim se svakoj ikad❤️,poverenje,2026-03-31T07:25:22.91675+00:00
ff125,21,23,1475536725531320321,"#nisamprijavila razmišljam koliko je žena ovde iskusilo i videlo dečake u osnovnoj školi kako savatavaju devojčice/zadižu im suknje, majice. Koliko ih je bilo kažnjeno? Koliko su čule ""to su dečaci, proći će ih"" i ""ne bi te dirali da nisi lepa"" tokom odrastanja.
Učimo dečake da",tuga,2026-03-31T07:25:42.969496+00:00
ff125,21,24,1476606761104814091,"Nije pitanje zasto #NisamPrijavila, nego je pitanje ima li itko dobro iskustvo s prijavom da bar jednom cujemo da se isplatila. Svaka cast žene!",radost,2026-03-31T07:26:02.188264+00:00
ff125,21,25,1475184248520949761,"#NisamPrijavila 
Čitam tvitove, šokiran sam i besan. Ali onda naletim na trule priče gde je neko nekog ružno gledao u busu itd. Nemojte čisto da biste nešto napisali da pišete gluposti i time jebeno obesmišljavate ceo ovaj pokret. Ovo je ozbiljno i zna se na šta se ovo odnosi.",bes,2026-03-31T07:26:14.260612+00:00
ff125,21,26,1475416141090758664,"Postoji li jedna iskrena inicijativa, kojoh je cilj samo pomoć/korist za neku grupaciju i ne sadrži direktan napad na Srbiju i/ili SPC,
a da je u njoj učestvovala Staša #NisamPrijavila Zajević?",Emocionalno neutralno,2026-03-31T07:26:40.001483+00:00
ff125,21,27,1475439922043572229,"#NisamPrijavila bezbroj puta, ali JESAM PRIJAVILA nedavno ljigave nasilno-seksističke komentare na radnom mjestu.  Uz malo oklijevanja, oformljena je komisija i ljigavcu izrečena opomena i naloženo da mi se izvini - primjereno nedjelu.  MEĐUTIM, u zapisnik komisije uvrštene su...",Emocionalno neutralno,2026-03-31T07:27:08.597595+00:00
ff125,21,28,1475036401125236736,@[user] Prvi tvit za #NisamPrijavila je postavljen pre manje od 24h. Još gore.,Emocionalno neutralno,2026-03-31T07:27:19.357942+00:00
ff125,21,29,1475112441210146816,"@[user] @[user] #NisamPrijavila  dečka s kojim sam bila 3 godine (17-20) Psihički me zlostavljao, vrijeđao, kontrolirao.. kad sam napokon skupila snage i hrabrosti da odem uhvatio me toliko jako za ruke da su mi ostale modrice, samo da ne odem, sigurna sam da sam da bi me i udario da sam ostala.",tuga,2026-03-31T07:27:31.660509+00:00
ff125,21,30,1475018934101417985,"#nisamprijavila Savet muškarcima: čitajte, ali nemojte da se pretvarate da ste razumeli. Niste. Nekoliko hiljada godina smo učeni da ne razumemo. Ne postavljajmo glupa i suvišna pitanja, samo im pružimo podršku uvek i svugde.",tuga,2026-03-31T07:27:40.856211+00:00
ff125,21,31,1475462058686750724,"Vidim da se #nisamprijavila u kratkom roku pretvorilo dobrim delom u ,,kulturni rat"" - diskusije o srpstvu, patrijarhatu, kakav je profil onih koji relativizuju ili propagiraju hešteg, bla bla bla. Svaka čast na potpunom promšaju poente, stvarno. A da se fokusiramo na bitne",gađenje,2026-03-31T07:28:06.770455+00:00
ff125,21,32,1475160096221052928,"Važne su kampanje #NisamPrijavila, ali one su kratkog daha. Treba svaki dan hrabro ići kroz život, ne dati na sebe, prijavljivati nasilje, bodriti zastrašene i uplašene. Svaki dan je prilika da budemo ljudi.",poverenje,2026-03-31T07:28:16.853405+00:00
ff125,21,33,1475241591631720450,"čitajući #nisamprijavila iskustva i zbog same činjenice da su mnogobrojna, poželim apsolutnu izolaciju od dodira ostatak života",tuga,2026-03-31T07:28:25.759482+00:00
ff125,21,34,1475748993569275906,"@[user] Strašno je kad između #prijavilasam i #NisamPrijavila...gotovo da nema razlike. E, to je opasno.",gađenje,2026-03-31T07:28:38.737617+00:00
ff125,21,35,1476286311971622915,@[user] Ovo je uzas na kugli zemaljskoj. 😔  #NisamPrijavila,gađenje,2026-03-31T07:28:41.409926+00:00
ff125,21,36,1475044982021136384,"#NisamPrijavila prijavljujte sve, jer Vaše prijave znače mnogo!",poverenje,2026-03-31T07:28:48.602578+00:00
ff125,21,37,1475360693897605123,"#NisamPrijavila jer su mi rekli da nemam pravo, jer sam sigurno necim sama izazvala, jer je to tako bilo oduvijek, jer samo luda osoba zeli unistit obitelj covjeku, jer sam krivo shvatila,..
#NisamPrijavila jer zivim u Hrvatskoj u 21. stoljecu.",tuga,2026-03-31T07:28:56.864917+00:00
ff125,21,38,1475553974879203330,"I dalje se ježim na #nisamprijavila tvitove.

Svoj ne smem ni da napišem!",tuga,2026-03-31T07:29:06.320512+00:00
ff125,21,39,1475121148463562752,"@[user] Sa svakim novim #nisamprijavila tvitom raste bes u meni, bes što nisam bio u prilici da sprečim, bes zbog nemoći da pomognem. Želim da se više nikome ne dogodi, i da podrška nikad ne izostane, i ako nešto znači, želim da znaš da više nisi sama, sad imaš nas. Srce i podrška!❤❤❤",radost,2026-03-31T07:29:24.228806+00:00
ff125,21,40,1475715261072396292,"Zašto žene čekaju?
""Žene ne čekaju, naša kultura ih ne čuje""  A.M.

#NisamPrijavila",tuga,2026-03-31T07:29:33.753437+00:00
ff125,21,41,1475204685355270149,bože čitam #nisamprijavila i plačem,tuga,2026-03-31T07:29:36.148808+00:00
ff125,21,42,1476236288810496009,"Kasno uveče čujem kako je sa jedne strane sobe vuče na drugu. Ona zapomaže sa poda, čujem jer je tik uz plafon, u ćošku. Nije prvi put da policija izlazi na teren. Sve komšije čuju. Prijavila sam, ali ništa....
#NisamPrijavila",tuga,2026-03-31T07:29:47.313303+00:00
ff125,21,43,1475219214956994562,"#NisamPrijavila kad me oženjeni kum moje drugarice napao u kolima posle njihove slave. Vozio nas troje kući, ja ostala poslednja  (jbg Jerković). Dok mi je gurao glavu ka svom međunožju, lupila ga štiklom među oči i pobegla. Otišla kući hramajući preko Plavog mosta bez cipele.",tuga,2026-03-31T07:30:08.260737+00:00
ff125,21,44,1479450491213996038,"@[user] licemerno je što su do pre dve nedelje podržavali #nisamprijavila, a sad odjednom krive ženu samo zato što je poznata ličnost koju ne vole",gađenje,2026-03-31T07:30:17.270052+00:00
ff125,21,45,1475062935504531461,"#NisamPrijavila - sa posledicama trauma,  preživele/i seksualnog nasilja nose se godinama. Obezbediti sistemsku podršku, uključujući i širenje mreže psihosocijalne podrške u zajednici, od krucijalne je važnosti. 
#mentalnozdravlje #podrška #nisisama #nisisam",Emocionalno neutralno,2026-03-31T07:30:29.171568+00:00
ff125,21,46,1475437184572444677,"#NisamPrijavila jer je manipulator koji uvijek pričom pridobije ljude na svoju stranu. Ili jer su mu roditelji važni ljudi u gradu.
Šutila sam jer kad zamislim da moja majka zna osjetim koliko bi je bolilo. Uz sve probleme u životu koje ima, ja sam pred njom uvijek bila sretna...",tuga,2026-03-31T07:30:52.299016+00:00
ff125,21,47,1475196040055824384,"Kada jesam prijavila, prvo pitanje u policiji je bilo “A čime ste ga izazvali, nemoguće da je iz čista mira!?” Zato, #NisamPrijavila jeste uobičajeno kod nas, ali i jako poražavajuće. Moj problem je bio majušan u odnosu na ovo što sada isplivava. Tužan smo mi narod. I glup. 😞",tuga,2026-03-31T07:31:02.425585+00:00
ff125,21,48,1475163274358538246,пуни љубави шаљем мојим девојкама. #NisamPrijavila ❤️,radost,2026-03-31T07:31:05.44214+00:00
ff125,21,49,1475172336580108296,"Dok čitam sve ove  #NisamPrijavila priče, prisećam se prošlosti, za koju mi je trebalo dosta vremena da je potisnem negde, saosećam se sa svim devojkama/ženama, ali isto tako i muškarcima koji prolaze kroz bilo kakvo nasilje, bilo to fizičko ili psihičko isto je!❤️",tuga,2026-03-31T07:31:16.647995+00:00
ff126,21,0,1475100434650263557,"Читам #nisamprijavila ознаку, подсећам се колико психопата, манијака чучи у наизглед допадљивим, пријатним, успешним људима
Језиво...",gađenje,2026-03-31T08:44:55.799125+00:00
ff126,21,1,1475369498953891842,"#NisamPrijavila kada je nastavnik iz srpskog u 7. osnovne izvređao nas, devojčice, a nekima lupio i šamare jer smo imale kratku kosu i repiće pozadi i sa strane. Jednoj je i odsekao repić na času. Ta devojčica je nakon toga promenila školu. Nama, ostalima, je to bilo normalno.",Emocionalno neutralno,2026-03-31T08:45:41.355313+00:00
ff126,21,2,1475355789011398660,"Vec sam jednom pisala ovde o tome, #NisamPrijavila jer me je bilo sramota. Komsija, ugledan clan drustva koji voli da dodiruje tinejdzerke.",gađenje,2026-03-31T08:46:27.417924+00:00
ff126,21,3,1475174625520852994,"Žene koje nemate šta da prijavite, ipak podržite #nisamprijavila jer ako nisi ti doživela otkud znaš da nije tvoja mama, baba, sestra, kuma, ćerka. Otkud znaš da neće? 
A ove koje lajkaju morone, nećete se udati jadne ako ih podržavate. Naučite se na bolje.",bes,2026-03-31T08:46:47.799784+00:00
ff126,21,4,1475487121725140998,Cekali su me to vece na stanici Novi Beograd i istog momenta odveli u policiju…i hvala im zauvek na tome jer podrska roditelja je navaznija u tim godinama…A on je bio kondukter u vozu Novi Sad-Beograd i mislim da cu se uvek secati tog straha….#NisamPrijavila,strah,2026-03-31T08:47:06.15104+00:00
ff126,21,5,1479540201236189189,@[user] Citam i ne verujem sta citam. A uglavnom to pisu isti oni koji su nedavno pisali sasvim suprotno uz #nisamprijavila Glavni argument im je i ona je maltretirala i pljuvala mnoge. Pa uglavnom nesrecni ljudi tako i lece svoje frustracije. Da ne verujes sta ljudi pisu.,iznenađenje,2026-03-31T08:47:26.891411+00:00
ff126,21,6,1479114014793764868,"@[user] Dačo svaka ti je kao u Njegoša. Mislio sam baš da idem na proteste ali me nekako više boli #nisamprijavila, Igor Jurić i šta rade njegovom pokojnom detetu, Rio Tinto, i tako u nedogled...",Emocionalno neutralno,2026-03-31T08:48:06.165418+00:00
ff126,21,7,1475483842744143875,"Svi ovi #NisamPrijavila tvitovi i stvari zbog kojih ni majka ni ja nismo prijavile su mi vetar u leđa da završim studije i, nadam se, donesem malo pravde ženama i ovoj mučenoj zemlji
Do tad samo acab",poverenje,2026-03-31T08:48:26.778239+00:00
ff126,21,8,1475180108021485568,"#NisamPrijavila jer mi je mama rekla da nema novca da se odvojimo od nasilnog oca, jer je rekla da će moja baka i moj deka biti razočarani i tužni čak i ako su znali za sve, jer sam bila uplašena, jer sam bila još ""dete koje ništa ne zna""...",tuga,2026-03-31T08:48:51.725718+00:00
ff126,21,9,1475164455147380745,#NisamPrijavila jer sam policajac. Žene policajce valjda muževi ne tuku. Ili samo u to ni jedna institucija u ovoj zemlji ne veruje.,Emocionalno neutralno,2026-03-31T08:49:14.720703+00:00
ff126,21,10,1475107204919353347,"@[user] Vreme je da prijavimo, makar na hashtagu #nisamprijavila kako bi se video obim ovog problema. Mnogi na #caosvima su anonimni, vecinom zene, tako da ko zeli moze da ovde da prijavi. Da otvorim svojom pricom 👇👇",Emocionalno neutralno,2026-03-31T08:49:47.856028+00:00
ff126,21,11,1475047002086035459,Ako nakon pokretanja #NisamPrijavila ne usledi naše preispitivanje zašto #NisamPrimetio i zašto institucije #NisuReagovale onda je definitivno problem u nama.,Emocionalno neutralno,2026-03-31T08:50:00.927399+00:00
ff126,21,12,1475076604158226435,toliko se divim svim ženama koje su tvitovale #NisamPrijavila,radost,2026-03-31T08:50:08.580915+00:00
ff126,21,13,1475119675386249221,#NisamPrijavila jer mi je bilo 8 godina i on je bio moj otac.,Ne mogu da razumem,2026-03-31T08:50:16.990822+00:00
ff126,21,14,1475510636553641986,"#NisamPrijavila jer se desilo kad san bila dosta mala, 5-6 godina. Nisan imala pojma sta se tad desilo, meni se činilo da je to sta mi je on (didov rođak, sad vec mrtav možda 10-ak god.) napravija normalno. On mi je na katu u sobi nešto u početku pokaziva, dok su moja mater i /",Emocionalno neutralno,2026-03-31T08:50:47.884008+00:00
ff126,21,15,1475393481086574598,"#NisamPrijavila Bila je noć, kafana, malo se popilo. Igrala sam sa njegovim drugom, sela, povukao me za kosu, na kvarno udario u vilicu. Ustao i ko pička pobegao. Otišla sam kući, popričala sa prijateljima. Otišla na pregled, prijavila ga. Dobio zabranu prilaska",Ne mogu da razumem,2026-03-31T08:51:16.227001+00:00
ff126,21,16,1476734211876958218,@[user] Retaaard kad je napisao pre par dana #nisamprijavila nisam mogla da verujem sta poredi budaletina!! Teraj to u kurac bolesnik!,bes,2026-03-31T08:51:25.141478+00:00
ff126,21,17,1475251300161961994,"@[user] Pitam se samo odakle pravo da se ukljucuju na #NisamPrijavila svi oni koji su po medijima razvlacili glumice koje su prijavile “uticajne” likove…
Dvojni moral bez morala!",bes,2026-03-31T08:51:36.579123+00:00
ff126,21,18,1477776149988225025,"Veceras smo culi dosta korisnih saveta, drugaciji je spejs bio od prethodnog. Nastavicemo da se bavimo ovom temom i dalje. Hvala svima koji su ucestvovali, podelili svoju pricu, savet ili samo slusali.
#NisamPrijavila
#nisisama",poverenje,2026-03-31T08:52:00.379767+00:00
ff126,21,19,1475490333278576641,@[user] @[user] Nažalost ovo je jedini način jer da se nije oglasila sestra ove devojke i ona bi bila samo još jedna u nizu #nisamprijavila ....,tuga,2026-03-31T08:52:10.131178+00:00
ff126,21,20,1475270232625319937,#NisamPrijavila jer nisam prepoznala seksualno zlostavljanje,Emocionalno neutralno,2026-03-31T08:52:16.425731+00:00
ff126,21,21,1475526091896991750,"Nikada #NisamPrijavila psihičko zlostavljanje od strane mog zeta kada sam imala svega 8 godina, a kasnije kada sam bila u pubertetu komentariao moje noge. Koji je moju sestru nasilno odvojio od naše porodice, za kog smo čuli da ju je maltretirao.",bes,2026-03-31T08:52:36.345594+00:00
ff126,21,22,1475172397473013760,upravo citam #NisamPrijavila i ne mogu da vjerujem kroz sta zene prolaze divim se svakoj ikad❤️,iznenađenje,2026-03-31T08:52:47.089768+00:00
ff126,21,23,1475536725531320321,"#nisamprijavila razmišljam koliko je žena ovde iskusilo i videlo dečake u osnovnoj školi kako savatavaju devojčice/zadižu im suknje, majice. Koliko ih je bilo kažnjeno? Koliko su čule ""to su dečaci, proći će ih"" i ""ne bi te dirali da nisi lepa"" tokom odrastanja.
Učimo dečake da",Emocionalno neutralno,2026-03-31T08:53:07.88985+00:00
ff126,21,24,1476606761104814091,"Nije pitanje zasto #NisamPrijavila, nego je pitanje ima li itko dobro iskustvo s prijavom da bar jednom cujemo da se isplatila. Svaka cast žene!",iščekivanje,2026-03-31T08:53:25.916441+00:00
ff126,21,25,1475184248520949761,"#NisamPrijavila 
Čitam tvitove, šokiran sam i besan. Ali onda naletim na trule priče gde je neko nekog ružno gledao u busu itd. Nemojte čisto da biste nešto napisali da pišete gluposti i time jebeno obesmišljavate ceo ovaj pokret. Ovo je ozbiljno i zna se na šta se ovo odnosi.",bes,2026-03-31T08:53:37.336044+00:00
ff126,21,26,1475416141090758664,"Postoji li jedna iskrena inicijativa, kojoh je cilj samo pomoć/korist za neku grupaciju i ne sadrži direktan napad na Srbiju i/ili SPC,
a da je u njoj učestvovala Staša #NisamPrijavila Zajević?",iščekivanje,2026-03-31T08:53:48.880038+00:00
ff126,21,27,1475439922043572229,"#NisamPrijavila bezbroj puta, ali JESAM PRIJAVILA nedavno ljigave nasilno-seksističke komentare na radnom mjestu.  Uz malo oklijevanja, oformljena je komisija i ljigavcu izrečena opomena i naloženo da mi se izvini - primjereno nedjelu.  MEĐUTIM, u zapisnik komisije uvrštene su...",bes,2026-03-31T08:54:03.718993+00:00
ff126,21,28,1475036401125236736,@[user] Prvi tvit za #NisamPrijavila je postavljen pre manje od 24h. Još gore.,Ne mogu da razumem,2026-03-31T08:54:15.441264+00:00
ff126,21,29,1475112441210146816,"@[user] @[user] #NisamPrijavila  dečka s kojim sam bila 3 godine (17-20) Psihički me zlostavljao, vrijeđao, kontrolirao.. kad sam napokon skupila snage i hrabrosti da odem uhvatio me toliko jako za ruke da su mi ostale modrice, samo da ne odem, sigurna sam da sam da bi me i udario da sam ostala.",strah,2026-03-31T08:54:30.715119+00:00
ff126,21,30,1475018934101417985,"#nisamprijavila Savet muškarcima: čitajte, ali nemojte da se pretvarate da ste razumeli. Niste. Nekoliko hiljada godina smo učeni da ne razumemo. Ne postavljajmo glupa i suvišna pitanja, samo im pružimo podršku uvek i svugde.",gađenje,2026-03-31T08:54:52.948518+00:00
ff126,21,31,1475462058686750724,"Vidim da se #nisamprijavila u kratkom roku pretvorilo dobrim delom u ,,kulturni rat"" - diskusije o srpstvu, patrijarhatu, kakav je profil onih koji relativizuju ili propagiraju hešteg, bla bla bla. Svaka čast na potpunom promšaju poente, stvarno. A da se fokusiramo na bitne",bes,2026-03-31T08:55:10.069996+00:00
ff126,21,32,1475160096221052928,"Važne su kampanje #NisamPrijavila, ali one su kratkog daha. Treba svaki dan hrabro ići kroz život, ne dati na sebe, prijavljivati nasilje, bodriti zastrašene i uplašene. Svaki dan je prilika da budemo ljudi.",iščekivanje,2026-03-31T08:55:25.340307+00:00
ff126,21,33,1475241591631720450,"čitajući #nisamprijavila iskustva i zbog same činjenice da su mnogobrojna, poželim apsolutnu izolaciju od dodira ostatak života",gađenje,2026-03-31T08:55:33.222986+00:00
ff126,21,34,1475748993569275906,"@[user] Strašno je kad između #prijavilasam i #NisamPrijavila...gotovo da nema razlike. E, to je opasno.",Ne mogu da razumem,2026-03-31T08:55:47.637268+00:00
ff126,21,35,1476286311971622915,@[user] Ovo je uzas na kugli zemaljskoj. 😔  #NisamPrijavila,gađenje,2026-03-31T08:55:51.08484+00:00
ff126,21,36,1475044982021136384,"#NisamPrijavila prijavljujte sve, jer Vaše prijave znače mnogo!",Emocionalno neutralno,2026-03-31T08:56:04.517681+00:00
ff126,21,37,1475360693897605123,"#NisamPrijavila jer su mi rekli da nemam pravo, jer sam sigurno necim sama izazvala, jer je to tako bilo oduvijek, jer samo luda osoba zeli unistit obitelj covjeku, jer sam krivo shvatila,..
#NisamPrijavila jer zivim u Hrvatskoj u 21. stoljecu.",bes,2026-03-31T08:56:23.580052+00:00
ff126,21,38,1475553974879203330,"I dalje se ježim na #nisamprijavila tvitove.

Svoj ne smem ni da napišem!",strah,2026-03-31T08:56:40.606012+00:00
ff126,21,39,1475121148463562752,"@[user] Sa svakim novim #nisamprijavila tvitom raste bes u meni, bes što nisam bio u prilici da sprečim, bes zbog nemoći da pomognem. Želim da se više nikome ne dogodi, i da podrška nikad ne izostane, i ako nešto znači, želim da znaš da više nisi sama, sad imaš nas. Srce i podrška!❤❤❤",bes,2026-03-31T08:56:46.452604+00:00
ff126,21,40,1475715261072396292,"Zašto žene čekaju?
""Žene ne čekaju, naša kultura ih ne čuje""  A.M.

#NisamPrijavila",gađenje,2026-03-31T08:56:53.348701+00:00
ff126,21,41,1475204685355270149,bože čitam #nisamprijavila i plačem,tuga,2026-03-31T08:56:57.358553+00:00
ff126,21,42,1476236288810496009,"Kasno uveče čujem kako je sa jedne strane sobe vuče na drugu. Ona zapomaže sa poda, čujem jer je tik uz plafon, u ćošku. Nije prvi put da policija izlazi na teren. Sve komšije čuju. Prijavila sam, ali ništa....
#NisamPrijavila",tuga,2026-03-31T08:57:10.625989+00:00
ff126,21,43,1475219214956994562,"#NisamPrijavila kad me oženjeni kum moje drugarice napao u kolima posle njihove slave. Vozio nas troje kući, ja ostala poslednja  (jbg Jerković). Dok mi je gurao glavu ka svom međunožju, lupila ga štiklom među oči i pobegla. Otišla kući hramajući preko Plavog mosta bez cipele.",gađenje,2026-03-31T08:57:26.9836+00:00
ff126,21,44,1479450491213996038,"@[user] licemerno je što su do pre dve nedelje podržavali #nisamprijavila, a sad odjednom krive ženu samo zato što je poznata ličnost koju ne vole",gađenje,2026-03-31T08:57:42.051029+00:00
ff126,21,45,1475062935504531461,"#NisamPrijavila - sa posledicama trauma,  preživele/i seksualnog nasilja nose se godinama. Obezbediti sistemsku podršku, uključujući i širenje mreže psihosocijalne podrške u zajednici, od krucijalne je važnosti. 
#mentalnozdravlje #podrška #nisisama #nisisam",Emocionalno neutralno,2026-03-31T08:57:53.409661+00:00
ff126,21,46,1475437184572444677,"#NisamPrijavila jer je manipulator koji uvijek pričom pridobije ljude na svoju stranu. Ili jer su mu roditelji važni ljudi u gradu.
Šutila sam jer kad zamislim da moja majka zna osjetim koliko bi je bolilo. Uz sve probleme u životu koje ima, ja sam pred njom uvijek bila sretna...",tuga,2026-03-31T08:58:08.155759+00:00
ff126,21,47,1475196040055824384,"Kada jesam prijavila, prvo pitanje u policiji je bilo “A čime ste ga izazvali, nemoguće da je iz čista mira!?” Zato, #NisamPrijavila jeste uobičajeno kod nas, ali i jako poražavajuće. Moj problem je bio majušan u odnosu na ovo što sada isplivava. Tužan smo mi narod. I glup. 😞",tuga,2026-03-31T08:58:18.039374+00:00
ff126,21,48,1475163274358538246,пуни љубави шаљем мојим девојкама. #NisamPrijavila ❤️,poverenje,2026-03-31T08:58:21.268673+00:00
ff126,21,49,1475172336580108296,"Dok čitam sve ove  #NisamPrijavila priče, prisećam se prošlosti, za koju mi je trebalo dosta vremena da je potisnem negde, saosećam se sa svim devojkama/ženama, ali isto tako i muškarcima koji prolaze kroz bilo kakvo nasilje, bilo to fizičko ili psihičko isto je!❤️",Ne mogu da razumem,2026-03-31T08:58:35.99802+00:00
ff127,21,0,1475100434650263557,"Читам #nisamprijavila ознаку, подсећам се колико психопата, манијака чучи у наизглед допадљивим, пријатним, успешним људима
Језиво...",bes,2026-03-31T08:46:47.766029+00:00
ff127,21,1,1475369498953891842,"#NisamPrijavila kada je nastavnik iz srpskog u 7. osnovne izvređao nas, devojčice, a nekima lupio i šamare jer smo imale kratku kosu i repiće pozadi i sa strane. Jednoj je i odsekao repić na času. Ta devojčica je nakon toga promenila školu. Nama, ostalima, je to bilo normalno.",strah,2026-03-31T08:56:23.057994+00:00
ff127,21,2,1475355789011398660,"Vec sam jednom pisala ovde o tome, #NisamPrijavila jer me je bilo sramota. Komsija, ugledan clan drustva koji voli da dodiruje tinejdzerke.",gađenje,2026-03-31T08:47:11.80248+00:00
ff127,21,3,1475174625520852994,"Žene koje nemate šta da prijavite, ipak podržite #nisamprijavila jer ako nisi ti doživela otkud znaš da nije tvoja mama, baba, sestra, kuma, ćerka. Otkud znaš da neće? 
A ove koje lajkaju morone, nećete se udati jadne ako ih podržavate. Naučite se na bolje.",bes,2026-03-31T08:56:41.687611+00:00
ff127,21,4,1475487121725140998,Cekali su me to vece na stanici Novi Beograd i istog momenta odveli u policiju…i hvala im zauvek na tome jer podrska roditelja je navaznija u tim godinama…A on je bio kondukter u vozu Novi Sad-Beograd i mislim da cu se uvek secati tog straha….#NisamPrijavila,tuga,2026-03-31T08:47:27.473489+00:00
ff127,21,5,1479540201236189189,@[user] Citam i ne verujem sta citam. A uglavnom to pisu isti oni koji su nedavno pisali sasvim suprotno uz #nisamprijavila Glavni argument im je i ona je maltretirala i pljuvala mnoge. Pa uglavnom nesrecni ljudi tako i lece svoje frustracije. Da ne verujes sta ljudi pisu.,gađenje,2026-03-31T08:47:44.93234+00:00
ff127,21,6,1479114014793764868,"@[user] Dačo svaka ti je kao u Njegoša. Mislio sam baš da idem na proteste ali me nekako više boli #nisamprijavila, Igor Jurić i šta rade njegovom pokojnom detetu, Rio Tinto, i tako u nedogled...",tuga,2026-03-31T08:48:13.834454+00:00
ff127,21,7,1475483842744143875,"Svi ovi #NisamPrijavila tvitovi i stvari zbog kojih ni majka ni ja nismo prijavile su mi vetar u leđa da završim studije i, nadam se, donesem malo pravde ženama i ovoj mučenoj zemlji
Do tad samo acab",bes,2026-03-31T08:48:33.532038+00:00
ff127,21,8,1475180108021485568,"#NisamPrijavila jer mi je mama rekla da nema novca da se odvojimo od nasilnog oca, jer je rekla da će moja baka i moj deka biti razočarani i tužni čak i ako su znali za sve, jer sam bila uplašena, jer sam bila još ""dete koje ništa ne zna""...",tuga,2026-03-31T08:48:44.738956+00:00
ff127,21,9,1475164455147380745,#NisamPrijavila jer sam policajac. Žene policajce valjda muževi ne tuku. Ili samo u to ni jedna institucija u ovoj zemlji ne veruje.,bes,2026-03-31T08:48:53.655263+00:00
ff127,21,10,1475107204919353347,"@[user] Vreme je da prijavimo, makar na hashtagu #nisamprijavila kako bi se video obim ovog problema. Mnogi na #caosvima su anonimni, vecinom zene, tako da ko zeli moze da ovde da prijavi. Da otvorim svojom pricom 👇👇",Emocionalno neutralno,2026-03-31T08:49:03.591979+00:00
ff127,21,11,1475047002086035459,Ako nakon pokretanja #NisamPrijavila ne usledi naše preispitivanje zašto #NisamPrimetio i zašto institucije #NisuReagovale onda je definitivno problem u nama.,iščekivanje,2026-03-31T08:49:25.309318+00:00
ff127,21,12,1475076604158226435,toliko se divim svim ženama koje su tvitovale #NisamPrijavila,radost,2026-03-31T08:49:34.222966+00:00
ff127,21,13,1475119675386249221,#NisamPrijavila jer mi je bilo 8 godina i on je bio moj otac.,strah,2026-03-31T08:49:38.511977+00:00
ff127,21,14,1475510636553641986,"#NisamPrijavila jer se desilo kad san bila dosta mala, 5-6 godina. Nisan imala pojma sta se tad desilo, meni se činilo da je to sta mi je on (didov rođak, sad vec mrtav možda 10-ak god.) napravija normalno. On mi je na katu u sobi nešto u početku pokaziva, dok su moja mater i /",strah,2026-03-31T08:49:56.808747+00:00
ff127,21,15,1475393481086574598,"#NisamPrijavila Bila je noć, kafana, malo se popilo. Igrala sam sa njegovim drugom, sela, povukao me za kosu, na kvarno udario u vilicu. Ustao i ko pička pobegao. Otišla sam kući, popričala sa prijateljima. Otišla na pregled, prijavila ga. Dobio zabranu prilaska",bes,2026-03-31T08:50:10.47124+00:00
ff127,21,16,1476734211876958218,@[user] Retaaard kad je napisao pre par dana #nisamprijavila nisam mogla da verujem sta poredi budaletina!! Teraj to u kurac bolesnik!,bes,2026-03-31T08:50:21.529002+00:00
ff127,21,17,1475251300161961994,"@[user] Pitam se samo odakle pravo da se ukljucuju na #NisamPrijavila svi oni koji su po medijima razvlacili glumice koje su prijavile “uticajne” likove…
Dvojni moral bez morala!",bes,2026-03-31T08:50:31.771659+00:00
ff127,21,18,1477776149988225025,"Veceras smo culi dosta korisnih saveta, drugaciji je spejs bio od prethodnog. Nastavicemo da se bavimo ovom temom i dalje. Hvala svima koji su ucestvovali, podelili svoju pricu, savet ili samo slusali.
#NisamPrijavila
#nisisama",poverenje,2026-03-31T08:50:45.38294+00:00
ff127,21,19,1475490333278576641,@[user] @[user] Nažalost ovo je jedini način jer da se nije oglasila sestra ove devojke i ona bi bila samo još jedna u nizu #nisamprijavila ....,tuga,2026-03-31T08:50:51.751423+00:00
ff127,21,20,1475270232625319937,#NisamPrijavila jer nisam prepoznala seksualno zlostavljanje,Emocionalno neutralno,2026-03-31T08:51:00.739596+00:00
ff127,21,21,1475526091896991750,"Nikada #NisamPrijavila psihičko zlostavljanje od strane mog zeta kada sam imala svega 8 godina, a kasnije kada sam bila u pubertetu komentariao moje noge. Koji je moju sestru nasilno odvojio od naše porodice, za kog smo čuli da ju je maltretirao.",bes,2026-03-31T08:51:11.147819+00:00
ff127,21,22,1475172397473013760,upravo citam #NisamPrijavila i ne mogu da vjerujem kroz sta zene prolaze divim se svakoj ikad❤️,poverenje,2026-03-31T08:51:17.900926+00:00
ff127,21,23,1475536725531320321,"#nisamprijavila razmišljam koliko je žena ovde iskusilo i videlo dečake u osnovnoj školi kako savatavaju devojčice/zadižu im suknje, majice. Koliko ih je bilo kažnjeno? Koliko su čule ""to su dečaci, proći će ih"" i ""ne bi te dirali da nisi lepa"" tokom odrastanja.
Učimo dečake da",bes,2026-03-31T08:51:34.357889+00:00
ff127,21,24,1476606761104814091,"Nije pitanje zasto #NisamPrijavila, nego je pitanje ima li itko dobro iskustvo s prijavom da bar jednom cujemo da se isplatila. Svaka cast žene!",poverenje,2026-03-31T08:51:52.590344+00:00
ff127,21,25,1475184248520949761,"#NisamPrijavila 
Čitam tvitove, šokiran sam i besan. Ali onda naletim na trule priče gde je neko nekog ružno gledao u busu itd. Nemojte čisto da biste nešto napisali da pišete gluposti i time jebeno obesmišljavate ceo ovaj pokret. Ovo je ozbiljno i zna se na šta se ovo odnosi.",bes,2026-03-31T08:52:03.80081+00:00
ff127,21,26,1475416141090758664,"Postoji li jedna iskrena inicijativa, kojoh je cilj samo pomoć/korist za neku grupaciju i ne sadrži direktan napad na Srbiju i/ili SPC,
a da je u njoj učestvovala Staša #NisamPrijavila Zajević?",bes,2026-03-31T08:52:14.420399+00:00
ff127,21,27,1475439922043572229,"#NisamPrijavila bezbroj puta, ali JESAM PRIJAVILA nedavno ljigave nasilno-seksističke komentare na radnom mjestu.  Uz malo oklijevanja, oformljena je komisija i ljigavcu izrečena opomena i naloženo da mi se izvini - primjereno nedjelu.  MEĐUTIM, u zapisnik komisije uvrštene su...",bes,2026-03-31T08:52:31.564681+00:00
ff127,21,28,1475036401125236736,@[user] Prvi tvit za #NisamPrijavila je postavljen pre manje od 24h. Još gore.,Emocionalno neutralno,2026-03-31T08:52:39.483679+00:00
ff127,21,29,1475112441210146816,"@[user] @[user] #NisamPrijavila  dečka s kojim sam bila 3 godine (17-20) Psihički me zlostavljao, vrijeđao, kontrolirao.. kad sam napokon skupila snage i hrabrosti da odem uhvatio me toliko jako za ruke da su mi ostale modrice, samo da ne odem, sigurna sam da sam da bi me i udario da sam ostala.",gađenje,2026-03-31T08:52:58.582208+00:00
ff127,21,30,1475018934101417985,"#nisamprijavila Savet muškarcima: čitajte, ali nemojte da se pretvarate da ste razumeli. Niste. Nekoliko hiljada godina smo učeni da ne razumemo. Ne postavljajmo glupa i suvišna pitanja, samo im pružimo podršku uvek i svugde.",poverenje,2026-03-31T08:53:07.359229+00:00
ff127,21,31,1475462058686750724,"Vidim da se #nisamprijavila u kratkom roku pretvorilo dobrim delom u ,,kulturni rat"" - diskusije o srpstvu, patrijarhatu, kakav je profil onih koji relativizuju ili propagiraju hešteg, bla bla bla. Svaka čast na potpunom promšaju poente, stvarno. A da se fokusiramo na bitne",Emocionalno neutralno,2026-03-31T08:53:28.996973+00:00
ff127,21,32,1475160096221052928,"Važne su kampanje #NisamPrijavila, ali one su kratkog daha. Treba svaki dan hrabro ići kroz život, ne dati na sebe, prijavljivati nasilje, bodriti zastrašene i uplašene. Svaki dan je prilika da budemo ljudi.",radost,2026-03-31T08:53:44.786433+00:00
ff127,21,33,1475241591631720450,"čitajući #nisamprijavila iskustva i zbog same činjenice da su mnogobrojna, poželim apsolutnu izolaciju od dodira ostatak života",bes,2026-03-31T08:53:53.630625+00:00
ff127,21,34,1475748993569275906,"@[user] Strašno je kad između #prijavilasam i #NisamPrijavila...gotovo da nema razlike. E, to je opasno.",strah,2026-03-31T08:54:00.354424+00:00
ff127,21,35,1476286311971622915,@[user] Ovo je uzas na kugli zemaljskoj. 😔  #NisamPrijavila,strah,2026-03-31T08:54:06.310832+00:00
ff127,21,36,1475044982021136384,"#NisamPrijavila prijavljujte sve, jer Vaše prijave znače mnogo!",poverenje,2026-03-31T08:54:12.163812+00:00
ff127,21,37,1475360693897605123,"#NisamPrijavila jer su mi rekli da nemam pravo, jer sam sigurno necim sama izazvala, jer je to tako bilo oduvijek, jer samo luda osoba zeli unistit obitelj covjeku, jer sam krivo shvatila,..
#NisamPrijavila jer zivim u Hrvatskoj u 21. stoljecu.",bes,2026-03-31T08:54:21.515383+00:00
ff127,21,38,1475553974879203330,"I dalje se ježim na #nisamprijavila tvitove.

Svoj ne smem ni da napišem!",strah,2026-03-31T08:54:26.301557+00:00
ff127,21,39,1475121148463562752,"@[user] Sa svakim novim #nisamprijavila tvitom raste bes u meni, bes što nisam bio u prilici da sprečim, bes zbog nemoći da pomognem. Želim da se više nikome ne dogodi, i da podrška nikad ne izostane, i ako nešto znači, želim da znaš da više nisi sama, sad imaš nas. Srce i podrška!❤❤❤",bes,2026-03-31T08:54:33.475105+00:00
ff127,21,40,1475715261072396292,"Zašto žene čekaju?
""Žene ne čekaju, naša kultura ih ne čuje""  A.M.

#NisamPrijavila",gađenje,2026-03-31T08:54:40.420141+00:00
ff127,21,41,1475204685355270149,bože čitam #nisamprijavila i plačem,tuga,2026-03-31T08:54:48.052644+00:00
ff127,21,42,1476236288810496009,"Kasno uveče čujem kako je sa jedne strane sobe vuče na drugu. Ona zapomaže sa poda, čujem jer je tik uz plafon, u ćošku. Nije prvi put da policija izlazi na teren. Sve komšije čuju. Prijavila sam, ali ništa....
#NisamPrijavila",tuga,2026-03-31T08:54:57.813873+00:00
ff127,21,43,1475219214956994562,"#NisamPrijavila kad me oženjeni kum moje drugarice napao u kolima posle njihove slave. Vozio nas troje kući, ja ostala poslednja  (jbg Jerković). Dok mi je gurao glavu ka svom međunožju, lupila ga štiklom među oči i pobegla. Otišla kući hramajući preko Plavog mosta bez cipele.",bes,2026-03-31T08:55:10.092157+00:00
ff127,21,44,1479450491213996038,"@[user] licemerno je što su do pre dve nedelje podržavali #nisamprijavila, a sad odjednom krive ženu samo zato što je poznata ličnost koju ne vole",gađenje,2026-03-31T08:55:20.15667+00:00
ff127,21,45,1475062935504531461,"#NisamPrijavila - sa posledicama trauma,  preživele/i seksualnog nasilja nose se godinama. Obezbediti sistemsku podršku, uključujući i širenje mreže psihosocijalne podrške u zajednici, od krucijalne je važnosti. 
#mentalnozdravlje #podrška #nisisama #nisisam",poverenje,2026-03-31T08:55:32.886347+00:00
ff127,21,46,1475437184572444677,"#NisamPrijavila jer je manipulator koji uvijek pričom pridobije ljude na svoju stranu. Ili jer su mu roditelji važni ljudi u gradu.
Šutila sam jer kad zamislim da moja majka zna osjetim koliko bi je bolilo. Uz sve probleme u životu koje ima, ja sam pred njom uvijek bila sretna...",tuga,2026-03-31T08:55:45.714683+00:00
ff127,21,47,1475196040055824384,"Kada jesam prijavila, prvo pitanje u policiji je bilo “A čime ste ga izazvali, nemoguće da je iz čista mira!?” Zato, #NisamPrijavila jeste uobičajeno kod nas, ali i jako poražavajuće. Moj problem je bio majušan u odnosu na ovo što sada isplivava. Tužan smo mi narod. I glup. 😞",tuga,2026-03-31T08:55:54.891314+00:00
ff127,21,48,1475163274358538246,пуни љубави шаљем мојим девојкама. #NisamPrijavila ❤️,radost,2026-03-31T08:55:57.800456+00:00
ff127,21,49,1475172336580108296,"Dok čitam sve ove  #NisamPrijavila priče, prisećam se prošlosti, za koju mi je trebalo dosta vremena da je potisnem negde, saosećam se sa svim devojkama/ženama, ali isto tako i muškarcima koji prolaze kroz bilo kakvo nasilje, bilo to fizičko ili psihičko isto je!❤️",tuga,2026-03-31T08:56:05.072723+00:00
ff128,21,0,1475100434650263557,"Читам #nisamprijavila ознаку, подсећам се колико психопата, манијака чучи у наизглед допадљивим, пријатним, успешним људима
Језиво...",gađenje,2026-03-31T08:44:30.575734+00:00
ff128,21,1,1475369498953891842,"#NisamPrijavila kada je nastavnik iz srpskog u 7. osnovne izvređao nas, devojčice, a nekima lupio i šamare jer smo imale kratku kosu i repiće pozadi i sa strane. Jednoj je i odsekao repić na času. Ta devojčica je nakon toga promenila školu. Nama, ostalima, je to bilo normalno.",tuga,2026-03-31T08:45:01.987204+00:00
ff128,21,2,1475355789011398660,"Vec sam jednom pisala ovde o tome, #NisamPrijavila jer me je bilo sramota. Komsija, ugledan clan drustva koji voli da dodiruje tinejdzerke.",gađenje,2026-03-31T08:45:56.625749+00:00
ff128,21,3,1475174625520852994,"Žene koje nemate šta da prijavite, ipak podržite #nisamprijavila jer ako nisi ti doživela otkud znaš da nije tvoja mama, baba, sestra, kuma, ćerka. Otkud znaš da neće? 
A ove koje lajkaju morone, nećete se udati jadne ako ih podržavate. Naučite se na bolje.",bes,2026-03-31T08:46:12.374108+00:00
ff128,21,4,1475487121725140998,Cekali su me to vece na stanici Novi Beograd i istog momenta odveli u policiju…i hvala im zauvek na tome jer podrska roditelja je navaznija u tim godinama…A on je bio kondukter u vozu Novi Sad-Beograd i mislim da cu se uvek secati tog straha….#NisamPrijavila,strah,2026-03-31T08:46:36.583088+00:00
ff128,21,5,1479540201236189189,@[user] Citam i ne verujem sta citam. A uglavnom to pisu isti oni koji su nedavno pisali sasvim suprotno uz #nisamprijavila Glavni argument im je i ona je maltretirala i pljuvala mnoge. Pa uglavnom nesrecni ljudi tako i lece svoje frustracije. Da ne verujes sta ljudi pisu.,iznenađenje,2026-03-31T08:47:01.978744+00:00
ff128,21,6,1479114014793764868,"@[user] Dačo svaka ti je kao u Njegoša. Mislio sam baš da idem na proteste ali me nekako više boli #nisamprijavila, Igor Jurić i šta rade njegovom pokojnom detetu, Rio Tinto, i tako u nedogled...",tuga,2026-03-31T08:47:30.796844+00:00
ff128,21,7,1475483842744143875,"Svi ovi #NisamPrijavila tvitovi i stvari zbog kojih ni majka ni ja nismo prijavile su mi vetar u leđa da završim studije i, nadam se, donesem malo pravde ženama i ovoj mučenoj zemlji
Do tad samo acab",poverenje,2026-03-31T08:48:01.292419+00:00
ff128,21,8,1475180108021485568,"#NisamPrijavila jer mi je mama rekla da nema novca da se odvojimo od nasilnog oca, jer je rekla da će moja baka i moj deka biti razočarani i tužni čak i ako su znali za sve, jer sam bila uplašena, jer sam bila još ""dete koje ništa ne zna""...",tuga,2026-03-31T08:48:28.381341+00:00
ff128,21,9,1475164455147380745,#NisamPrijavila jer sam policajac. Žene policajce valjda muževi ne tuku. Ili samo u to ni jedna institucija u ovoj zemlji ne veruje.,Emocionalno neutralno,2026-03-31T08:48:54.67289+00:00
ff128,21,10,1475107204919353347,"@[user] Vreme je da prijavimo, makar na hashtagu #nisamprijavila kako bi se video obim ovog problema. Mnogi na #caosvima su anonimni, vecinom zene, tako da ko zeli moze da ovde da prijavi. Da otvorim svojom pricom 👇👇",iščekivanje,2026-03-31T08:49:15.882745+00:00
ff128,21,11,1475047002086035459,Ako nakon pokretanja #NisamPrijavila ne usledi naše preispitivanje zašto #NisamPrimetio i zašto institucije #NisuReagovale onda je definitivno problem u nama.,bes,2026-03-31T09:00:34.331763+00:00
ff128,21,12,1475076604158226435,toliko se divim svim ženama koje su tvitovale #NisamPrijavila,radost,2026-03-31T08:49:40.030756+00:00
ff128,21,13,1475119675386249221,#NisamPrijavila jer mi je bilo 8 godina i on je bio moj otac.,Emocionalno neutralno,2026-03-31T08:49:52.696599+00:00
ff128,21,14,1475510636553641986,"#NisamPrijavila jer se desilo kad san bila dosta mala, 5-6 godina. Nisan imala pojma sta se tad desilo, meni se činilo da je to sta mi je on (didov rođak, sad vec mrtav možda 10-ak god.) napravija normalno. On mi je na katu u sobi nešto u početku pokaziva, dok su moja mater i /",Ne mogu da razumem,2026-03-31T08:50:11.586322+00:00
ff128,21,15,1475393481086574598,"#NisamPrijavila Bila je noć, kafana, malo se popilo. Igrala sam sa njegovim drugom, sela, povukao me za kosu, na kvarno udario u vilicu. Ustao i ko pička pobegao. Otišla sam kući, popričala sa prijateljima. Otišla na pregled, prijavila ga. Dobio zabranu prilaska",bes,2026-03-31T08:50:27.825765+00:00
ff128,21,16,1476734211876958218,@[user] Retaaard kad je napisao pre par dana #nisamprijavila nisam mogla da verujem sta poredi budaletina!! Teraj to u kurac bolesnik!,bes,2026-03-31T08:50:37.880567+00:00
ff128,21,17,1475251300161961994,"@[user] Pitam se samo odakle pravo da se ukljucuju na #NisamPrijavila svi oni koji su po medijima razvlacili glumice koje su prijavile “uticajne” likove…
Dvojni moral bez morala!",bes,2026-03-31T08:50:52.223439+00:00
ff128,21,18,1477776149988225025,"Veceras smo culi dosta korisnih saveta, drugaciji je spejs bio od prethodnog. Nastavicemo da se bavimo ovom temom i dalje. Hvala svima koji su ucestvovali, podelili svoju pricu, savet ili samo slusali.
#NisamPrijavila
#nisisama",poverenje,2026-03-31T08:51:14.243998+00:00
ff128,21,19,1475490333278576641,@[user] @[user] Nažalost ovo je jedini način jer da se nije oglasila sestra ove devojke i ona bi bila samo još jedna u nizu #nisamprijavila ....,iščekivanje,2026-03-31T08:52:01.264391+00:00
ff128,21,20,1475270232625319937,#NisamPrijavila jer nisam prepoznala seksualno zlostavljanje,Emocionalno neutralno,2026-03-31T09:00:48.540247+00:00
ff128,21,21,1475526091896991750,"Nikada #NisamPrijavila psihičko zlostavljanje od strane mog zeta kada sam imala svega 8 godina, a kasnije kada sam bila u pubertetu komentariao moje noge. Koji je moju sestru nasilno odvojio od naše porodice, za kog smo čuli da ju je maltretirao.",tuga,2026-03-31T08:52:41.4827+00:00
ff128,21,22,1475172397473013760,upravo citam #NisamPrijavila i ne mogu da vjerujem kroz sta zene prolaze divim se svakoj ikad❤️,iznenađenje,2026-03-31T08:52:50.991409+00:00
ff128,21,23,1475536725531320321,"#nisamprijavila razmišljam koliko je žena ovde iskusilo i videlo dečake u osnovnoj školi kako savatavaju devojčice/zadižu im suknje, majice. Koliko ih je bilo kažnjeno? Koliko su čule ""to su dečaci, proći će ih"" i ""ne bi te dirali da nisi lepa"" tokom odrastanja.
Učimo dečake da",gađenje,2026-03-31T08:53:06.467108+00:00
ff128,21,24,1476606761104814091,"Nije pitanje zasto #NisamPrijavila, nego je pitanje ima li itko dobro iskustvo s prijavom da bar jednom cujemo da se isplatila. Svaka cast žene!",bes,2026-03-31T08:53:57.906609+00:00
ff128,21,25,1475184248520949761,"#NisamPrijavila 
Čitam tvitove, šokiran sam i besan. Ali onda naletim na trule priče gde je neko nekog ružno gledao u busu itd. Nemojte čisto da biste nešto napisali da pišete gluposti i time jebeno obesmišljavate ceo ovaj pokret. Ovo je ozbiljno i zna se na šta se ovo odnosi.",bes,2026-03-31T08:54:16.326196+00:00
ff128,21,26,1475416141090758664,"Postoji li jedna iskrena inicijativa, kojoh je cilj samo pomoć/korist za neku grupaciju i ne sadrži direktan napad na Srbiju i/ili SPC,
a da je u njoj učestvovala Staša #NisamPrijavila Zajević?",Emocionalno neutralno,2026-03-31T08:54:34.540145+00:00
ff128,21,27,1475439922043572229,"#NisamPrijavila bezbroj puta, ali JESAM PRIJAVILA nedavno ljigave nasilno-seksističke komentare na radnom mjestu.  Uz malo oklijevanja, oformljena je komisija i ljigavcu izrečena opomena i naloženo da mi se izvini - primjereno nedjelu.  MEĐUTIM, u zapisnik komisije uvrštene su...",bes,2026-03-31T08:55:03.554264+00:00
ff128,21,28,1475036401125236736,@[user] Prvi tvit za #NisamPrijavila je postavljen pre manje od 24h. Još gore.,iznenađenje,2026-03-31T08:55:19.499933+00:00
ff128,21,29,1475112441210146816,"@[user] @[user] #NisamPrijavila  dečka s kojim sam bila 3 godine (17-20) Psihički me zlostavljao, vrijeđao, kontrolirao.. kad sam napokon skupila snage i hrabrosti da odem uhvatio me toliko jako za ruke da su mi ostale modrice, samo da ne odem, sigurna sam da sam da bi me i udario da sam ostala.",strah,2026-03-31T08:55:36.412734+00:00
ff128,21,30,1475018934101417985,"#nisamprijavila Savet muškarcima: čitajte, ali nemojte da se pretvarate da ste razumeli. Niste. Nekoliko hiljada godina smo učeni da ne razumemo. Ne postavljajmo glupa i suvišna pitanja, samo im pružimo podršku uvek i svugde.",iščekivanje,2026-03-31T08:56:09.876117+00:00
ff128,21,31,1475462058686750724,"Vidim da se #nisamprijavila u kratkom roku pretvorilo dobrim delom u ,,kulturni rat"" - diskusije o srpstvu, patrijarhatu, kakav je profil onih koji relativizuju ili propagiraju hešteg, bla bla bla. Svaka čast na potpunom promšaju poente, stvarno. A da se fokusiramo na bitne",gađenje,2026-03-31T08:56:29.80951+00:00
ff128,21,32,1475160096221052928,"Važne su kampanje #NisamPrijavila, ali one su kratkog daha. Treba svaki dan hrabro ići kroz život, ne dati na sebe, prijavljivati nasilje, bodriti zastrašene i uplašene. Svaki dan je prilika da budemo ljudi.",poverenje,2026-03-31T08:56:46.472472+00:00
ff128,21,33,1475241591631720450,"čitajući #nisamprijavila iskustva i zbog same činjenice da su mnogobrojna, poželim apsolutnu izolaciju od dodira ostatak života",strah,2026-03-31T08:57:02.257521+00:00
ff128,21,34,1475748993569275906,"@[user] Strašno je kad između #prijavilasam i #NisamPrijavila...gotovo da nema razlike. E, to je opasno.",iznenađenje,2026-03-31T08:57:09.729876+00:00
ff128,21,35,1476286311971622915,@[user] Ovo je uzas na kugli zemaljskoj. 😔  #NisamPrijavila,tuga,2026-03-31T08:57:14.140157+00:00
ff128,21,36,1475044982021136384,"#NisamPrijavila prijavljujte sve, jer Vaše prijave znače mnogo!",iščekivanje,2026-03-31T08:57:29.498574+00:00
ff128,21,37,1475360693897605123,"#NisamPrijavila jer su mi rekli da nemam pravo, jer sam sigurno necim sama izazvala, jer je to tako bilo oduvijek, jer samo luda osoba zeli unistit obitelj covjeku, jer sam krivo shvatila,..
#NisamPrijavila jer zivim u Hrvatskoj u 21. stoljecu.",tuga,2026-03-31T08:57:40.277962+00:00
ff128,21,38,1475553974879203330,"I dalje se ježim na #nisamprijavila tvitove.

Svoj ne smem ni da napišem!",strah,2026-03-31T08:57:44.488999+00:00
ff128,21,39,1475121148463562752,"@[user] Sa svakim novim #nisamprijavila tvitom raste bes u meni, bes što nisam bio u prilici da sprečim, bes zbog nemoći da pomognem. Želim da se više nikome ne dogodi, i da podrška nikad ne izostane, i ako nešto znači, želim da znaš da više nisi sama, sad imaš nas. Srce i podrška!❤❤❤",bes,2026-03-31T08:58:00.15842+00:00
ff128,21,40,1475715261072396292,"Zašto žene čekaju?
""Žene ne čekaju, naša kultura ih ne čuje""  A.M.

#NisamPrijavila",bes,2026-03-31T08:58:08.571862+00:00
ff128,21,41,1475204685355270149,bože čitam #nisamprijavila i plačem,tuga,2026-03-31T08:58:11.499223+00:00
ff128,21,42,1476236288810496009,"Kasno uveče čujem kako je sa jedne strane sobe vuče na drugu. Ona zapomaže sa poda, čujem jer je tik uz plafon, u ćošku. Nije prvi put da policija izlazi na teren. Sve komšije čuju. Prijavila sam, ali ništa....
#NisamPrijavila",strah,2026-03-31T08:58:21.489258+00:00
ff128,21,43,1475219214956994562,"#NisamPrijavila kad me oženjeni kum moje drugarice napao u kolima posle njihove slave. Vozio nas troje kući, ja ostala poslednja  (jbg Jerković). Dok mi je gurao glavu ka svom međunožju, lupila ga štiklom među oči i pobegla. Otišla kući hramajući preko Plavog mosta bez cipele.",strah,2026-03-31T08:58:41.975436+00:00
ff128,21,44,1479450491213996038,"@[user] licemerno je što su do pre dve nedelje podržavali #nisamprijavila, a sad odjednom krive ženu samo zato što je poznata ličnost koju ne vole",gađenje,2026-03-31T08:58:51.794181+00:00
ff128,21,45,1475062935504531461,"#NisamPrijavila - sa posledicama trauma,  preživele/i seksualnog nasilja nose se godinama. Obezbediti sistemsku podršku, uključujući i širenje mreže psihosocijalne podrške u zajednici, od krucijalne je važnosti. 
#mentalnozdravlje #podrška #nisisama #nisisam",iščekivanje,2026-03-31T08:59:06.419525+00:00
ff128,21,46,1475437184572444677,"#NisamPrijavila jer je manipulator koji uvijek pričom pridobije ljude na svoju stranu. Ili jer su mu roditelji važni ljudi u gradu.
Šutila sam jer kad zamislim da moja majka zna osjetim koliko bi je bolilo. Uz sve probleme u životu koje ima, ja sam pred njom uvijek bila sretna...",strah,2026-03-31T08:59:25.823204+00:00
ff128,21,47,1475196040055824384,"Kada jesam prijavila, prvo pitanje u policiji je bilo “A čime ste ga izazvali, nemoguće da je iz čista mira!?” Zato, #NisamPrijavila jeste uobičajeno kod nas, ali i jako poražavajuće. Moj problem je bio majušan u odnosu na ovo što sada isplivava. Tužan smo mi narod. I glup. 😞",tuga,2026-03-31T08:59:39.868305+00:00
ff128,21,48,1475163274358538246,пуни љубави шаљем мојим девојкама. #NisamPrijavila ❤️,radost,2026-03-31T08:59:43.096371+00:00
ff128,21,49,1475172336580108296,"Dok čitam sve ove  #NisamPrijavila priče, prisećam se prošlosti, za koju mi je trebalo dosta vremena da je potisnem negde, saosećam se sa svim devojkama/ženama, ali isto tako i muškarcima koji prolaze kroz bilo kakvo nasilje, bilo to fizičko ili psihičko isto je!❤️",poverenje,2026-03-31T09:00:02.737845+00:00
ff129,22,0,1475994287460569088,"da stanemo na stanicu dok otkuca poruku), nisam prijavila koliko sam bezala u sred bela dana dok su me ljudi gledali, a on izasao iz auta i krenuo za mnom. Prijavila sam taksi udruzenju koje nije ni odreagovalo, niti me pozvalo posle. #NisamPrijavila da se bojim taksija od tada.",strah,2026-03-31T08:44:18.751917+00:00
ff129,22,1,1475127981916016641,"#NisamPrijavila
drugarica je prijavila oca koji je majku tukao godinama, a tog dana, kada se konačno osmelila da pokuša da joj pomogne, nju je davio, držeći je pritisnutu kolenom na grudima... došli su da mu kažu ""nemojte to više raditi"", a njih dve godinama živele po tuđim...",bes,2026-03-31T08:44:43.445262+00:00
ff129,22,2,1475082856909217795,"#nisamprijavila Toliko potresnih tvitova danas pročitah, te žene nisu ni svesne koliko su zapravo hrabre. Ježim se, a istovremeno sam i besna. Besna na svet prepun monstruma i na sve one koji će prvo osuditi žrtvu, a tražiti izgovore za te monstrume.",bes,2026-03-31T08:44:52.949239+00:00
ff129,22,3,1475396291635077120,"15K tvitova #NisamPrijavila , juče i prvi spejs na tu temu. 

Tviter - vaše pravo da znate o čemu Srbija i njene institucije ćute decenijma.",Emocionalno neutralno,2026-03-31T08:45:05.281835+00:00
ff129,22,4,1475430510809726978,"Užasnuta sam brojem žena koji se oglasili #nisamPrijavila? A tek koje nisu? Pa ko su ti nasilnici oko nas? Naši očevi, braća, prijatelji, stričevi... Ne, mi smo u kamenom dobu, trećeg nema?",gađenje,2026-03-31T08:45:23.405013+00:00
ff129,22,5,1475378075512803331,"#NisamPrijavila #NisamPrijavio 
Poznajem jako mnogo ljudi koji ćute ceo život. Gledao sam kako im se gorke suze slivaju niz lice jer još uvek nose tu bol u sebi. Slušao sam već odrasle ljude kako otvaraju svoju dušu, ali kasno.
Naučite vašu decu da ste im najbolji prijatelji.",tuga,2026-03-31T08:45:40.863783+00:00
ff129,22,6,1475234535650611210,Hteo sam da 🔃 sve #NisamPrijavila priče. Drago mi je što nisam ni približno uspeo. Drago mi je što je toliko ljudi odlučilo da prestane da ćuti.,radost,2026-03-31T08:45:50.839826+00:00
ff129,22,7,1475057349543043076,"Drugi put #NisamPrijavila jer sam se derealizovala od straha i nisam bila sigurna da li je ta ruka stvarno bila tamo gde mi se čini da jeste. Mnogo godina kasnije, uverila sam se da jeste, kad je jednom dobrom čoveku intuicija rekla da treba da stoji između mene i tog…",Ne mogu da razumem,2026-03-31T08:46:14.044446+00:00
ff129,22,8,1475422746721067017,Znala sam da trebam samo da citam #NisamPrijavila a ne odgovore jer mi se sere od ljudi koji se bukv POTRUDE da nadju bilo kakvo opravdanje za nasilje,gađenje,2026-03-31T08:46:28.844576+00:00
ff129,22,9,1475231368447672336,"tog dana mi se mozak prevrtao i nisam mogla išta da kažem, kako ja nju da utešim ili ohrabrim, mogla sam samo da je slušam
sad čitam #nisamprijavila nadajući se da je moja ""drugarica"" iz covid ambulante živa, zdrava i srećna",iščekivanje,2026-03-31T08:46:48.276974+00:00
ff129,22,10,1475437413728202757,"Silovanje psihe #NisamPrijavila, a  danima nisam spavala od pretnji bivšeg izvođača radova na F.gori .... jer žena, bez muške zaštite, 75km udaljena, koju je hteo da opelješi. 

Znam, nije uporedivo sa fizičkim nasiljem, al' utiče ...  :(",strah,2026-03-31T08:47:04.525154+00:00
ff129,22,11,1475419342397644803,Od #NisamPrijavila krv mi se ledi u žilama...ljubav za sve 😔❤,poverenje,2026-03-31T08:47:16.691114+00:00
ff129,22,12,1475788852954607632,#NisamPrijavila Подршка за све жене жртве насиља.,Emocionalno neutralno,2026-03-31T08:47:24.102605+00:00
ff129,22,13,1475107992215375874,"читајући туђе и присећајући се моје приче иза #NisamPrijavila , све што могу да кажем јесте да се плашим колико нас још има поред свих ових прича и твитова и инстаграм постова.
осећам се беспомоћно када се ставим у ваше коже и схватим како сам се ја осећала,",strah,2026-03-31T08:47:39.259513+00:00
ff129,22,14,1475125938027470851,#NisamPrijavila jer sam imala 15 godina i to mi je bila prva veza gde sam bila ubeđivanja da je to normalno i da to našu vezu čini jačom,strah,2026-03-31T08:47:51.373784+00:00
ff129,22,15,1475129848628711431,#NisamPrijavila jer me je bilo sramota što sam se našla u par situacija u neznanju i jer je druga strana bila uverena da je sve OK. Tek mnogo godina kasnije sam shvatila šta mi se u tih par navrata desilo. Bila me je sramota što sam bila glupa tako.,tuga,2026-03-31T08:48:06.712497+00:00
ff129,22,16,1475121455738327044,"#NisamPrijavila pokret me natjerao da otvorim Twitter account jer se pronalazim u svakoj riječi, saosjećam sa svakom ženom/djevojkom i jer je ovo najbitniji momenat u 2021 koji mora da donese promjene.",iščekivanje,2026-03-31T08:48:18.483922+00:00
ff129,22,17,1475394038866001921,"са овим #NisamPrijavila се не постиже ништа, осим што ће девојке овде да олакшају душу. 
чак мислим и да је погрешно јер ће многе доживети то као да је сасвим нормално да не пријаве. није нормално.

боље направите неки нпр. #PrijaviNaVreme и охрабрујте девојке да пријављују.",Emocionalno neutralno,2026-03-31T08:48:41.914638+00:00
ff129,22,18,1475411302256463875,"#NisamPrijavila je razotkrila ogroman društveni problem i država bi morala da skoči na noge: 
slušanje žrtava u Skupštini; spec. sednica Vlade, preispitivanje slučajeva među tužiteljima, u Policiji unutrašnje kontrole, u školama tematski časovi, Zaštitnik građana grmi...
Ali.",iščekivanje,2026-03-31T08:48:57.015373+00:00
ff129,22,19,1475558708423929860,#NisamPrijavila jer sam imala 10 godina i naterala sam sebe da zaboravim na to.,strah,2026-03-31T08:49:04.973574+00:00
ff129,22,20,1475521468016603139,"Plaćamo policiju i državnu administraciju da rade svoj posao, da bismo mi mogli da radimo svoje poslove.
I to onda moramo umesto njih.
Čemu služe onda???
#NisamPrijavila",bes,2026-03-31T08:49:13.009517+00:00
ff129,22,21,1475093280354353154,"ovo je prvi put posle skoro 10 godina da me nije strah da ispričam i da se zaista ne osećam kao krivac, već kao pobednik. #nisamprijavila",radost,2026-03-31T08:49:19.455488+00:00
ff129,22,22,1475157481420726277,"само желим да пружим подршку свим девојкама које су испричале своје приче, а и онима које нису. Нисте саме. ❤️ #nisamprijavila",poverenje,2026-03-31T08:49:25.930944+00:00
ff129,22,23,1475030650365304832,"#NisamPrijavila
Poruka za sve devojke i žene.
Neka vam ovo bude primer da ne budete slabici. 
Učite na tuđim greškama i slabostima.
Bori se, nemoj ćutati!",poverenje,2026-03-31T08:49:42.087395+00:00
ff129,22,24,1475883429233410050,"@[user] @[user] cijeli je trend o ženama koje nisu prijavile. da se radi o prijavljenim slučajevima, naravno da bi se slagala, sve dok ne dođemo na npr. presudu Hr suda gdje je olakotna okolnost bila što čovjek ""nije prihvatio odbijanje""

ali druga tema od #NisamPrijavila",Ne mogu da razumem,2026-03-31T08:50:29.733032+00:00
ff129,22,25,1480249991239188487,"@[user] Feministkinje koje su se cule u #nisamprijavila,vjerovatno su bile tu i pljeskale ushiceno jer su muslimanke same to trazile #hypocrisy",gađenje,2026-03-31T08:50:58.157289+00:00
ff129,22,26,1475520635766030351,"#NisamPrijavila 
Imala sam 7-8 godina i bila sam sama kod kuce, kada je dosao komsija koji je bio mnogo puta ranije kod nas i uzeo me u krilo kao mnogo puta ranije, samo sto me je tog puta detaljno ispipkao po celom telu, mislim da je to pipkanje trajalo pola sata... ⬇️",strah,2026-03-31T08:51:09.719465+00:00
ff129,22,27,1475537193502490627,"#nisamprijavila im se može i da je to normalno a devojčice da ih niko neće zaštititi i da su same krive jer da nisu x,y,z, onda ih ne bi dirali.",bes,2026-03-31T08:51:36.826265+00:00
ff129,22,28,1475816778987098120,@[user] @[user] Ne svidja vam se pa udrite po njoj a sa druge strane propagandu #NisamPrijavila branite nek ispadne da su muskarci zlo. Da ne pricam sta radite @[user] nju otprilike treba razapeti na terazijama jer se usprotivila propagandi  #nisamPrijavila #nisisama,bes,2026-03-31T08:51:55.315239+00:00
ff129,22,29,1475051873522659330,Ne bih ja bio ja kada ne bih primjetio da se ovom heštegu #NisamPrijavila uglavnom javljaju Srpkinje.,bes,2026-03-31T08:52:07.362426+00:00
ff129,22,30,1475958688636620800,"@[user] @[user] Autor i sam upada u logičku zamku jer i on #nisamprijavila posmatra kroz prizmu svojih anti-femnističkih stavova (feminizam izjednačava sa mizandrijom), te stoga ne bi ni trebao da uzima učešće u raspravi, jer, jelte, ima ima političke pozadine",bes,2026-03-31T08:52:22.375605+00:00
ff129,22,31,1475138800108150784,"Ненормалну снагу и успела да га одгурнем и ошамарим. Да, #NisamPrijavila, али сам рекла првом момку из обезбеђења. Мислим да је добио додатне батине, нисам сигурна, али је био избачен из локала. А моје сузе су кренуле тек када сам се смирила. Још једном, хвала ти тата на томе ❤️",radost,2026-03-31T08:52:43.662242+00:00
ff129,22,32,1476169396095791104,Sve dok o bezbednosti gradjana vode računa upravo ovakva gamad broj tvitova na #NisamPrijavila će samo da raste + na sve to dodamo one devojke koje su potpuno istraumirane i ne mogu da govore o tome na bilo koji način a sigurna sam da nas je mnogo,bes,2026-03-31T08:52:54.715497+00:00
ff129,22,33,1475092636084195332,"#NisamPrijavila jer sam bila izmanipulisana, zavisila sam od njegove 'ljubavi' ubeđena da bez njega ne mogu da živim, opravdavala ga i tako dalje",poverenje,2026-03-31T08:53:03.836228+00:00
ff129,22,34,1475432616845361158,#NisamPrijavila jer sam mislila da je u redu ako smo u vezi.,poverenje,2026-03-31T08:53:11.326732+00:00
ff129,22,35,1475096828064538630,"Davno me je uhvatio neki za vrat i nabio u zid pa sam ja kao jaka i sposobna njemu razbila nos, ali sad što više razmišljam vidim koliko je bilo da #NisamPrijavila jer nisam znala, jer i dalje učim šta je nasilje, mislila sam da to tako treba, ili da sam sama birala, zaslužila.",tuga,2026-03-31T08:53:41.660939+00:00
ff129,22,36,1475166891207499777,Oko struka pokušao da me odvuče u haustor. Od tog sporta je tada bilo koristi i uz ogroman napor sam uspela da se odbranim i pobegnem. Drhtala sam kao prut. A poslednji put #NisamPrijavila ja već je to uradila moja sestra i zato joj hvala do neba. Moj je heroj zbog toga.,strah,2026-03-31T08:53:59.178237+00:00
ff129,22,37,1475075455183110145,"#NisamPrijavila jer bi ispalo da se dedina unuka žali. Deda mi je bio direktor škole, a #bullying sam najviše zbog toga doživljavala. Iako je deda otišao u penziju kada sam ja krenula u prvi razred. Osam godina sam se nosila sa tim, niko od odraslih nije primetio.",strah,2026-03-31T08:54:17.147957+00:00
ff129,22,38,1476087252845481985,"#NisamPrijavila Jako je bitan izbor u životu.Nasilni partneri čine manje od 0,1 % našeg društva.Biraj mudro.",bes,2026-03-31T08:54:29.720851+00:00
ff129,22,39,1479703093495410689,"@[user] Mislim da nasilje ne treba da ima veze sa imenom i prezimenom žene koja je pretrpela ili trpi. #NisamPrijavila treba da oživi u svakom smislu jer ne bi počeli godinu sa ženom koja je nažalost ubijena i ženom koja je maltretirana.
Danas JK sutra TI,nasilniku ne treba povod.",iščekivanje,2026-03-31T08:54:57.037305+00:00
ff129,22,40,1475081694847938564,#NisamPrijavila jer je bilo moje prvo seksualno iskustvo i nisam znala šta znači pristanak. Nije me niko naučio,poverenje,2026-03-31T08:55:10.95974+00:00
ff129,22,41,1475173824979210241,"Čoveku koji jedino poseduje čekić sve liči na ekser. Često se tako i nasilje nad ženama analizira.

A odgovor je višeslojan:

Niz

1. kulturološki: #nisamprijavila daje uvid u indoktrinaciju žena da ćute i trpe

2. neposredno okruženje: kao posledica 1. ili iz drugih razloga…",Emocionalno neutralno,2026-03-31T08:55:39.271896+00:00
ff129,22,42,1475829910803472385,#NisamPrijavila jer mi je sama pomisao na taj niži oblik života toliko jeziva da ne želim da prolazim kroz nas takozvani pravosudni sistem,gađenje,2026-03-31T08:55:48.409404+00:00
ff129,22,43,1475516919595810819,"#NisamPrijavila Jedna zanimljiva stvar sa psihoterapije a na ovu temu je, žene se često pitaju:
 -Da li svaki nasilnik već na početku veze ili interakcije planira nasilje?
-Ne nužno, ali uvek želi i planira KONTROLU nad nama, a to jeste vid nasilja.",iščekivanje,2026-03-31T08:56:07.794999+00:00
ff129,22,44,1475388390191374340,"Zato podržavam sve žene koje su svoju intimu, njen najbolniji i najosetljiviji deo iznele raznolikoj pažnji javnosti kroz #NisamPrijavila .

To nije lako, u najmanju ruku.

To je ponovno preživljavanje, to je izloženost i rizik.

I zato ih takođe moramo podržati. I sada i uvek ✊",radost,2026-03-31T08:56:22.336375+00:00
ff129,22,45,1476342995456868354,"Ko je sudija iz koji je pustio smeće iz zatvora?
Ko je inspekor iz koji je pustio smeće iz zatvora?
Ko je tužilac i zašto smećetu nije produžen pritvor?
Ko su pripadnici mup-a koji su trebali da štite ove nesrećne žene? 
TI ljudi su srž našeg problema!
Jebite se!
#nisamprijavila",gađenje,2026-03-31T08:56:35.823892+00:00
ff129,22,46,1475907493683470341,Mučno je kad pročitaš sva svjedočanstva pod #NisamPrijavila i u nekima pronađeš sebe. Pa osvijestiš neke stvari.,tuga,2026-03-31T08:56:44.182697+00:00
ff129,22,47,1475507200265175042,"Ove godine definitivno najvažniji hašteg je #NisamPrijavila i samo da znate, niste same, divim(o) vam se jer ste odlučile da podelite to sa svima... Time ste ohrabrile druge žene da se spasu ⬇️",radost,2026-03-31T08:56:56.136552+00:00
ff129,22,48,1475571676222050304,kolika je u stvari sramota za naš narod to što svaka druga djevojka/žena u svom tvitu #NisamPrijavila piše kako je jedan od razloga što nije prijavila to što joj niko ne bi vjerovao,bes,2026-03-31T08:57:07.337791+00:00
ff129,22,49,1475139429232742412,"Brate mili, koji je ovo horor od ovih #NisamPrijavila tvitova. Jadne ove naše majke, sestre, ćerke, drugarice.
Kakvi užasi...
Ne dao bog nikom",tuga,2026-03-31T08:57:22.146625+00:00
ff130,22,0,1475994287460569088,"da stanemo na stanicu dok otkuca poruku), nisam prijavila koliko sam bezala u sred bela dana dok su me ljudi gledali, a on izasao iz auta i krenuo za mnom. Prijavila sam taksi udruzenju koje nije ni odreagovalo, niti me pozvalo posle. #NisamPrijavila da se bojim taksija od tada.",strah,2026-03-31T08:44:15.35372+00:00
ff130,22,1,1475127981916016641,"#NisamPrijavila
drugarica je prijavila oca koji je majku tukao godinama, a tog dana, kada se konačno osmelila da pokuša da joj pomogne, nju je davio, držeći je pritisnutu kolenom na grudima... došli su da mu kažu ""nemojte to više raditi"", a njih dve godinama živele po tuđim...",strah,2026-03-31T08:44:23.190041+00:00
ff130,22,2,1475082856909217795,"#nisamprijavila Toliko potresnih tvitova danas pročitah, te žene nisu ni svesne koliko su zapravo hrabre. Ježim se, a istovremeno sam i besna. Besna na svet prepun monstruma i na sve one koji će prvo osuditi žrtvu, a tražiti izgovore za te monstrume.",bes,2026-03-31T08:44:24.895804+00:00
ff130,22,3,1475396291635077120,"15K tvitova #NisamPrijavila , juče i prvi spejs na tu temu. 

Tviter - vaše pravo da znate o čemu Srbija i njene institucije ćute decenijma.",Emocionalno neutralno,2026-03-31T08:45:11.934609+00:00
ff130,22,4,1475430510809726978,"Užasnuta sam brojem žena koji se oglasili #nisamPrijavila? A tek koje nisu? Pa ko su ti nasilnici oko nas? Naši očevi, braća, prijatelji, stričevi... Ne, mi smo u kamenom dobu, trećeg nema?",gađenje,2026-03-31T08:45:26.518592+00:00
ff130,22,5,1475378075512803331,"#NisamPrijavila #NisamPrijavio 
Poznajem jako mnogo ljudi koji ćute ceo život. Gledao sam kako im se gorke suze slivaju niz lice jer još uvek nose tu bol u sebi. Slušao sam već odrasle ljude kako otvaraju svoju dušu, ali kasno.
Naučite vašu decu da ste im najbolji prijatelji.",strah,2026-03-31T08:45:47.547579+00:00
ff130,22,6,1475234535650611210,Hteo sam da 🔃 sve #NisamPrijavila priče. Drago mi je što nisam ni približno uspeo. Drago mi je što je toliko ljudi odlučilo da prestane da ćuti.,radost,2026-03-31T08:46:04.387958+00:00
ff130,22,7,1475057349543043076,"Drugi put #NisamPrijavila jer sam se derealizovala od straha i nisam bila sigurna da li je ta ruka stvarno bila tamo gde mi se čini da jeste. Mnogo godina kasnije, uverila sam se da jeste, kad je jednom dobrom čoveku intuicija rekla da treba da stoji između mene i tog…",poverenje,2026-03-31T08:46:26.278202+00:00
ff130,22,8,1475422746721067017,Znala sam da trebam samo da citam #NisamPrijavila a ne odgovore jer mi se sere od ljudi koji se bukv POTRUDE da nadju bilo kakvo opravdanje za nasilje,bes,2026-03-31T08:46:40.495826+00:00
ff130,22,9,1475231368447672336,"tog dana mi se mozak prevrtao i nisam mogla išta da kažem, kako ja nju da utešim ili ohrabrim, mogla sam samo da je slušam
sad čitam #nisamprijavila nadajući se da je moja ""drugarica"" iz covid ambulante živa, zdrava i srećna",Emocionalno neutralno,2026-03-31T08:47:09.628431+00:00
ff130,22,10,1475437413728202757,"Silovanje psihe #NisamPrijavila, a  danima nisam spavala od pretnji bivšeg izvođača radova na F.gori .... jer žena, bez muške zaštite, 75km udaljena, koju je hteo da opelješi. 

Znam, nije uporedivo sa fizičkim nasiljem, al' utiče ...  :(",strah,2026-03-31T08:47:32.480823+00:00
ff130,22,11,1475419342397644803,Od #NisamPrijavila krv mi se ledi u žilama...ljubav za sve 😔❤,tuga,2026-03-31T08:47:38.870746+00:00
ff130,22,12,1475788852954607632,#NisamPrijavila Подршка за све жене жртве насиља.,poverenje,2026-03-31T08:47:43.731645+00:00
ff130,22,13,1475107992215375874,"читајући туђе и присећајући се моје приче иза #NisamPrijavila , све што могу да кажем јесте да се плашим колико нас још има поред свих ових прича и твитова и инстаграм постова.
осећам се беспомоћно када се ставим у ваше коже и схватим како сам се ја осећала,",strah,2026-03-31T08:48:08.235263+00:00
ff130,22,14,1475125938027470851,#NisamPrijavila jer sam imala 15 godina i to mi je bila prva veza gde sam bila ubeđivanja da je to normalno i da to našu vezu čini jačom,Emocionalno neutralno,2026-03-31T08:48:19.315157+00:00
ff130,22,15,1475129848628711431,#NisamPrijavila jer me je bilo sramota što sam se našla u par situacija u neznanju i jer je druga strana bila uverena da je sve OK. Tek mnogo godina kasnije sam shvatila šta mi se u tih par navrata desilo. Bila me je sramota što sam bila glupa tako.,Emocionalno neutralno,2026-03-31T08:48:36.29249+00:00
ff130,22,16,1475121455738327044,"#NisamPrijavila pokret me natjerao da otvorim Twitter account jer se pronalazim u svakoj riječi, saosjećam sa svakom ženom/djevojkom i jer je ovo najbitniji momenat u 2021 koji mora da donese promjene.",Emocionalno neutralno,2026-03-31T08:48:53.442462+00:00
ff130,22,17,1475394038866001921,"са овим #NisamPrijavila се не постиже ништа, осим што ће девојке овде да олакшају душу. 
чак мислим и да је погрешно јер ће многе доживети то као да је сасвим нормално да не пријаве. није нормално.

боље направите неки нпр. #PrijaviNaVreme и охрабрујте девојке да пријављују.",Emocionalno neutralno,2026-03-31T08:49:17.424917+00:00
ff130,22,18,1475411302256463875,"#NisamPrijavila je razotkrila ogroman društveni problem i država bi morala da skoči na noge: 
slušanje žrtava u Skupštini; spec. sednica Vlade, preispitivanje slučajeva među tužiteljima, u Policiji unutrašnje kontrole, u školama tematski časovi, Zaštitnik građana grmi...
Ali.",Emocionalno neutralno,2026-03-31T08:49:28.388567+00:00
ff130,22,19,1475558708423929860,#NisamPrijavila jer sam imala 10 godina i naterala sam sebe da zaboravim na to.,Emocionalno neutralno,2026-03-31T08:49:36.443594+00:00
ff130,22,20,1475521468016603139,"Plaćamo policiju i državnu administraciju da rade svoj posao, da bismo mi mogli da radimo svoje poslove.
I to onda moramo umesto njih.
Čemu služe onda???
#NisamPrijavila",bes,2026-03-31T08:49:46.645228+00:00
ff130,22,21,1475093280354353154,"ovo je prvi put posle skoro 10 godina da me nije strah da ispričam i da se zaista ne osećam kao krivac, već kao pobednik. #nisamprijavila",poverenje,2026-03-31T08:49:53.126491+00:00
ff130,22,22,1475157481420726277,"само желим да пружим подршку свим девојкама које су испричале своје приче, а и онима које нису. Нисте саме. ❤️ #nisamprijavila",poverenje,2026-03-31T08:50:08.203489+00:00
ff130,22,23,1475030650365304832,"#NisamPrijavila
Poruka za sve devojke i žene.
Neka vam ovo bude primer da ne budete slabici. 
Učite na tuđim greškama i slabostima.
Bori se, nemoj ćutati!",Emocionalno neutralno,2026-03-31T08:50:20.067907+00:00
ff130,22,24,1475883429233410050,"@[user] @[user] cijeli je trend o ženama koje nisu prijavile. da se radi o prijavljenim slučajevima, naravno da bi se slagala, sve dok ne dođemo na npr. presudu Hr suda gdje je olakotna okolnost bila što čovjek ""nije prihvatio odbijanje""

ali druga tema od #NisamPrijavila",Ne mogu da razumem,2026-03-31T08:50:35.046095+00:00
ff130,22,25,1480249991239188487,"@[user] Feministkinje koje su se cule u #nisamprijavila,vjerovatno su bile tu i pljeskale ushiceno jer su muslimanke same to trazile #hypocrisy",gađenje,2026-03-31T08:51:14.627037+00:00
ff130,22,26,1475520635766030351,"#NisamPrijavila 
Imala sam 7-8 godina i bila sam sama kod kuce, kada je dosao komsija koji je bio mnogo puta ranije kod nas i uzeo me u krilo kao mnogo puta ranije, samo sto me je tog puta detaljno ispipkao po celom telu, mislim da je to pipkanje trajalo pola sata... ⬇️",strah,2026-03-31T08:51:37.723604+00:00
ff130,22,27,1475537193502490627,"#nisamprijavila im se može i da je to normalno a devojčice da ih niko neće zaštititi i da su same krive jer da nisu x,y,z, onda ih ne bi dirali.",Emocionalno neutralno,2026-03-31T08:52:10.951328+00:00
ff130,22,28,1475816778987098120,@[user] @[user] Ne svidja vam se pa udrite po njoj a sa druge strane propagandu #NisamPrijavila branite nek ispadne da su muskarci zlo. Da ne pricam sta radite @[user] nju otprilike treba razapeti na terazijama jer se usprotivila propagandi  #nisamPrijavila #nisisama,bes,2026-03-31T08:52:24.407117+00:00
ff130,22,29,1475051873522659330,Ne bih ja bio ja kada ne bih primjetio da se ovom heštegu #NisamPrijavila uglavnom javljaju Srpkinje.,Emocionalno neutralno,2026-03-31T08:52:33.465379+00:00
ff130,22,30,1475958688636620800,"@[user] @[user] Autor i sam upada u logičku zamku jer i on #nisamprijavila posmatra kroz prizmu svojih anti-femnističkih stavova (feminizam izjednačava sa mizandrijom), te stoga ne bi ni trebao da uzima učešće u raspravi, jer, jelte, ima ima političke pozadine",bes,2026-03-31T08:52:51.735588+00:00
ff130,22,31,1475138800108150784,"Ненормалну снагу и успела да га одгурнем и ошамарим. Да, #NisamPrijavila, али сам рекла првом момку из обезбеђења. Мислим да је добио додатне батине, нисам сигурна, али је био избачен из локала. А моје сузе су кренуле тек када сам се смирила. Још једном, хвала ти тата на томе ❤️",poverenje,2026-03-31T08:53:13.663508+00:00
ff130,22,32,1476169396095791104,Sve dok o bezbednosti gradjana vode računa upravo ovakva gamad broj tvitova na #NisamPrijavila će samo da raste + na sve to dodamo one devojke koje su potpuno istraumirane i ne mogu da govore o tome na bilo koji način a sigurna sam da nas je mnogo,bes,2026-03-31T08:53:24.413372+00:00
ff130,22,33,1475092636084195332,"#NisamPrijavila jer sam bila izmanipulisana, zavisila sam od njegove 'ljubavi' ubeđena da bez njega ne mogu da živim, opravdavala ga i tako dalje",tuga,2026-03-31T08:53:37.741348+00:00
ff130,22,34,1475432616845361158,#NisamPrijavila jer sam mislila da je u redu ako smo u vezi.,Emocionalno neutralno,2026-03-31T08:53:45.012894+00:00
ff130,22,35,1475096828064538630,"Davno me je uhvatio neki za vrat i nabio u zid pa sam ja kao jaka i sposobna njemu razbila nos, ali sad što više razmišljam vidim koliko je bilo da #NisamPrijavila jer nisam znala, jer i dalje učim šta je nasilje, mislila sam da to tako treba, ili da sam sama birala, zaslužila.",tuga,2026-03-31T08:54:05.208365+00:00
ff130,22,36,1475166891207499777,Oko struka pokušao da me odvuče u haustor. Od tog sporta je tada bilo koristi i uz ogroman napor sam uspela da se odbranim i pobegnem. Drhtala sam kao prut. A poslednji put #NisamPrijavila ja već je to uradila moja sestra i zato joj hvala do neba. Moj je heroj zbog toga.,tuga,2026-03-31T08:54:20.949294+00:00
ff130,22,37,1475075455183110145,"#NisamPrijavila jer bi ispalo da se dedina unuka žali. Deda mi je bio direktor škole, a #bullying sam najviše zbog toga doživljavala. Iako je deda otišao u penziju kada sam ja krenula u prvi razred. Osam godina sam se nosila sa tim, niko od odraslih nije primetio.",strah,2026-03-31T08:54:36.515497+00:00
ff130,22,38,1476087252845481985,"#NisamPrijavila Jako je bitan izbor u životu.Nasilni partneri čine manje od 0,1 % našeg društva.Biraj mudro.",Emocionalno neutralno,2026-03-31T08:54:44.354885+00:00
ff130,22,39,1479703093495410689,"@[user] Mislim da nasilje ne treba da ima veze sa imenom i prezimenom žene koja je pretrpela ili trpi. #NisamPrijavila treba da oživi u svakom smislu jer ne bi počeli godinu sa ženom koja je nažalost ubijena i ženom koja je maltretirana.
Danas JK sutra TI,nasilniku ne treba povod.",Emocionalno neutralno,2026-03-31T08:55:19.900524+00:00
ff130,22,40,1475081694847938564,#NisamPrijavila jer je bilo moje prvo seksualno iskustvo i nisam znala šta znači pristanak. Nije me niko naučio,tuga,2026-03-31T08:55:27.120482+00:00
ff130,22,41,1475173824979210241,"Čoveku koji jedino poseduje čekić sve liči na ekser. Često se tako i nasilje nad ženama analizira.

A odgovor je višeslojan:

Niz

1. kulturološki: #nisamprijavila daje uvid u indoktrinaciju žena da ćute i trpe

2. neposredno okruženje: kao posledica 1. ili iz drugih razloga…",Emocionalno neutralno,2026-03-31T08:55:38.724399+00:00
ff130,22,42,1475829910803472385,#NisamPrijavila jer mi je sama pomisao na taj niži oblik života toliko jeziva da ne želim da prolazim kroz nas takozvani pravosudni sistem,gađenje,2026-03-31T08:55:47.40248+00:00
ff130,22,43,1475516919595810819,"#NisamPrijavila Jedna zanimljiva stvar sa psihoterapije a na ovu temu je, žene se često pitaju:
 -Da li svaki nasilnik već na početku veze ili interakcije planira nasilje?
-Ne nužno, ali uvek želi i planira KONTROLU nad nama, a to jeste vid nasilja.",Emocionalno neutralno,2026-03-31T08:56:03.474415+00:00
ff130,22,44,1475388390191374340,"Zato podržavam sve žene koje su svoju intimu, njen najbolniji i najosetljiviji deo iznele raznolikoj pažnji javnosti kroz #NisamPrijavila .

To nije lako, u najmanju ruku.

To je ponovno preživljavanje, to je izloženost i rizik.

I zato ih takođe moramo podržati. I sada i uvek ✊",radost,2026-03-31T08:56:18.234079+00:00
ff130,22,45,1476342995456868354,"Ko je sudija iz koji je pustio smeće iz zatvora?
Ko je inspekor iz koji je pustio smeće iz zatvora?
Ko je tužilac i zašto smećetu nije produžen pritvor?
Ko su pripadnici mup-a koji su trebali da štite ove nesrećne žene? 
TI ljudi su srž našeg problema!
Jebite se!
#nisamprijavila",bes,2026-03-31T08:56:24.109763+00:00
ff130,22,46,1475907493683470341,Mučno je kad pročitaš sva svjedočanstva pod #NisamPrijavila i u nekima pronađeš sebe. Pa osvijestiš neke stvari.,tuga,2026-03-31T08:56:30.51417+00:00
ff130,22,47,1475507200265175042,"Ove godine definitivno najvažniji hašteg je #NisamPrijavila i samo da znate, niste same, divim(o) vam se jer ste odlučile da podelite to sa svima... Time ste ohrabrile druge žene da se spasu ⬇️",radost,2026-03-31T08:56:40.979412+00:00
ff130,22,48,1475571676222050304,kolika je u stvari sramota za naš narod to što svaka druga djevojka/žena u svom tvitu #NisamPrijavila piše kako je jedan od razloga što nije prijavila to što joj niko ne bi vjerovao,bes,2026-03-31T08:56:58.026768+00:00
ff130,22,49,1475139429232742412,"Brate mili, koji je ovo horor od ovih #NisamPrijavila tvitova. Jadne ove naše majke, sestre, ćerke, drugarice.
Kakvi užasi...
Ne dao bog nikom",bes,2026-03-31T08:57:08.691042+00:00
ff131,22,0,1475994287460569088,"da stanemo na stanicu dok otkuca poruku), nisam prijavila koliko sam bezala u sred bela dana dok su me ljudi gledali, a on izasao iz auta i krenuo za mnom. Prijavila sam taksi udruzenju koje nije ni odreagovalo, niti me pozvalo posle. #NisamPrijavila da se bojim taksija od tada.",bes,2026-03-31T08:45:44.221201+00:00
ff131,22,1,1475127981916016641,"#NisamPrijavila
drugarica je prijavila oca koji je majku tukao godinama, a tog dana, kada se konačno osmelila da pokuša da joj pomogne, nju je davio, držeći je pritisnutu kolenom na grudima... došli su da mu kažu ""nemojte to više raditi"", a njih dve godinama živele po tuđim...",bes,2026-03-31T08:45:48.606217+00:00
ff131,22,2,1475082856909217795,"#nisamprijavila Toliko potresnih tvitova danas pročitah, te žene nisu ni svesne koliko su zapravo hrabre. Ježim se, a istovremeno sam i besna. Besna na svet prepun monstruma i na sve one koji će prvo osuditi žrtvu, a tražiti izgovore za te monstrume.",tuga,2026-03-31T08:47:04.122071+00:00
ff131,22,3,1475396291635077120,"15K tvitova #NisamPrijavila , juče i prvi spejs na tu temu. 

Tviter - vaše pravo da znate o čemu Srbija i njene institucije ćute decenijma.",strah,2026-03-31T08:47:36.506328+00:00
ff131,22,4,1475430510809726978,"Užasnuta sam brojem žena koji se oglasili #nisamPrijavila? A tek koje nisu? Pa ko su ti nasilnici oko nas? Naši očevi, braća, prijatelji, stričevi... Ne, mi smo u kamenom dobu, trećeg nema?",gađenje,2026-03-31T08:48:06.930837+00:00
ff131,22,5,1475378075512803331,"#NisamPrijavila #NisamPrijavio 
Poznajem jako mnogo ljudi koji ćute ceo život. Gledao sam kako im se gorke suze slivaju niz lice jer još uvek nose tu bol u sebi. Slušao sam već odrasle ljude kako otvaraju svoju dušu, ali kasno.
Naučite vašu decu da ste im najbolji prijatelji.",tuga,2026-03-31T08:48:44.276287+00:00
ff131,22,6,1475234535650611210,Hteo sam da 🔃 sve #NisamPrijavila priče. Drago mi je što nisam ni približno uspeo. Drago mi je što je toliko ljudi odlučilo da prestane da ćuti.,poverenje,2026-03-31T08:49:16.999167+00:00
ff131,22,7,1475057349543043076,"Drugi put #NisamPrijavila jer sam se derealizovala od straha i nisam bila sigurna da li je ta ruka stvarno bila tamo gde mi se čini da jeste. Mnogo godina kasnije, uverila sam se da jeste, kad je jednom dobrom čoveku intuicija rekla da treba da stoji između mene i tog…",Ne mogu da razumem,2026-03-31T08:49:41.870523+00:00
ff131,22,8,1475422746721067017,Znala sam da trebam samo da citam #NisamPrijavila a ne odgovore jer mi se sere od ljudi koji se bukv POTRUDE da nadju bilo kakvo opravdanje za nasilje,bes,2026-03-31T08:50:00.610409+00:00
ff131,22,9,1475231368447672336,"tog dana mi se mozak prevrtao i nisam mogla išta da kažem, kako ja nju da utešim ili ohrabrim, mogla sam samo da je slušam
sad čitam #nisamprijavila nadajući se da je moja ""drugarica"" iz covid ambulante živa, zdrava i srećna",iščekivanje,2026-03-31T08:50:37.387262+00:00
ff131,22,10,1475437413728202757,"Silovanje psihe #NisamPrijavila, a  danima nisam spavala od pretnji bivšeg izvođača radova na F.gori .... jer žena, bez muške zaštite, 75km udaljena, koju je hteo da opelješi. 

Znam, nije uporedivo sa fizičkim nasiljem, al' utiče ...  :(",Ne mogu da razumem,2026-03-31T08:51:10.10271+00:00
ff131,22,11,1475419342397644803,Od #NisamPrijavila krv mi se ledi u žilama...ljubav za sve 😔❤,tuga,2026-03-31T08:51:28.165733+00:00
ff131,22,12,1475788852954607632,#NisamPrijavila Подршка за све жене жртве насиља.,poverenje,2026-03-31T08:51:33.632928+00:00
ff131,22,13,1475107992215375874,"читајући туђе и присећајући се моје приче иза #NisamPrijavila , све што могу да кажем јесте да се плашим колико нас још има поред свих ових прича и твитова и инстаграм постова.
осећам се беспомоћно када се ставим у ваше коже и схватим како сам се ја осећала,",tuga,2026-03-31T08:51:54.518333+00:00
ff131,22,14,1475125938027470851,#NisamPrijavila jer sam imala 15 godina i to mi je bila prva veza gde sam bila ubeđivanja da je to normalno i da to našu vezu čini jačom,tuga,2026-03-31T08:52:10.556114+00:00
ff131,22,15,1475129848628711431,#NisamPrijavila jer me je bilo sramota što sam se našla u par situacija u neznanju i jer je druga strana bila uverena da je sve OK. Tek mnogo godina kasnije sam shvatila šta mi se u tih par navrata desilo. Bila me je sramota što sam bila glupa tako.,tuga,2026-03-31T08:52:38.586514+00:00
ff131,22,16,1475121455738327044,"#NisamPrijavila pokret me natjerao da otvorim Twitter account jer se pronalazim u svakoj riječi, saosjećam sa svakom ženom/djevojkom i jer je ovo najbitniji momenat u 2021 koji mora da donese promjene.",iščekivanje,2026-03-31T08:53:13.27345+00:00
ff131,22,17,1475394038866001921,"са овим #NisamPrijavila се не постиже ништа, осим што ће девојке овде да олакшају душу. 
чак мислим и да је погрешно јер ће многе доживети то као да је сасвим нормално да не пријаве. није нормално.

боље направите неки нпр. #PrijaviNaVreme и охрабрујте девојке да пријављују.",gađenje,2026-03-31T08:53:37.718596+00:00
ff131,22,18,1475411302256463875,"#NisamPrijavila je razotkrila ogroman društveni problem i država bi morala da skoči na noge: 
slušanje žrtava u Skupštini; spec. sednica Vlade, preispitivanje slučajeva među tužiteljima, u Policiji unutrašnje kontrole, u školama tematski časovi, Zaštitnik građana grmi...
Ali.",Ne mogu da razumem,2026-03-31T08:54:32.928359+00:00
ff131,22,19,1475558708423929860,#NisamPrijavila jer sam imala 10 godina i naterala sam sebe da zaboravim na to.,tuga,2026-03-31T08:54:37.655001+00:00
ff131,22,20,1475521468016603139,"Plaćamo policiju i državnu administraciju da rade svoj posao, da bismo mi mogli da radimo svoje poslove.
I to onda moramo umesto njih.
Čemu služe onda???
#NisamPrijavila",gađenje,2026-03-31T08:54:49.365518+00:00
ff131,22,21,1475093280354353154,"ovo je prvi put posle skoro 10 godina da me nije strah da ispričam i da se zaista ne osećam kao krivac, već kao pobednik. #nisamprijavila",iščekivanje,2026-03-31T08:54:59.466078+00:00
ff131,22,22,1475157481420726277,"само желим да пружим подршку свим девојкама које су испричале своје приче, а и онима које нису. Нисте саме. ❤️ #nisamprijavila",poverenje,2026-03-31T08:55:04.886036+00:00
ff131,22,23,1475030650365304832,"#NisamPrijavila
Poruka za sve devojke i žene.
Neka vam ovo bude primer da ne budete slabici. 
Učite na tuđim greškama i slabostima.
Bori se, nemoj ćutati!",poverenje,2026-03-31T08:55:16.381872+00:00
ff131,22,24,1475883429233410050,"@[user] @[user] cijeli je trend o ženama koje nisu prijavile. da se radi o prijavljenim slučajevima, naravno da bi se slagala, sve dok ne dođemo na npr. presudu Hr suda gdje je olakotna okolnost bila što čovjek ""nije prihvatio odbijanje""

ali druga tema od #NisamPrijavila",Ne mogu da razumem,2026-03-31T08:55:39.23337+00:00
ff131,22,25,1480249991239188487,"@[user] Feministkinje koje su se cule u #nisamprijavila,vjerovatno su bile tu i pljeskale ushiceno jer su muslimanke same to trazile #hypocrisy",Ne mogu da razumem,2026-03-31T08:55:51.995117+00:00
ff131,22,26,1475520635766030351,"#NisamPrijavila 
Imala sam 7-8 godina i bila sam sama kod kuce, kada je dosao komsija koji je bio mnogo puta ranije kod nas i uzeo me u krilo kao mnogo puta ranije, samo sto me je tog puta detaljno ispipkao po celom telu, mislim da je to pipkanje trajalo pola sata... ⬇️",bes,2026-03-31T08:56:08.269675+00:00
ff131,22,27,1475537193502490627,"#nisamprijavila im se može i da je to normalno a devojčice da ih niko neće zaštititi i da su same krive jer da nisu x,y,z, onda ih ne bi dirali.",gađenje,2026-03-31T08:56:33.880685+00:00
ff131,22,28,1475816778987098120,@[user] @[user] Ne svidja vam se pa udrite po njoj a sa druge strane propagandu #NisamPrijavila branite nek ispadne da su muskarci zlo. Da ne pricam sta radite @[user] nju otprilike treba razapeti na terazijama jer se usprotivila propagandi  #nisamPrijavila #nisisama,bes,2026-03-31T08:56:56.601054+00:00
ff131,22,29,1475051873522659330,Ne bih ja bio ja kada ne bih primjetio da se ovom heštegu #NisamPrijavila uglavnom javljaju Srpkinje.,Ne mogu da razumem,2026-03-31T08:57:07.980791+00:00
ff131,22,30,1475958688636620800,"@[user] @[user] Autor i sam upada u logičku zamku jer i on #nisamprijavila posmatra kroz prizmu svojih anti-femnističkih stavova (feminizam izjednačava sa mizandrijom), te stoga ne bi ni trebao da uzima učešće u raspravi, jer, jelte, ima ima političke pozadine",Ne mogu da razumem,2026-03-31T08:57:34.552776+00:00
ff131,22,31,1475138800108150784,"Ненормалну снагу и успела да га одгурнем и ошамарим. Да, #NisamPrijavila, али сам рекла првом момку из обезбеђења. Мислим да је добио додатне батине, нисам сигурна, али је био избачен из локала. А моје сузе су кренуле тек када сам се смирила. Још једном, хвала ти тата на томе ❤️",Ne mogu da razumem,2026-03-31T08:58:03.468556+00:00
ff131,22,32,1476169396095791104,Sve dok o bezbednosti gradjana vode računa upravo ovakva gamad broj tvitova na #NisamPrijavila će samo da raste + na sve to dodamo one devojke koje su potpuno istraumirane i ne mogu da govore o tome na bilo koji način a sigurna sam da nas je mnogo,tuga,2026-03-31T08:58:21.969986+00:00
ff131,22,33,1475092636084195332,"#NisamPrijavila jer sam bila izmanipulisana, zavisila sam od njegove 'ljubavi' ubeđena da bez njega ne mogu da živim, opravdavala ga i tako dalje",tuga,2026-03-31T08:58:33.214373+00:00
ff131,22,34,1475432616845361158,#NisamPrijavila jer sam mislila da je u redu ako smo u vezi.,tuga,2026-03-31T08:58:37.584464+00:00
ff131,22,35,1475096828064538630,"Davno me je uhvatio neki za vrat i nabio u zid pa sam ja kao jaka i sposobna njemu razbila nos, ali sad što više razmišljam vidim koliko je bilo da #NisamPrijavila jer nisam znala, jer i dalje učim šta je nasilje, mislila sam da to tako treba, ili da sam sama birala, zaslužila.",tuga,2026-03-31T08:58:58.888625+00:00
ff131,22,36,1475166891207499777,Oko struka pokušao da me odvuče u haustor. Od tog sporta je tada bilo koristi i uz ogroman napor sam uspela da se odbranim i pobegnem. Drhtala sam kao prut. A poslednji put #NisamPrijavila ja već je to uradila moja sestra i zato joj hvala do neba. Moj je heroj zbog toga.,strah,2026-03-31T08:59:16.787168+00:00
ff131,22,37,1475075455183110145,"#NisamPrijavila jer bi ispalo da se dedina unuka žali. Deda mi je bio direktor škole, a #bullying sam najviše zbog toga doživljavala. Iako je deda otišao u penziju kada sam ja krenula u prvi razred. Osam godina sam se nosila sa tim, niko od odraslih nije primetio.",Ne mogu da razumem,2026-03-31T08:59:35.736809+00:00
ff131,22,38,1476087252845481985,"#NisamPrijavila Jako je bitan izbor u životu.Nasilni partneri čine manje od 0,1 % našeg društva.Biraj mudro.",Ne mogu da razumem,2026-03-31T08:59:43.868459+00:00
ff131,22,39,1479703093495410689,"@[user] Mislim da nasilje ne treba da ima veze sa imenom i prezimenom žene koja je pretrpela ili trpi. #NisamPrijavila treba da oživi u svakom smislu jer ne bi počeli godinu sa ženom koja je nažalost ubijena i ženom koja je maltretirana.
Danas JK sutra TI,nasilniku ne treba povod.",gađenje,2026-03-31T09:00:08.410818+00:00
ff131,22,40,1475081694847938564,#NisamPrijavila jer je bilo moje prvo seksualno iskustvo i nisam znala šta znači pristanak. Nije me niko naučio,tuga,2026-03-31T09:00:17.663182+00:00
ff131,22,41,1475173824979210241,"Čoveku koji jedino poseduje čekić sve liči na ekser. Često se tako i nasilje nad ženama analizira.

A odgovor je višeslojan:

Niz

1. kulturološki: #nisamprijavila daje uvid u indoktrinaciju žena da ćute i trpe

2. neposredno okruženje: kao posledica 1. ili iz drugih razloga…",gađenje,2026-03-31T09:00:51.595452+00:00
ff131,22,42,1475829910803472385,#NisamPrijavila jer mi je sama pomisao na taj niži oblik života toliko jeziva da ne želim da prolazim kroz nas takozvani pravosudni sistem,Ne mogu da razumem,2026-03-31T09:01:10.953425+00:00
ff131,22,43,1475516919595810819,"#NisamPrijavila Jedna zanimljiva stvar sa psihoterapije a na ovu temu je, žene se često pitaju:
 -Da li svaki nasilnik već na početku veze ili interakcije planira nasilje?
-Ne nužno, ali uvek želi i planira KONTROLU nad nama, a to jeste vid nasilja.",bes,2026-03-31T09:01:29.29005+00:00
ff131,22,44,1475388390191374340,"Zato podržavam sve žene koje su svoju intimu, njen najbolniji i najosetljiviji deo iznele raznolikoj pažnji javnosti kroz #NisamPrijavila .

To nije lako, u najmanju ruku.

To je ponovno preživljavanje, to je izloženost i rizik.

I zato ih takođe moramo podržati. I sada i uvek ✊",strah,2026-03-31T09:01:50.691436+00:00
ff131,22,45,1476342995456868354,"Ko je sudija iz koji je pustio smeće iz zatvora?
Ko je inspekor iz koji je pustio smeće iz zatvora?
Ko je tužilac i zašto smećetu nije produžen pritvor?
Ko su pripadnici mup-a koji su trebali da štite ove nesrećne žene? 
TI ljudi su srž našeg problema!
Jebite se!
#nisamprijavila",bes,2026-03-31T09:02:08.028702+00:00
ff131,22,46,1475907493683470341,Mučno je kad pročitaš sva svjedočanstva pod #NisamPrijavila i u nekima pronađeš sebe. Pa osvijestiš neke stvari.,tuga,2026-03-31T09:02:19.047521+00:00
ff131,22,47,1475507200265175042,"Ove godine definitivno najvažniji hašteg je #NisamPrijavila i samo da znate, niste same, divim(o) vam se jer ste odlučile da podelite to sa svima... Time ste ohrabrile druge žene da se spasu ⬇️",poverenje,2026-03-31T09:02:32.748257+00:00
ff131,22,48,1475571676222050304,kolika je u stvari sramota za naš narod to što svaka druga djevojka/žena u svom tvitu #NisamPrijavila piše kako je jedan od razloga što nije prijavila to što joj niko ne bi vjerovao,bes,2026-03-31T09:02:48.66428+00:00
ff131,22,49,1475139429232742412,"Brate mili, koji je ovo horor od ovih #NisamPrijavila tvitova. Jadne ove naše majke, sestre, ćerke, drugarice.
Kakvi užasi...
Ne dao bog nikom",gađenje,2026-03-31T09:02:58.809287+00:00
ff132,22,0,1475994287460569088,"da stanemo na stanicu dok otkuca poruku), nisam prijavila koliko sam bezala u sred bela dana dok su me ljudi gledali, a on izasao iz auta i krenuo za mnom. Prijavila sam taksi udruzenju koje nije ni odreagovalo, niti me pozvalo posle. #NisamPrijavila da se bojim taksija od tada.",strah,2026-03-31T08:44:18.806664+00:00
ff132,22,1,1475127981916016641,"#NisamPrijavila
drugarica je prijavila oca koji je majku tukao godinama, a tog dana, kada se konačno osmelila da pokuša da joj pomogne, nju je davio, držeći je pritisnutu kolenom na grudima... došli su da mu kažu ""nemojte to više raditi"", a njih dve godinama živele po tuđim...",Emocionalno neutralno,2026-03-31T08:45:05.689016+00:00
ff132,22,2,1475082856909217795,"#nisamprijavila Toliko potresnih tvitova danas pročitah, te žene nisu ni svesne koliko su zapravo hrabre. Ježim se, a istovremeno sam i besna. Besna na svet prepun monstruma i na sve one koji će prvo osuditi žrtvu, a tražiti izgovore za te monstrume.",bes,2026-03-31T08:45:22.814112+00:00
ff132,22,3,1475396291635077120,"15K tvitova #NisamPrijavila , juče i prvi spejs na tu temu. 

Tviter - vaše pravo da znate o čemu Srbija i njene institucije ćute decenijma.",iščekivanje,2026-03-31T08:45:43.052931+00:00
ff132,22,4,1475430510809726978,"Užasnuta sam brojem žena koji se oglasili #nisamPrijavila? A tek koje nisu? Pa ko su ti nasilnici oko nas? Naši očevi, braća, prijatelji, stričevi... Ne, mi smo u kamenom dobu, trećeg nema?",iznenađenje,2026-03-31T08:46:07.147161+00:00
ff132,22,5,1475378075512803331,"#NisamPrijavila #NisamPrijavio 
Poznajem jako mnogo ljudi koji ćute ceo život. Gledao sam kako im se gorke suze slivaju niz lice jer još uvek nose tu bol u sebi. Slušao sam već odrasle ljude kako otvaraju svoju dušu, ali kasno.
Naučite vašu decu da ste im najbolji prijatelji.",iščekivanje,2026-03-31T08:47:17.246981+00:00
ff132,22,6,1475234535650611210,Hteo sam da 🔃 sve #NisamPrijavila priče. Drago mi je što nisam ni približno uspeo. Drago mi je što je toliko ljudi odlučilo da prestane da ćuti.,radost,2026-03-31T08:47:37.685663+00:00
ff132,22,7,1475057349543043076,"Drugi put #NisamPrijavila jer sam se derealizovala od straha i nisam bila sigurna da li je ta ruka stvarno bila tamo gde mi se čini da jeste. Mnogo godina kasnije, uverila sam se da jeste, kad je jednom dobrom čoveku intuicija rekla da treba da stoji između mene i tog…",strah,2026-03-31T08:48:02.330005+00:00
ff132,22,8,1475422746721067017,Znala sam da trebam samo da citam #NisamPrijavila a ne odgovore jer mi se sere od ljudi koji se bukv POTRUDE da nadju bilo kakvo opravdanje za nasilje,bes,2026-03-31T08:48:12.386576+00:00
ff132,22,9,1475231368447672336,"tog dana mi se mozak prevrtao i nisam mogla išta da kažem, kako ja nju da utešim ili ohrabrim, mogla sam samo da je slušam
sad čitam #nisamprijavila nadajući se da je moja ""drugarica"" iz covid ambulante živa, zdrava i srećna",iščekivanje,2026-03-31T08:48:45.140127+00:00
ff132,22,10,1475437413728202757,"Silovanje psihe #NisamPrijavila, a  danima nisam spavala od pretnji bivšeg izvođača radova na F.gori .... jer žena, bez muške zaštite, 75km udaljena, koju je hteo da opelješi. 

Znam, nije uporedivo sa fizičkim nasiljem, al' utiče ...  :(",strah,2026-03-31T08:48:59.923223+00:00
ff132,22,11,1475419342397644803,Od #NisamPrijavila krv mi se ledi u žilama...ljubav za sve 😔❤,Ne mogu da razumem,2026-03-31T08:49:18.021361+00:00
ff132,22,12,1475788852954607632,#NisamPrijavila Подршка за све жене жртве насиља.,radost,2026-03-31T08:49:32.072977+00:00
ff132,22,13,1475107992215375874,"читајући туђе и присећајући се моје приче иза #NisamPrijavila , све што могу да кажем јесте да се плашим колико нас још има поред свих ових прича и твитова и инстаграм постова.
осећам се беспомоћно када се ставим у ваше коже и схватим како сам се ја осећала,",strah,2026-03-31T08:49:59.076006+00:00
ff132,22,14,1475125938027470851,#NisamPrijavila jer sam imala 15 godina i to mi je bila prva veza gde sam bila ubeđivanja da je to normalno i da to našu vezu čini jačom,Emocionalno neutralno,2026-03-31T08:50:12.601859+00:00
ff132,22,15,1475129848628711431,#NisamPrijavila jer me je bilo sramota što sam se našla u par situacija u neznanju i jer je druga strana bila uverena da je sve OK. Tek mnogo godina kasnije sam shvatila šta mi se u tih par navrata desilo. Bila me je sramota što sam bila glupa tako.,gađenje,2026-03-31T08:50:39.164429+00:00
ff132,22,16,1475121455738327044,"#NisamPrijavila pokret me natjerao da otvorim Twitter account jer se pronalazim u svakoj riječi, saosjećam sa svakom ženom/djevojkom i jer je ovo najbitniji momenat u 2021 koji mora da donese promjene.",poverenje,2026-03-31T08:50:55.207746+00:00
ff132,22,17,1475394038866001921,"са овим #NisamPrijavila се не постиже ништа, осим што ће девојке овде да олакшају душу. 
чак мислим и да је погрешно јер ће многе доживети то као да је сасвим нормално да не пријаве. није нормално.

боље направите неки нпр. #PrijaviNaVreme и охрабрујте девојке да пријављују.",iščekivanje,2026-03-31T08:51:10.757438+00:00
ff132,22,18,1475411302256463875,"#NisamPrijavila je razotkrila ogroman društveni problem i država bi morala da skoči na noge: 
slušanje žrtava u Skupštini; spec. sednica Vlade, preispitivanje slučajeva među tužiteljima, u Policiji unutrašnje kontrole, u školama tematski časovi, Zaštitnik građana grmi...
Ali.",iščekivanje,2026-03-31T08:51:25.619543+00:00
ff132,22,19,1475558708423929860,#NisamPrijavila jer sam imala 10 godina i naterala sam sebe da zaboravim na to.,Emocionalno neutralno,2026-03-31T08:51:33.627899+00:00
ff132,22,20,1475521468016603139,"Plaćamo policiju i državnu administraciju da rade svoj posao, da bismo mi mogli da radimo svoje poslove.
I to onda moramo umesto njih.
Čemu služe onda???
#NisamPrijavila",iščekivanje,2026-03-31T08:51:41.797117+00:00
ff132,22,21,1475093280354353154,"ovo je prvi put posle skoro 10 godina da me nije strah da ispričam i da se zaista ne osećam kao krivac, već kao pobednik. #nisamprijavila",radost,2026-03-31T08:51:48.806692+00:00
ff132,22,22,1475157481420726277,"само желим да пружим подршку свим девојкама које су испричале своје приче, а и онима које нису. Нисте саме. ❤️ #nisamprijavila",poverenje,2026-03-31T08:52:24.187729+00:00
ff132,22,23,1475030650365304832,"#NisamPrijavila
Poruka za sve devojke i žene.
Neka vam ovo bude primer da ne budete slabici. 
Učite na tuđim greškama i slabostima.
Bori se, nemoj ćutati!",bes,2026-03-31T08:52:32.489544+00:00
ff132,22,24,1475883429233410050,"@[user] @[user] cijeli je trend o ženama koje nisu prijavile. da se radi o prijavljenim slučajevima, naravno da bi se slagala, sve dok ne dođemo na npr. presudu Hr suda gdje je olakotna okolnost bila što čovjek ""nije prihvatio odbijanje""

ali druga tema od #NisamPrijavila",Ne mogu da razumem,2026-03-31T08:52:51.374138+00:00
ff132,22,25,1480249991239188487,"@[user] Feministkinje koje su se cule u #nisamprijavila,vjerovatno su bile tu i pljeskale ushiceno jer su muslimanke same to trazile #hypocrisy",gađenje,2026-03-31T08:53:17.325378+00:00
ff132,22,26,1475520635766030351,"#NisamPrijavila 
Imala sam 7-8 godina i bila sam sama kod kuce, kada je dosao komsija koji je bio mnogo puta ranije kod nas i uzeo me u krilo kao mnogo puta ranije, samo sto me je tog puta detaljno ispipkao po celom telu, mislim da je to pipkanje trajalo pola sata... ⬇️",Emocionalno neutralno,2026-03-31T08:53:46.693136+00:00
ff132,22,27,1475537193502490627,"#nisamprijavila im se može i da je to normalno a devojčice da ih niko neće zaštititi i da su same krive jer da nisu x,y,z, onda ih ne bi dirali.",gađenje,2026-03-31T08:54:14.809678+00:00
ff132,22,28,1475816778987098120,@[user] @[user] Ne svidja vam se pa udrite po njoj a sa druge strane propagandu #NisamPrijavila branite nek ispadne da su muskarci zlo. Da ne pricam sta radite @[user] nju otprilike treba razapeti na terazijama jer se usprotivila propagandi  #nisamPrijavila #nisisama,Ne mogu da razumem,2026-03-31T08:54:48.935539+00:00
ff132,22,29,1475051873522659330,Ne bih ja bio ja kada ne bih primjetio da se ovom heštegu #NisamPrijavila uglavnom javljaju Srpkinje.,iščekivanje,2026-03-31T08:55:01.292575+00:00
ff132,22,30,1475958688636620800,"@[user] @[user] Autor i sam upada u logičku zamku jer i on #nisamprijavila posmatra kroz prizmu svojih anti-femnističkih stavova (feminizam izjednačava sa mizandrijom), te stoga ne bi ni trebao da uzima učešće u raspravi, jer, jelte, ima ima političke pozadine",Ne mogu da razumem,2026-03-31T08:55:32.664725+00:00
ff132,22,31,1475138800108150784,"Ненормалну снагу и успела да га одгурнем и ошамарим. Да, #NisamPrijavila, али сам рекла првом момку из обезбеђења. Мислим да је добио додатне батине, нисам сигурна, али је био избачен из локала. А моје сузе су кренуле тек када сам се смирила. Још једном, хвала ти тата на томе ❤️",poverenje,2026-03-31T08:55:59.574098+00:00
ff132,22,32,1476169396095791104,Sve dok o bezbednosti gradjana vode računa upravo ovakva gamad broj tvitova na #NisamPrijavila će samo da raste + na sve to dodamo one devojke koje su potpuno istraumirane i ne mogu da govore o tome na bilo koji način a sigurna sam da nas je mnogo,iščekivanje,2026-03-31T08:56:31.482072+00:00
ff132,22,33,1475092636084195332,"#NisamPrijavila jer sam bila izmanipulisana, zavisila sam od njegove 'ljubavi' ubeđena da bez njega ne mogu da živim, opravdavala ga i tako dalje",iznenađenje,2026-03-31T08:56:55.566121+00:00
ff132,22,34,1475432616845361158,#NisamPrijavila jer sam mislila da je u redu ako smo u vezi.,Emocionalno neutralno,2026-03-31T08:57:01.850285+00:00
ff132,22,35,1475096828064538630,"Davno me je uhvatio neki za vrat i nabio u zid pa sam ja kao jaka i sposobna njemu razbila nos, ali sad što više razmišljam vidim koliko je bilo da #NisamPrijavila jer nisam znala, jer i dalje učim šta je nasilje, mislila sam da to tako treba, ili da sam sama birala, zaslužila.",iznenađenje,2026-03-31T08:58:00.790662+00:00
ff132,22,36,1475166891207499777,Oko struka pokušao da me odvuče u haustor. Od tog sporta je tada bilo koristi i uz ogroman napor sam uspela da se odbranim i pobegnem. Drhtala sam kao prut. A poslednji put #NisamPrijavila ja već je to uradila moja sestra i zato joj hvala do neba. Moj je heroj zbog toga.,radost,2026-03-31T08:58:14.714461+00:00
ff132,22,37,1475075455183110145,"#NisamPrijavila jer bi ispalo da se dedina unuka žali. Deda mi je bio direktor škole, a #bullying sam najviše zbog toga doživljavala. Iako je deda otišao u penziju kada sam ja krenula u prvi razred. Osam godina sam se nosila sa tim, niko od odraslih nije primetio.",tuga,2026-03-31T08:58:58.522099+00:00
ff132,22,38,1476087252845481985,"#NisamPrijavila Jako je bitan izbor u životu.Nasilni partneri čine manje od 0,1 % našeg društva.Biraj mudro.",Emocionalno neutralno,2026-03-31T08:59:06.687613+00:00
ff132,22,39,1479703093495410689,"@[user] Mislim da nasilje ne treba da ima veze sa imenom i prezimenom žene koja je pretrpela ili trpi. #NisamPrijavila treba da oživi u svakom smislu jer ne bi počeli godinu sa ženom koja je nažalost ubijena i ženom koja je maltretirana.
Danas JK sutra TI,nasilniku ne treba povod.",gađenje,2026-03-31T08:59:24.093574+00:00
ff132,22,40,1475081694847938564,#NisamPrijavila jer je bilo moje prvo seksualno iskustvo i nisam znala šta znači pristanak. Nije me niko naučio,iznenađenje,2026-03-31T08:59:30.312881+00:00
ff132,22,41,1475173824979210241,"Čoveku koji jedino poseduje čekić sve liči na ekser. Često se tako i nasilje nad ženama analizira.

A odgovor je višeslojan:

Niz

1. kulturološki: #nisamprijavila daje uvid u indoktrinaciju žena da ćute i trpe

2. neposredno okruženje: kao posledica 1. ili iz drugih razloga…",Emocionalno neutralno,2026-03-31T08:59:51.482375+00:00
ff132,22,42,1475829910803472385,#NisamPrijavila jer mi je sama pomisao na taj niži oblik života toliko jeziva da ne želim da prolazim kroz nas takozvani pravosudni sistem,iščekivanje,2026-03-31T09:00:01.726609+00:00
ff132,22,43,1475516919595810819,"#NisamPrijavila Jedna zanimljiva stvar sa psihoterapije a na ovu temu je, žene se često pitaju:
 -Da li svaki nasilnik već na početku veze ili interakcije planira nasilje?
-Ne nužno, ali uvek želi i planira KONTROLU nad nama, a to jeste vid nasilja.",iznenađenje,2026-03-31T09:00:32.639273+00:00
ff132,22,44,1475388390191374340,"Zato podržavam sve žene koje su svoju intimu, njen najbolniji i najosetljiviji deo iznele raznolikoj pažnji javnosti kroz #NisamPrijavila .

To nije lako, u najmanju ruku.

To je ponovno preživljavanje, to je izloženost i rizik.

I zato ih takođe moramo podržati. I sada i uvek ✊",radost,2026-03-31T09:00:53.178807+00:00
ff132,22,45,1476342995456868354,"Ko je sudija iz koji je pustio smeće iz zatvora?
Ko je inspekor iz koji je pustio smeće iz zatvora?
Ko je tužilac i zašto smećetu nije produžen pritvor?
Ko su pripadnici mup-a koji su trebali da štite ove nesrećne žene? 
TI ljudi su srž našeg problema!
Jebite se!
#nisamprijavila",iščekivanje,2026-03-31T09:01:12.76359+00:00
ff132,22,46,1475907493683470341,Mučno je kad pročitaš sva svjedočanstva pod #NisamPrijavila i u nekima pronađeš sebe. Pa osvijestiš neke stvari.,tuga,2026-03-31T09:01:27.528682+00:00
ff132,22,47,1475507200265175042,"Ove godine definitivno najvažniji hašteg je #NisamPrijavila i samo da znate, niste same, divim(o) vam se jer ste odlučile da podelite to sa svima... Time ste ohrabrile druge žene da se spasu ⬇️",poverenje,2026-03-31T09:01:35.391125+00:00
ff132,22,48,1475571676222050304,kolika je u stvari sramota za naš narod to što svaka druga djevojka/žena u svom tvitu #NisamPrijavila piše kako je jedan od razloga što nije prijavila to što joj niko ne bi vjerovao,gađenje,2026-03-31T09:01:44.848506+00:00
ff132,22,49,1475139429232742412,"Brate mili, koji je ovo horor od ovih #NisamPrijavila tvitova. Jadne ove naše majke, sestre, ćerke, drugarice.
Kakvi užasi...
Ne dao bog nikom",tuga,2026-03-31T09:01:53.742583+00:00
ff133,22,0,1475994287460569088,"da stanemo na stanicu dok otkuca poruku), nisam prijavila koliko sam bezala u sred bela dana dok su me ljudi gledali, a on izasao iz auta i krenuo za mnom. Prijavila sam taksi udruzenju koje nije ni odreagovalo, niti me pozvalo posle. #NisamPrijavila da se bojim taksija od tada.",bes,2026-03-31T08:45:55.012763+00:00
ff133,22,1,1475127981916016641,"#NisamPrijavila
drugarica je prijavila oca koji je majku tukao godinama, a tog dana, kada se konačno osmelila da pokuša da joj pomogne, nju je davio, držeći je pritisnutu kolenom na grudima... došli su da mu kažu ""nemojte to više raditi"", a njih dve godinama živele po tuđim...",bes,2026-03-31T08:46:40.880897+00:00
ff133,22,2,1475082856909217795,"#nisamprijavila Toliko potresnih tvitova danas pročitah, te žene nisu ni svesne koliko su zapravo hrabre. Ježim se, a istovremeno sam i besna. Besna na svet prepun monstruma i na sve one koji će prvo osuditi žrtvu, a tražiti izgovore za te monstrume.",bes,2026-03-31T08:47:05.609231+00:00
ff133,22,3,1475396291635077120,"15K tvitova #NisamPrijavila , juče i prvi spejs na tu temu. 

Tviter - vaše pravo da znate o čemu Srbija i njene institucije ćute decenijma.",Emocionalno neutralno,2026-03-31T08:47:30.553319+00:00
ff133,22,4,1475430510809726978,"Užasnuta sam brojem žena koji se oglasili #nisamPrijavila? A tek koje nisu? Pa ko su ti nasilnici oko nas? Naši očevi, braća, prijatelji, stričevi... Ne, mi smo u kamenom dobu, trećeg nema?",gađenje,2026-03-31T08:47:48.00905+00:00
ff133,22,5,1475378075512803331,"#NisamPrijavila #NisamPrijavio 
Poznajem jako mnogo ljudi koji ćute ceo život. Gledao sam kako im se gorke suze slivaju niz lice jer još uvek nose tu bol u sebi. Slušao sam već odrasle ljude kako otvaraju svoju dušu, ali kasno.
Naučite vašu decu da ste im najbolji prijatelji.",iščekivanje,2026-03-31T08:48:29.621831+00:00
ff133,22,6,1475234535650611210,Hteo sam da 🔃 sve #NisamPrijavila priče. Drago mi je što nisam ni približno uspeo. Drago mi je što je toliko ljudi odlučilo da prestane da ćuti.,radost,2026-03-31T08:48:48.610625+00:00
ff133,22,7,1475057349543043076,"Drugi put #NisamPrijavila jer sam se derealizovala od straha i nisam bila sigurna da li je ta ruka stvarno bila tamo gde mi se čini da jeste. Mnogo godina kasnije, uverila sam se da jeste, kad je jednom dobrom čoveku intuicija rekla da treba da stoji između mene i tog…",poverenje,2026-03-31T08:49:16.300622+00:00
ff133,22,8,1475422746721067017,Znala sam da trebam samo da citam #NisamPrijavila a ne odgovore jer mi se sere od ljudi koji se bukv POTRUDE da nadju bilo kakvo opravdanje za nasilje,gađenje,2026-03-31T08:50:25.2068+00:00
ff133,22,9,1475231368447672336,"tog dana mi se mozak prevrtao i nisam mogla išta da kažem, kako ja nju da utešim ili ohrabrim, mogla sam samo da je slušam
sad čitam #nisamprijavila nadajući se da je moja ""drugarica"" iz covid ambulante živa, zdrava i srećna",Ne mogu da razumem,2026-03-31T08:51:03.020282+00:00
ff133,22,10,1475437413728202757,"Silovanje psihe #NisamPrijavila, a  danima nisam spavala od pretnji bivšeg izvođača radova na F.gori .... jer žena, bez muške zaštite, 75km udaljena, koju je hteo da opelješi. 

Znam, nije uporedivo sa fizičkim nasiljem, al' utiče ...  :(",strah,2026-03-31T08:51:28.554209+00:00
ff133,22,11,1475419342397644803,Od #NisamPrijavila krv mi se ledi u žilama...ljubav za sve 😔❤,tuga,2026-03-31T08:51:40.017091+00:00
ff133,22,12,1475788852954607632,#NisamPrijavila Подршка за све жене жртве насиља.,poverenje,2026-03-31T08:51:50.944649+00:00
ff133,22,13,1475107992215375874,"читајући туђе и присећајући се моје приче иза #NisamPrijavila , све што могу да кажем јесте да се плашим колико нас још има поред свих ових прича и твитова и инстаграм постова.
осећам се беспомоћно када се ставим у ваше коже и схватим како сам се ја осећала,",strah,2026-03-31T08:52:14.864115+00:00
ff133,22,14,1475125938027470851,#NisamPrijavila jer sam imala 15 godina i to mi je bila prva veza gde sam bila ubeđivanja da je to normalno i da to našu vezu čini jačom,Ne mogu da razumem,2026-03-31T08:52:38.158482+00:00
ff133,22,15,1475129848628711431,#NisamPrijavila jer me je bilo sramota što sam se našla u par situacija u neznanju i jer je druga strana bila uverena da je sve OK. Tek mnogo godina kasnije sam shvatila šta mi se u tih par navrata desilo. Bila me je sramota što sam bila glupa tako.,iznenađenje,2026-03-31T08:53:32.89897+00:00
ff133,22,16,1475121455738327044,"#NisamPrijavila pokret me natjerao da otvorim Twitter account jer se pronalazim u svakoj riječi, saosjećam sa svakom ženom/djevojkom i jer je ovo najbitniji momenat u 2021 koji mora da donese promjene.",iščekivanje,2026-03-31T08:53:56.02736+00:00
ff133,22,17,1475394038866001921,"са овим #NisamPrijavila се не постиже ништа, осим што ће девојке овде да олакшају душу. 
чак мислим и да је погрешно јер ће многе доживети то као да је сасвим нормално да не пријаве. није нормално.

боље направите неки нпр. #PrijaviNaVreme и охрабрујте девојке да пријављују.",Emocionalno neutralno,2026-03-31T08:54:22.621812+00:00
ff133,22,18,1475411302256463875,"#NisamPrijavila je razotkrila ogroman društveni problem i država bi morala da skoči na noge: 
slušanje žrtava u Skupštini; spec. sednica Vlade, preispitivanje slučajeva među tužiteljima, u Policiji unutrašnje kontrole, u školama tematski časovi, Zaštitnik građana grmi...
Ali.",bes,2026-03-31T08:55:07.4014+00:00
ff133,22,19,1475558708423929860,#NisamPrijavila jer sam imala 10 godina i naterala sam sebe da zaboravim na to.,tuga,2026-03-31T08:55:28.008447+00:00
ff133,22,20,1475521468016603139,"Plaćamo policiju i državnu administraciju da rade svoj posao, da bismo mi mogli da radimo svoje poslove.
I to onda moramo umesto njih.
Čemu služe onda???
#NisamPrijavila",bes,2026-03-31T08:55:39.619095+00:00
ff133,22,21,1475093280354353154,"ovo je prvi put posle skoro 10 godina da me nije strah da ispričam i da se zaista ne osećam kao krivac, već kao pobednik. #nisamprijavila",radost,2026-03-31T08:56:31.135314+00:00
ff133,22,22,1475157481420726277,"само желим да пружим подршку свим девојкама које су испричале своје приче, а и онима које нису. Нисте саме. ❤️ #nisamprijavila",poverenje,2026-03-31T08:56:41.189038+00:00
ff133,22,23,1475030650365304832,"#NisamPrijavila
Poruka za sve devojke i žene.
Neka vam ovo bude primer da ne budete slabici. 
Učite na tuđim greškama i slabostima.
Bori se, nemoj ćutati!",Emocionalno neutralno,2026-03-31T08:56:52.374177+00:00
ff133,22,24,1475883429233410050,"@[user] @[user] cijeli je trend o ženama koje nisu prijavile. da se radi o prijavljenim slučajevima, naravno da bi se slagala, sve dok ne dođemo na npr. presudu Hr suda gdje je olakotna okolnost bila što čovjek ""nije prihvatio odbijanje""

ali druga tema od #NisamPrijavila",bes,2026-03-31T08:57:25.570112+00:00
ff133,22,25,1480249991239188487,"@[user] Feministkinje koje su se cule u #nisamprijavila,vjerovatno su bile tu i pljeskale ushiceno jer su muslimanke same to trazile #hypocrisy",Ne mogu da razumem,2026-03-31T08:57:54.812103+00:00
ff133,22,26,1475520635766030351,"#NisamPrijavila 
Imala sam 7-8 godina i bila sam sama kod kuce, kada je dosao komsija koji je bio mnogo puta ranije kod nas i uzeo me u krilo kao mnogo puta ranije, samo sto me je tog puta detaljno ispipkao po celom telu, mislim da je to pipkanje trajalo pola sata... ⬇️",Ne mogu da razumem,2026-03-31T08:58:20.815807+00:00
ff133,22,27,1475537193502490627,"#nisamprijavila im se može i da je to normalno a devojčice da ih niko neće zaštititi i da su same krive jer da nisu x,y,z, onda ih ne bi dirali.",Ne mogu da razumem,2026-03-31T08:58:42.376168+00:00
ff133,22,28,1475816778987098120,@[user] @[user] Ne svidja vam se pa udrite po njoj a sa druge strane propagandu #NisamPrijavila branite nek ispadne da su muskarci zlo. Da ne pricam sta radite @[user] nju otprilike treba razapeti na terazijama jer se usprotivila propagandi  #nisamPrijavila #nisisama,bes,2026-03-31T08:59:05.825932+00:00
ff133,22,29,1475051873522659330,Ne bih ja bio ja kada ne bih primjetio da se ovom heštegu #NisamPrijavila uglavnom javljaju Srpkinje.,iznenađenje,2026-03-31T08:59:26.76827+00:00
ff133,22,30,1475958688636620800,"@[user] @[user] Autor i sam upada u logičku zamku jer i on #nisamprijavila posmatra kroz prizmu svojih anti-femnističkih stavova (feminizam izjednačava sa mizandrijom), te stoga ne bi ni trebao da uzima učešće u raspravi, jer, jelte, ima ima političke pozadine",Ne mogu da razumem,2026-03-31T08:59:52.437672+00:00
ff133,22,31,1475138800108150784,"Ненормалну снагу и успела да га одгурнем и ошамарим. Да, #NisamPrijavila, али сам рекла првом момку из обезбеђења. Мислим да је добио додатне батине, нисам сигурна, али је био избачен из локала. А моје сузе су кренуле тек када сам се смирила. Још једном, хвала ти тата на томе ❤️",radost,2026-03-31T09:00:17.914385+00:00
ff133,22,32,1476169396095791104,Sve dok o bezbednosti gradjana vode računa upravo ovakva gamad broj tvitova na #NisamPrijavila će samo da raste + na sve to dodamo one devojke koje su potpuno istraumirane i ne mogu da govore o tome na bilo koji način a sigurna sam da nas je mnogo,bes,2026-03-31T09:00:37.001564+00:00
ff133,22,33,1475092636084195332,"#NisamPrijavila jer sam bila izmanipulisana, zavisila sam od njegove 'ljubavi' ubeđena da bez njega ne mogu da živim, opravdavala ga i tako dalje",Ne mogu da razumem,2026-03-31T09:00:54.235553+00:00
ff133,22,34,1475432616845361158,#NisamPrijavila jer sam mislila da je u redu ako smo u vezi.,Ne mogu da razumem,2026-03-31T09:01:09.401101+00:00
ff133,22,35,1475096828064538630,"Davno me je uhvatio neki za vrat i nabio u zid pa sam ja kao jaka i sposobna njemu razbila nos, ali sad što više razmišljam vidim koliko je bilo da #NisamPrijavila jer nisam znala, jer i dalje učim šta je nasilje, mislila sam da to tako treba, ili da sam sama birala, zaslužila.",Ne mogu da razumem,2026-03-31T09:01:45.760537+00:00
ff133,22,36,1475166891207499777,Oko struka pokušao da me odvuče u haustor. Od tog sporta je tada bilo koristi i uz ogroman napor sam uspela da se odbranim i pobegnem. Drhtala sam kao prut. A poslednji put #NisamPrijavila ja već je to uradila moja sestra i zato joj hvala do neba. Moj je heroj zbog toga.,poverenje,2026-03-31T09:02:11.078078+00:00
ff133,22,37,1475075455183110145,"#NisamPrijavila jer bi ispalo da se dedina unuka žali. Deda mi je bio direktor škole, a #bullying sam najviše zbog toga doživljavala. Iako je deda otišao u penziju kada sam ja krenula u prvi razred. Osam godina sam se nosila sa tim, niko od odraslih nije primetio.",tuga,2026-03-31T09:02:33.309989+00:00
ff133,22,38,1476087252845481985,"#NisamPrijavila Jako je bitan izbor u životu.Nasilni partneri čine manje od 0,1 % našeg društva.Biraj mudro.",Emocionalno neutralno,2026-03-31T09:02:47.291958+00:00
ff133,22,39,1479703093495410689,"@[user] Mislim da nasilje ne treba da ima veze sa imenom i prezimenom žene koja je pretrpela ili trpi. #NisamPrijavila treba da oživi u svakom smislu jer ne bi počeli godinu sa ženom koja je nažalost ubijena i ženom koja je maltretirana.
Danas JK sutra TI,nasilniku ne treba povod.",Ne mogu da razumem,2026-03-31T09:03:21.411041+00:00
ff133,22,40,1475081694847938564,#NisamPrijavila jer je bilo moje prvo seksualno iskustvo i nisam znala šta znači pristanak. Nije me niko naučio,iznenađenje,2026-03-31T09:03:35.71197+00:00
ff133,22,41,1475173824979210241,"Čoveku koji jedino poseduje čekić sve liči na ekser. Često se tako i nasilje nad ženama analizira.

A odgovor je višeslojan:

Niz

1. kulturološki: #nisamprijavila daje uvid u indoktrinaciju žena da ćute i trpe

2. neposredno okruženje: kao posledica 1. ili iz drugih razloga…",Ne mogu da razumem,2026-03-31T09:03:59.812689+00:00
ff133,22,42,1475829910803472385,#NisamPrijavila jer mi je sama pomisao na taj niži oblik života toliko jeziva da ne želim da prolazim kroz nas takozvani pravosudni sistem,gađenje,2026-03-31T09:04:14.937116+00:00
ff133,22,43,1475516919595810819,"#NisamPrijavila Jedna zanimljiva stvar sa psihoterapije a na ovu temu je, žene se često pitaju:
 -Da li svaki nasilnik već na početku veze ili interakcije planira nasilje?
-Ne nužno, ali uvek želi i planira KONTROLU nad nama, a to jeste vid nasilja.",poverenje,2026-03-31T09:04:49.766858+00:00
ff133,22,44,1475388390191374340,"Zato podržavam sve žene koje su svoju intimu, njen najbolniji i najosetljiviji deo iznele raznolikoj pažnji javnosti kroz #NisamPrijavila .

To nije lako, u najmanju ruku.

To je ponovno preživljavanje, to je izloženost i rizik.

I zato ih takođe moramo podržati. I sada i uvek ✊",poverenje,2026-03-31T09:05:23.849463+00:00
ff133,22,45,1476342995456868354,"Ko je sudija iz koji je pustio smeće iz zatvora?
Ko je inspekor iz koji je pustio smeće iz zatvora?
Ko je tužilac i zašto smećetu nije produžen pritvor?
Ko su pripadnici mup-a koji su trebali da štite ove nesrećne žene? 
TI ljudi su srž našeg problema!
Jebite se!
#nisamprijavila",bes,2026-03-31T09:05:42.485244+00:00
ff133,22,46,1475907493683470341,Mučno je kad pročitaš sva svjedočanstva pod #NisamPrijavila i u nekima pronađeš sebe. Pa osvijestiš neke stvari.,gađenje,2026-03-31T09:05:54.771114+00:00
ff133,22,47,1475507200265175042,"Ove godine definitivno najvažniji hašteg je #NisamPrijavila i samo da znate, niste same, divim(o) vam se jer ste odlučile da podelite to sa svima... Time ste ohrabrile druge žene da se spasu ⬇️",poverenje,2026-03-31T09:06:13.808239+00:00
ff133,22,48,1475571676222050304,kolika je u stvari sramota za naš narod to što svaka druga djevojka/žena u svom tvitu #NisamPrijavila piše kako je jedan od razloga što nije prijavila to što joj niko ne bi vjerovao,gađenje,2026-03-31T09:06:31.752722+00:00
ff133,22,49,1475139429232742412,"Brate mili, koji je ovo horor od ovih #NisamPrijavila tvitova. Jadne ove naše majke, sestre, ćerke, drugarice.
Kakvi užasi...
Ne dao bog nikom",bes,2026-03-31T09:06:42.433706+00:00
ff134,22,0,1475994287460569088,"da stanemo na stanicu dok otkuca poruku), nisam prijavila koliko sam bezala u sred bela dana dok su me ljudi gledali, a on izasao iz auta i krenuo za mnom. Prijavila sam taksi udruzenju koje nije ni odreagovalo, niti me pozvalo posle. #NisamPrijavila da se bojim taksija od tada.",strah,2026-03-31T08:44:28.851214+00:00
ff134,22,1,1475127981916016641,"#NisamPrijavila
drugarica je prijavila oca koji je majku tukao godinama, a tog dana, kada se konačno osmelila da pokuša da joj pomogne, nju je davio, držeći je pritisnutu kolenom na grudima... došli su da mu kažu ""nemojte to više raditi"", a njih dve godinama živele po tuđim...",gađenje,2026-03-31T08:44:31.639305+00:00
ff134,22,2,1475082856909217795,"#nisamprijavila Toliko potresnih tvitova danas pročitah, te žene nisu ni svesne koliko su zapravo hrabre. Ježim se, a istovremeno sam i besna. Besna na svet prepun monstruma i na sve one koji će prvo osuditi žrtvu, a tražiti izgovore za te monstrume.",bes,2026-03-31T08:45:35.720761+00:00
ff134,22,3,1475396291635077120,"15K tvitova #NisamPrijavila , juče i prvi spejs na tu temu. 

Tviter - vaše pravo da znate o čemu Srbija i njene institucije ćute decenijma.",Emocionalno neutralno,2026-03-31T08:45:58.434113+00:00
ff134,22,4,1475430510809726978,"Užasnuta sam brojem žena koji se oglasili #nisamPrijavila? A tek koje nisu? Pa ko su ti nasilnici oko nas? Naši očevi, braća, prijatelji, stričevi... Ne, mi smo u kamenom dobu, trećeg nema?",gađenje,2026-03-31T08:46:31.290006+00:00
ff134,22,5,1475378075512803331,"#NisamPrijavila #NisamPrijavio 
Poznajem jako mnogo ljudi koji ćute ceo život. Gledao sam kako im se gorke suze slivaju niz lice jer još uvek nose tu bol u sebi. Slušao sam već odrasle ljude kako otvaraju svoju dušu, ali kasno.
Naučite vašu decu da ste im najbolji prijatelji.",tuga,2026-03-31T08:46:48.488223+00:00
ff134,22,6,1475234535650611210,Hteo sam da 🔃 sve #NisamPrijavila priče. Drago mi je što nisam ni približno uspeo. Drago mi je što je toliko ljudi odlučilo da prestane da ćuti.,radost,2026-03-31T08:47:04.5511+00:00
ff134,22,7,1475057349543043076,"Drugi put #NisamPrijavila jer sam se derealizovala od straha i nisam bila sigurna da li je ta ruka stvarno bila tamo gde mi se čini da jeste. Mnogo godina kasnije, uverila sam se da jeste, kad je jednom dobrom čoveku intuicija rekla da treba da stoji između mene i tog…",strah,2026-03-31T08:47:24.150395+00:00
ff134,22,8,1475422746721067017,Znala sam da trebam samo da citam #NisamPrijavila a ne odgovore jer mi se sere od ljudi koji se bukv POTRUDE da nadju bilo kakvo opravdanje za nasilje,bes,2026-03-31T08:47:52.384054+00:00
ff134,22,9,1475231368447672336,"tog dana mi se mozak prevrtao i nisam mogla išta da kažem, kako ja nju da utešim ili ohrabrim, mogla sam samo da je slušam
sad čitam #nisamprijavila nadajući se da je moja ""drugarica"" iz covid ambulante živa, zdrava i srećna",iščekivanje,2026-03-31T08:48:34.613147+00:00
ff134,22,10,1475437413728202757,"Silovanje psihe #NisamPrijavila, a  danima nisam spavala od pretnji bivšeg izvođača radova na F.gori .... jer žena, bez muške zaštite, 75km udaljena, koju je hteo da opelješi. 

Znam, nije uporedivo sa fizičkim nasiljem, al' utiče ...  :(",tuga,2026-03-31T08:49:24.582045+00:00
ff134,22,11,1475419342397644803,Od #NisamPrijavila krv mi se ledi u žilama...ljubav za sve 😔❤,tuga,2026-03-31T08:50:07.955209+00:00
ff134,22,12,1475788852954607632,#NisamPrijavila Подршка за све жене жртве насиља.,Emocionalno neutralno,2026-03-31T08:50:50.722077+00:00
ff134,22,13,1475107992215375874,"читајући туђе и присећајући се моје приче иза #NisamPrijavila , све што могу да кажем јесте да се плашим колико нас још има поред свих ових прича и твитова и инстаграм постова.
осећам се беспомоћно када се ставим у ваше коже и схватим како сам се ја осећала,",strah,2026-03-31T08:51:02.070207+00:00
ff134,22,14,1475125938027470851,#NisamPrijavila jer sam imala 15 godina i to mi je bila prva veza gde sam bila ubeđivanja da je to normalno i da to našu vezu čini jačom,gađenje,2026-03-31T08:51:33.158996+00:00
ff134,22,15,1475129848628711431,#NisamPrijavila jer me je bilo sramota što sam se našla u par situacija u neznanju i jer je druga strana bila uverena da je sve OK. Tek mnogo godina kasnije sam shvatila šta mi se u tih par navrata desilo. Bila me je sramota što sam bila glupa tako.,gađenje,2026-03-31T08:51:57.739385+00:00
ff134,22,16,1475121455738327044,"#NisamPrijavila pokret me natjerao da otvorim Twitter account jer se pronalazim u svakoj riječi, saosjećam sa svakom ženom/djevojkom i jer je ovo najbitniji momenat u 2021 koji mora da donese promjene.",radost,2026-03-31T08:52:27.106968+00:00
ff134,22,17,1475394038866001921,"са овим #NisamPrijavila се не постиже ништа, осим што ће девојке овде да олакшају душу. 
чак мислим и да је погрешно јер ће многе доживети то као да је сасвим нормално да не пријаве. није нормално.

боље направите неки нпр. #PrijaviNaVreme и охрабрујте девојке да пријављују.",poverenje,2026-03-31T08:53:31.19155+00:00
ff134,22,18,1475411302256463875,"#NisamPrijavila je razotkrila ogroman društveni problem i država bi morala da skoči na noge: 
slušanje žrtava u Skupštini; spec. sednica Vlade, preispitivanje slučajeva među tužiteljima, u Policiji unutrašnje kontrole, u školama tematski časovi, Zaštitnik građana grmi...
Ali.",Ne mogu da razumem,2026-03-31T08:53:51.363709+00:00
ff134,22,19,1475558708423929860,#NisamPrijavila jer sam imala 10 godina i naterala sam sebe da zaboravim na to.,gađenje,2026-03-31T08:54:02.957601+00:00
ff134,22,20,1475521468016603139,"Plaćamo policiju i državnu administraciju da rade svoj posao, da bismo mi mogli da radimo svoje poslove.
I to onda moramo umesto njih.
Čemu služe onda???
#NisamPrijavila",bes,2026-03-31T08:54:17.578331+00:00
ff134,22,21,1475093280354353154,"ovo je prvi put posle skoro 10 godina da me nije strah da ispričam i da se zaista ne osećam kao krivac, već kao pobednik. #nisamprijavila",poverenje,2026-03-31T08:54:28.423683+00:00
ff134,22,22,1475157481420726277,"само желим да пружим подршку свим девојкама које су испричале своје приче, а и онима које нису. Нисте саме. ❤️ #nisamprijavila",radost,2026-03-31T08:54:48.383216+00:00
ff134,22,23,1475030650365304832,"#NisamPrijavila
Poruka za sve devojke i žene.
Neka vam ovo bude primer da ne budete slabici. 
Učite na tuđim greškama i slabostima.
Bori se, nemoj ćutati!",radost,2026-03-31T08:54:57.853899+00:00
ff134,22,24,1475883429233410050,"@[user] @[user] cijeli je trend o ženama koje nisu prijavile. da se radi o prijavljenim slučajevima, naravno da bi se slagala, sve dok ne dođemo na npr. presudu Hr suda gdje je olakotna okolnost bila što čovjek ""nije prihvatio odbijanje""

ali druga tema od #NisamPrijavila",bes,2026-03-31T08:55:31.351623+00:00
ff134,22,25,1480249991239188487,"@[user] Feministkinje koje su se cule u #nisamprijavila,vjerovatno su bile tu i pljeskale ushiceno jer su muslimanke same to trazile #hypocrisy",Ne mogu da razumem,2026-03-31T08:55:48.181538+00:00
ff134,22,26,1475520635766030351,"#NisamPrijavila 
Imala sam 7-8 godina i bila sam sama kod kuce, kada je dosao komsija koji je bio mnogo puta ranije kod nas i uzeo me u krilo kao mnogo puta ranije, samo sto me je tog puta detaljno ispipkao po celom telu, mislim da je to pipkanje trajalo pola sata... ⬇️",gađenje,2026-03-31T08:56:07.544463+00:00
ff134,22,27,1475537193502490627,"#nisamprijavila im se može i da je to normalno a devojčice da ih niko neće zaštititi i da su same krive jer da nisu x,y,z, onda ih ne bi dirali.",bes,2026-03-31T08:56:30.47781+00:00
ff134,22,28,1475816778987098120,@[user] @[user] Ne svidja vam se pa udrite po njoj a sa druge strane propagandu #NisamPrijavila branite nek ispadne da su muskarci zlo. Da ne pricam sta radite @[user] nju otprilike treba razapeti na terazijama jer se usprotivila propagandi  #nisamPrijavila #nisisama,bes,2026-03-31T08:56:45.148465+00:00
ff134,22,29,1475051873522659330,Ne bih ja bio ja kada ne bih primjetio da se ovom heštegu #NisamPrijavila uglavnom javljaju Srpkinje.,Ne mogu da razumem,2026-03-31T08:56:59.720252+00:00
ff134,22,30,1475958688636620800,"@[user] @[user] Autor i sam upada u logičku zamku jer i on #nisamprijavila posmatra kroz prizmu svojih anti-femnističkih stavova (feminizam izjednačava sa mizandrijom), te stoga ne bi ni trebao da uzima učešće u raspravi, jer, jelte, ima ima političke pozadine",bes,2026-03-31T08:57:30.474312+00:00
ff134,22,31,1475138800108150784,"Ненормалну снагу и успела да га одгурнем и ошамарим. Да, #NisamPrijavila, али сам рекла првом момку из обезбеђења. Мислим да је добио додатне батине, нисам сигурна, али је био избачен из локала. А моје сузе су кренуле тек када сам се смирила. Још једном, хвала ти тата на томе ❤️",poverenje,2026-03-31T08:57:45.987451+00:00
ff134,22,32,1476169396095791104,Sve dok o bezbednosti gradjana vode računa upravo ovakva gamad broj tvitova na #NisamPrijavila će samo da raste + na sve to dodamo one devojke koje su potpuno istraumirane i ne mogu da govore o tome na bilo koji način a sigurna sam da nas je mnogo,bes,2026-03-31T08:58:06.701599+00:00
ff134,22,33,1475092636084195332,"#NisamPrijavila jer sam bila izmanipulisana, zavisila sam od njegove 'ljubavi' ubeđena da bez njega ne mogu da živim, opravdavala ga i tako dalje",tuga,2026-03-31T08:58:24.463542+00:00
ff134,22,34,1475432616845361158,#NisamPrijavila jer sam mislila da je u redu ako smo u vezi.,gađenje,2026-03-31T08:58:35.604401+00:00
ff134,22,35,1475096828064538630,"Davno me je uhvatio neki za vrat i nabio u zid pa sam ja kao jaka i sposobna njemu razbila nos, ali sad što više razmišljam vidim koliko je bilo da #NisamPrijavila jer nisam znala, jer i dalje učim šta je nasilje, mislila sam da to tako treba, ili da sam sama birala, zaslužila.",bes,2026-03-31T08:58:52.54061+00:00
ff134,22,36,1475166891207499777,Oko struka pokušao da me odvuče u haustor. Od tog sporta je tada bilo koristi i uz ogroman napor sam uspela da se odbranim i pobegnem. Drhtala sam kao prut. A poslednji put #NisamPrijavila ja već je to uradila moja sestra i zato joj hvala do neba. Moj je heroj zbog toga.,strah,2026-03-31T08:59:09.188009+00:00
ff134,22,37,1475075455183110145,"#NisamPrijavila jer bi ispalo da se dedina unuka žali. Deda mi je bio direktor škole, a #bullying sam najviše zbog toga doživljavala. Iako je deda otišao u penziju kada sam ja krenula u prvi razred. Osam godina sam se nosila sa tim, niko od odraslih nije primetio.",tuga,2026-03-31T08:59:23.701009+00:00
ff134,22,38,1476087252845481985,"#NisamPrijavila Jako je bitan izbor u životu.Nasilni partneri čine manje od 0,1 % našeg društva.Biraj mudro.",Ne mogu da razumem,2026-03-31T08:59:38.460731+00:00
ff134,22,39,1479703093495410689,"@[user] Mislim da nasilje ne treba da ima veze sa imenom i prezimenom žene koja je pretrpela ili trpi. #NisamPrijavila treba da oživi u svakom smislu jer ne bi počeli godinu sa ženom koja je nažalost ubijena i ženom koja je maltretirana.
Danas JK sutra TI,nasilniku ne treba povod.",radost,2026-03-31T09:00:06.203641+00:00
ff134,22,40,1475081694847938564,#NisamPrijavila jer je bilo moje prvo seksualno iskustvo i nisam znala šta znači pristanak. Nije me niko naučio,tuga,2026-03-31T09:00:22.464124+00:00
ff134,22,41,1475173824979210241,"Čoveku koji jedino poseduje čekić sve liči na ekser. Često se tako i nasilje nad ženama analizira.

A odgovor je višeslojan:

Niz

1. kulturološki: #nisamprijavila daje uvid u indoktrinaciju žena da ćute i trpe

2. neposredno okruženje: kao posledica 1. ili iz drugih razloga…",Ne mogu da razumem,2026-03-31T09:01:26.107275+00:00
ff134,22,42,1475829910803472385,#NisamPrijavila jer mi je sama pomisao na taj niži oblik života toliko jeziva da ne želim da prolazim kroz nas takozvani pravosudni sistem,strah,2026-03-31T09:01:39.042789+00:00
ff134,22,43,1475516919595810819,"#NisamPrijavila Jedna zanimljiva stvar sa psihoterapije a na ovu temu je, žene se često pitaju:
 -Da li svaki nasilnik već na početku veze ili interakcije planira nasilje?
-Ne nužno, ali uvek želi i planira KONTROLU nad nama, a to jeste vid nasilja.",bes,2026-03-31T09:01:54.101619+00:00
ff134,22,44,1475388390191374340,"Zato podržavam sve žene koje su svoju intimu, njen najbolniji i najosetljiviji deo iznele raznolikoj pažnji javnosti kroz #NisamPrijavila .

To nije lako, u najmanju ruku.

To je ponovno preživljavanje, to je izloženost i rizik.

I zato ih takođe moramo podržati. I sada i uvek ✊",poverenje,2026-03-31T09:02:06.639277+00:00
ff134,22,45,1476342995456868354,"Ko je sudija iz koji je pustio smeće iz zatvora?
Ko je inspekor iz koji je pustio smeće iz zatvora?
Ko je tužilac i zašto smećetu nije produžen pritvor?
Ko su pripadnici mup-a koji su trebali da štite ove nesrećne žene? 
TI ljudi su srž našeg problema!
Jebite se!
#nisamprijavila",bes,2026-03-31T09:02:16.852213+00:00
ff134,22,46,1475907493683470341,Mučno je kad pročitaš sva svjedočanstva pod #NisamPrijavila i u nekima pronađeš sebe. Pa osvijestiš neke stvari.,tuga,2026-03-31T09:02:28.600437+00:00
ff134,22,47,1475507200265175042,"Ove godine definitivno najvažniji hašteg je #NisamPrijavila i samo da znate, niste same, divim(o) vam se jer ste odlučile da podelite to sa svima... Time ste ohrabrile druge žene da se spasu ⬇️",poverenje,2026-03-31T09:02:36.746693+00:00
ff134,22,48,1475571676222050304,kolika je u stvari sramota za naš narod to što svaka druga djevojka/žena u svom tvitu #NisamPrijavila piše kako je jedan od razloga što nije prijavila to što joj niko ne bi vjerovao,bes,2026-03-31T09:02:54.594244+00:00
ff134,22,49,1475139429232742412,"Brate mili, koji je ovo horor od ovih #NisamPrijavila tvitova. Jadne ove naše majke, sestre, ćerke, drugarice.
Kakvi užasi...
Ne dao bog nikom",tuga,2026-03-31T09:03:02.240422+00:00
ff135,22,0,1475994287460569088,"da stanemo na stanicu dok otkuca poruku), nisam prijavila koliko sam bezala u sred bela dana dok su me ljudi gledali, a on izasao iz auta i krenuo za mnom. Prijavila sam taksi udruzenju koje nije ni odreagovalo, niti me pozvalo posle. #NisamPrijavila da se bojim taksija od tada.",bes,2026-03-31T08:44:09.572382+00:00
ff135,22,1,1475127981916016641,"#NisamPrijavila
drugarica je prijavila oca koji je majku tukao godinama, a tog dana, kada se konačno osmelila da pokuša da joj pomogne, nju je davio, držeći je pritisnutu kolenom na grudima... došli su da mu kažu ""nemojte to više raditi"", a njih dve godinama živele po tuđim...",gađenje,2026-03-31T08:44:26.407922+00:00
ff135,22,2,1475082856909217795,"#nisamprijavila Toliko potresnih tvitova danas pročitah, te žene nisu ni svesne koliko su zapravo hrabre. Ježim se, a istovremeno sam i besna. Besna na svet prepun monstruma i na sve one koji će prvo osuditi žrtvu, a tražiti izgovore za te monstrume.",poverenje,2026-03-31T08:44:40.633632+00:00
ff135,22,3,1475396291635077120,"15K tvitova #NisamPrijavila , juče i prvi spejs na tu temu. 

Tviter - vaše pravo da znate o čemu Srbija i njene institucije ćute decenijma.",poverenje,2026-03-31T08:44:58.14497+00:00
ff135,22,4,1475430510809726978,"Užasnuta sam brojem žena koji se oglasili #nisamPrijavila? A tek koje nisu? Pa ko su ti nasilnici oko nas? Naši očevi, braća, prijatelji, stričevi... Ne, mi smo u kamenom dobu, trećeg nema?",poverenje,2026-03-31T08:45:10.66945+00:00
ff135,22,5,1475378075512803331,"#NisamPrijavila #NisamPrijavio 
Poznajem jako mnogo ljudi koji ćute ceo život. Gledao sam kako im se gorke suze slivaju niz lice jer još uvek nose tu bol u sebi. Slušao sam već odrasle ljude kako otvaraju svoju dušu, ali kasno.
Naučite vašu decu da ste im najbolji prijatelji.",tuga,2026-03-31T08:45:20.116915+00:00
ff135,22,6,1475234535650611210,Hteo sam da 🔃 sve #NisamPrijavila priče. Drago mi je što nisam ni približno uspeo. Drago mi je što je toliko ljudi odlučilo da prestane da ćuti.,radost,2026-03-31T08:45:33.253966+00:00
ff135,22,7,1475057349543043076,"Drugi put #NisamPrijavila jer sam se derealizovala od straha i nisam bila sigurna da li je ta ruka stvarno bila tamo gde mi se čini da jeste. Mnogo godina kasnije, uverila sam se da jeste, kad je jednom dobrom čoveku intuicija rekla da treba da stoji između mene i tog…",Ne mogu da razumem,2026-03-31T08:45:54.183077+00:00
ff135,22,8,1475422746721067017,Znala sam da trebam samo da citam #NisamPrijavila a ne odgovore jer mi se sere od ljudi koji se bukv POTRUDE da nadju bilo kakvo opravdanje za nasilje,gađenje,2026-03-31T08:46:09.026551+00:00
ff135,22,9,1475231368447672336,"tog dana mi se mozak prevrtao i nisam mogla išta da kažem, kako ja nju da utešim ili ohrabrim, mogla sam samo da je slušam
sad čitam #nisamprijavila nadajući se da je moja ""drugarica"" iz covid ambulante živa, zdrava i srećna",tuga,2026-03-31T08:46:21.815094+00:00
ff135,22,10,1475437413728202757,"Silovanje psihe #NisamPrijavila, a  danima nisam spavala od pretnji bivšeg izvođača radova na F.gori .... jer žena, bez muške zaštite, 75km udaljena, koju je hteo da opelješi. 

Znam, nije uporedivo sa fizičkim nasiljem, al' utiče ...  :(",Emocionalno neutralno,2026-03-31T08:46:41.79088+00:00
ff135,22,11,1475419342397644803,Od #NisamPrijavila krv mi se ledi u žilama...ljubav za sve 😔❤,Ne mogu da razumem,2026-03-31T08:46:51.587189+00:00
ff135,22,12,1475788852954607632,#NisamPrijavila Подршка за све жене жртве насиља.,radost,2026-03-31T08:46:57.389215+00:00
ff135,22,13,1475107992215375874,"читајући туђе и присећајући се моје приче иза #NisamPrijavila , све што могу да кажем јесте да се плашим колико нас још има поред свих ових прича и твитова и инстаграм постова.
осећам се беспомоћно када се ставим у ваше коже и схватим како сам се ја осећала,",poverenje,2026-03-31T08:47:14.851901+00:00
ff135,22,14,1475125938027470851,#NisamPrijavila jer sam imala 15 godina i to mi je bila prva veza gde sam bila ubeđivanja da je to normalno i da to našu vezu čini jačom,gađenje,2026-03-31T08:47:24.481155+00:00
ff135,22,15,1475129848628711431,#NisamPrijavila jer me je bilo sramota što sam se našla u par situacija u neznanju i jer je druga strana bila uverena da je sve OK. Tek mnogo godina kasnije sam shvatila šta mi se u tih par navrata desilo. Bila me je sramota što sam bila glupa tako.,gađenje,2026-03-31T08:47:38.491366+00:00
ff135,22,16,1475121455738327044,"#NisamPrijavila pokret me natjerao da otvorim Twitter account jer se pronalazim u svakoj riječi, saosjećam sa svakom ženom/djevojkom i jer je ovo najbitniji momenat u 2021 koji mora da donese promjene.",radost,2026-03-31T08:47:47.78401+00:00
ff135,22,17,1475394038866001921,"са овим #NisamPrijavila се не постиже ништа, осим што ће девојке овде да олакшају душу. 
чак мислим и да је погрешно јер ће многе доживети то као да је сасвим нормално да не пријаве. није нормално.

боље направите неки нпр. #PrijaviNaVreme и охрабрујте девојке да пријављују.",poverenje,2026-03-31T08:48:11.986111+00:00
ff135,22,18,1475411302256463875,"#NisamPrijavila je razotkrila ogroman društveni problem i država bi morala da skoči na noge: 
slušanje žrtava u Skupštini; spec. sednica Vlade, preispitivanje slučajeva među tužiteljima, u Policiji unutrašnje kontrole, u školama tematski časovi, Zaštitnik građana grmi...
Ali.",gađenje,2026-03-31T08:48:22.128408+00:00
ff135,22,19,1475558708423929860,#NisamPrijavila jer sam imala 10 godina i naterala sam sebe da zaboravim na to.,tuga,2026-03-31T08:48:25.798126+00:00
ff135,22,20,1475521468016603139,"Plaćamo policiju i državnu administraciju da rade svoj posao, da bismo mi mogli da radimo svoje poslove.
I to onda moramo umesto njih.
Čemu služe onda???
#NisamPrijavila",gađenje,2026-03-31T08:48:29.591339+00:00
ff135,22,21,1475093280354353154,"ovo je prvi put posle skoro 10 godina da me nije strah da ispričam i da se zaista ne osećam kao krivac, već kao pobednik. #nisamprijavila",radost,2026-03-31T08:48:36.519119+00:00
ff135,22,22,1475157481420726277,"само желим да пружим подршку свим девојкама које су испричале своје приче, а и онима које нису. Нисте саме. ❤️ #nisamprijavila",radost,2026-03-31T08:48:40.702405+00:00
ff135,22,23,1475030650365304832,"#NisamPrijavila
Poruka za sve devojke i žene.
Neka vam ovo bude primer da ne budete slabici. 
Učite na tuđim greškama i slabostima.
Bori se, nemoj ćutati!",radost,2026-03-31T08:48:45.529566+00:00
ff135,22,24,1475883429233410050,"@[user] @[user] cijeli je trend o ženama koje nisu prijavile. da se radi o prijavljenim slučajevima, naravno da bi se slagala, sve dok ne dođemo na npr. presudu Hr suda gdje je olakotna okolnost bila što čovjek ""nije prihvatio odbijanje""

ali druga tema od #NisamPrijavila",Ne mogu da razumem,2026-03-31T08:49:02.360608+00:00
ff135,22,25,1480249991239188487,"@[user] Feministkinje koje su se cule u #nisamprijavila,vjerovatno su bile tu i pljeskale ushiceno jer su muslimanke same to trazile #hypocrisy",gađenje,2026-03-31T08:49:11.014496+00:00
ff135,22,26,1475520635766030351,"#NisamPrijavila 
Imala sam 7-8 godina i bila sam sama kod kuce, kada je dosao komsija koji je bio mnogo puta ranije kod nas i uzeo me u krilo kao mnogo puta ranije, samo sto me je tog puta detaljno ispipkao po celom telu, mislim da je to pipkanje trajalo pola sata... ⬇️",gađenje,2026-03-31T08:49:23.481513+00:00
ff135,22,27,1475537193502490627,"#nisamprijavila im se može i da je to normalno a devojčice da ih niko neće zaštititi i da su same krive jer da nisu x,y,z, onda ih ne bi dirali.",gađenje,2026-03-31T08:49:33.150091+00:00
ff135,22,28,1475816778987098120,@[user] @[user] Ne svidja vam se pa udrite po njoj a sa druge strane propagandu #NisamPrijavila branite nek ispadne da su muskarci zlo. Da ne pricam sta radite @[user] nju otprilike treba razapeti na terazijama jer se usprotivila propagandi  #nisamPrijavila #nisisama,bes,2026-03-31T08:49:42.431309+00:00
ff135,22,29,1475051873522659330,Ne bih ja bio ja kada ne bih primjetio da se ovom heštegu #NisamPrijavila uglavnom javljaju Srpkinje.,bes,2026-03-31T08:49:55.996112+00:00
ff135,22,30,1475958688636620800,"@[user] @[user] Autor i sam upada u logičku zamku jer i on #nisamprijavila posmatra kroz prizmu svojih anti-femnističkih stavova (feminizam izjednačava sa mizandrijom), te stoga ne bi ni trebao da uzima učešće u raspravi, jer, jelte, ima ima političke pozadine",bes,2026-03-31T08:50:12.209115+00:00
ff135,22,31,1475138800108150784,"Ненормалну снагу и успела да га одгурнем и ошамарим. Да, #NisamPrijavila, али сам рекла првом момку из обезбеђења. Мислим да је добио додатне батине, нисам сигурна, али је био избачен из локала. А моје сузе су кренуле тек када сам се смирила. Још једном, хвала ти тата на томе ❤️",radost,2026-03-31T08:50:24.481365+00:00
ff135,22,32,1476169396095791104,Sve dok o bezbednosti gradjana vode računa upravo ovakva gamad broj tvitova na #NisamPrijavila će samo da raste + na sve to dodamo one devojke koje su potpuno istraumirane i ne mogu da govore o tome na bilo koji način a sigurna sam da nas je mnogo,poverenje,2026-03-31T08:50:39.40641+00:00
ff135,22,33,1475092636084195332,"#NisamPrijavila jer sam bila izmanipulisana, zavisila sam od njegove 'ljubavi' ubeđena da bez njega ne mogu da živim, opravdavala ga i tako dalje",bes,2026-03-31T08:50:47.406756+00:00
ff135,22,34,1475432616845361158,#NisamPrijavila jer sam mislila da je u redu ako smo u vezi.,bes,2026-03-31T08:50:53.663803+00:00
ff135,22,35,1475096828064538630,"Davno me je uhvatio neki za vrat i nabio u zid pa sam ja kao jaka i sposobna njemu razbila nos, ali sad što više razmišljam vidim koliko je bilo da #NisamPrijavila jer nisam znala, jer i dalje učim šta je nasilje, mislila sam da to tako treba, ili da sam sama birala, zaslužila.",iznenađenje,2026-03-31T08:51:07.95942+00:00
ff135,22,36,1475166891207499777,Oko struka pokušao da me odvuče u haustor. Od tog sporta je tada bilo koristi i uz ogroman napor sam uspela da se odbranim i pobegnem. Drhtala sam kao prut. A poslednji put #NisamPrijavila ja već je to uradila moja sestra i zato joj hvala do neba. Moj je heroj zbog toga.,radost,2026-03-31T08:51:24.700648+00:00
ff135,22,37,1475075455183110145,"#NisamPrijavila jer bi ispalo da se dedina unuka žali. Deda mi je bio direktor škole, a #bullying sam najviše zbog toga doživljavala. Iako je deda otišao u penziju kada sam ja krenula u prvi razred. Osam godina sam se nosila sa tim, niko od odraslih nije primetio.",bes,2026-03-31T08:51:36.166523+00:00
ff135,22,38,1476087252845481985,"#NisamPrijavila Jako je bitan izbor u životu.Nasilni partneri čine manje od 0,1 % našeg društva.Biraj mudro.",iznenađenje,2026-03-31T08:51:42.452105+00:00
ff135,22,39,1479703093495410689,"@[user] Mislim da nasilje ne treba da ima veze sa imenom i prezimenom žene koja je pretrpela ili trpi. #NisamPrijavila treba da oživi u svakom smislu jer ne bi počeli godinu sa ženom koja je nažalost ubijena i ženom koja je maltretirana.
Danas JK sutra TI,nasilniku ne treba povod.",poverenje,2026-03-31T08:51:52.910122+00:00
ff135,22,40,1475081694847938564,#NisamPrijavila jer je bilo moje prvo seksualno iskustvo i nisam znala šta znači pristanak. Nije me niko naučio,bes,2026-03-31T08:51:59.779508+00:00
ff135,22,41,1475173824979210241,"Čoveku koji jedino poseduje čekić sve liči na ekser. Često se tako i nasilje nad ženama analizira.

A odgovor je višeslojan:

Niz

1. kulturološki: #nisamprijavila daje uvid u indoktrinaciju žena da ćute i trpe

2. neposredno okruženje: kao posledica 1. ili iz drugih razloga…",Ne mogu da razumem,2026-03-31T08:52:13.283324+00:00
ff135,22,42,1475829910803472385,#NisamPrijavila jer mi je sama pomisao na taj niži oblik života toliko jeziva da ne želim da prolazim kroz nas takozvani pravosudni sistem,bes,2026-03-31T08:52:23.630821+00:00
ff135,22,43,1475516919595810819,"#NisamPrijavila Jedna zanimljiva stvar sa psihoterapije a na ovu temu je, žene se često pitaju:
 -Da li svaki nasilnik već na početku veze ili interakcije planira nasilje?
-Ne nužno, ali uvek želi i planira KONTROLU nad nama, a to jeste vid nasilja.",poverenje,2026-03-31T08:52:34.101131+00:00
ff135,22,44,1475388390191374340,"Zato podržavam sve žene koje su svoju intimu, njen najbolniji i najosetljiviji deo iznele raznolikoj pažnji javnosti kroz #NisamPrijavila .

To nije lako, u najmanju ruku.

To je ponovno preživljavanje, to je izloženost i rizik.

I zato ih takođe moramo podržati. I sada i uvek ✊",radost,2026-03-31T08:52:43.013693+00:00
ff135,22,45,1476342995456868354,"Ko je sudija iz koji je pustio smeće iz zatvora?
Ko je inspekor iz koji je pustio smeće iz zatvora?
Ko je tužilac i zašto smećetu nije produžen pritvor?
Ko su pripadnici mup-a koji su trebali da štite ove nesrećne žene? 
TI ljudi su srž našeg problema!
Jebite se!
#nisamprijavila",gađenje,2026-03-31T08:53:23.849534+00:00
ff135,22,46,1475907493683470341,Mučno je kad pročitaš sva svjedočanstva pod #NisamPrijavila i u nekima pronađeš sebe. Pa osvijestiš neke stvari.,tuga,2026-03-31T08:53:30.589451+00:00
ff135,22,47,1475507200265175042,"Ove godine definitivno najvažniji hašteg je #NisamPrijavila i samo da znate, niste same, divim(o) vam se jer ste odlučile da podelite to sa svima... Time ste ohrabrile druge žene da se spasu ⬇️",radost,2026-03-31T08:53:38.429164+00:00
ff135,22,48,1475571676222050304,kolika je u stvari sramota za naš narod to što svaka druga djevojka/žena u svom tvitu #NisamPrijavila piše kako je jedan od razloga što nije prijavila to što joj niko ne bi vjerovao,tuga,2026-03-31T08:53:51.5777+00:00
ff135,22,49,1475139429232742412,"Brate mili, koji je ovo horor od ovih #NisamPrijavila tvitova. Jadne ove naše majke, sestre, ćerke, drugarice.
Kakvi užasi...
Ne dao bog nikom",tuga,2026-03-31T08:54:00.387976+00:00
